pulled_at,season,week,kind,market,player_id,player,team,opp,game,commence,line,fair_over,best_over,best_under,n_books,mean,model_over,injury
2026-09-27T17:22:47+00:00,2026,3,prop,player_pass_yds,00-0036442,Joe Burrow,CIN,PIT,CIN @ PIT,2026-09-27T17:02:37Z,265.5,0.5,,,,,0.294,
2026-09-27T17:22:47+00:00,2026,3,prop,player_reception_yds,00-0036410,Tee Higgins,CIN,PIT,CIN @ PIT,2026-09-27T17:02:37Z,59.5,0.5,,,,,0.5161,
2026-09-27T17:22:47+00:00,2026,3,prop,player_reception_yds,00-0033526,Samaje Perine,CIN,PIT,CIN @ PIT,2026-09-27T17:02:37Z,9.5,0.5,,,,,0.5467,
2026-09-27T17:22:47+00:00,2026,3,prop,player_reception_yds,00-0035631,Drew Sample,CIN,PIT,CIN @ PIT,2026-09-27T17:02:37Z,4.5,0.5051,,,,,0.791,
2026-09-27T17:22:47+00:00,2026,3,prop,player_reception_yds,00-0034829,Mike Gesicki,CIN,PIT,CIN @ PIT,2026-09-27T17:02:37Z,21.5,0.491,,,,,0.6226,
2026-09-27T17:22:47+00:00,2026,3,prop,player_reception_yds,00-0038597,Chase Brown,CIN,PIT,CIN @ PIT,2026-09-27T17:02:37Z,23.5,0.5,,,,,0.4637,
2026-09-27T17:22:47+00:00,2026,3,prop,player_reception_yds,00-0036900,Ja'Marr Chase,CIN,PIT,CIN @ PIT,2026-09-27T17:02:37Z,81.5,0.5,,,,,0.371,
2026-09-27T17:22:47+00:00,2026,3,prop,player_rush_yds,00-0033526,Samaje Perine,CIN,PIT,CIN @ PIT,2026-09-27T17:02:37Z,16.5,0.5,,,,,0.5571,
2026-09-27T17:22:47+00:00,2026,3,prop,player_rush_yds,00-0038597,Chase Brown,CIN,PIT,CIN @ PIT,2026-09-27T17:02:37Z,64.5,0.5,,,,,0.5067,
2026-09-27T17:22:47+00:00,2026,3,prop,player_rush_yds,00-0036442,Joe Burrow,CIN,PIT,CIN @ PIT,2026-09-27T17:02:37Z,6.5,0.4899,,,,,0.3658,
2026-09-27T17:22:47+00:00,2026,3,prop,player_pass_tds,00-0036442,Joe Burrow,CIN,PIT,CIN @ PIT,2026-09-27T17:02:37Z,2.5,0.3989,,,,,0.2769,
2026-09-27T17:22:47+00:00,2026,3,prop,player_pass_tds,00-0023459,Aaron Rodgers,PIT,CIN,CIN @ PIT,2026-09-27T17:02:37Z,2.5,0.3242,,,,,0.1134,
2026-09-27T17:22:47+00:00,2026,3,prop,player_pass_yds,00-0023459,Aaron Rodgers,PIT,CIN,CIN @ PIT,2026-09-27T17:02:37Z,268.5,0.5,,,,,0.1918,
2026-09-27T17:22:47+00:00,2026,3,prop,player_reception_yds,00-0035640,DK Metcalf,PIT,CIN,CIN @ PIT,2026-09-27T17:02:37Z,44.5,0.4986,,,,,0.4193,
2026-09-27T17:22:47+00:00,2026,3,prop,player_reception_yds,00-0037228,Jaylen Warren,PIT,CIN,CIN @ PIT,2026-09-27T17:02:37Z,52.5,0.5015,,,,,0.1206,
2026-09-27T17:22:47+00:00,2026,3,prop,player_reception_yds,00-0036894,Pat Freiermuth,PIT,CIN,CIN @ PIT,2026-09-27T17:02:37Z,31.5,0.4899,,,,,0.6335,
2026-09-27T17:22:47+00:00,2026,3,prop,player_receptions,00-0036900,Ja'Marr Chase,CIN,PIT,CIN @ PIT,2026-09-27T17:02:37Z,8.5,0.5816,,,,,0.2437,
2026-09-27T17:22:47+00:00,2026,3,prop,player_receptions,00-0035640,DK Metcalf,PIT,CIN,CIN @ PIT,2026-09-27T17:02:37Z,3.5,0.5408,,,,,0.5144,
2026-09-27T17:22:47+00:00,2026,3,prop,player_receptions,00-0034829,Mike Gesicki,CIN,PIT,CIN @ PIT,2026-09-27T17:02:37Z,2.5,0.4587,,,,,0.5378,
2026-09-27T17:22:47+00:00,2026,3,prop,player_receptions,00-0036894,Pat Freiermuth,PIT,CIN,CIN @ PIT,2026-09-27T17:02:37Z,3.5,0.4592,,,,,0.5747,
2026-09-27T17:22:47+00:00,2026,3,prop,player_receptions,00-0037228,Jaylen Warren,PIT,CIN,CIN @ PIT,2026-09-27T17:02:37Z,4.5,0.5203,,,,,0.2329,
2026-09-27T17:22:47+00:00,2026,3,prop,player_receptions,00-0036410,Tee Higgins,CIN,PIT,CIN @ PIT,2026-09-27T17:02:37Z,4.5,0.5101,,,,,0.3853,
2026-09-27T17:22:47+00:00,2026,3,prop,player_rush_yds,00-0037228,Jaylen Warren,PIT,CIN,CIN @ PIT,2026-09-27T17:02:37Z,52.5,0.4899,,,,,0.4634,
2026-09-27T17:22:47+00:00,2026,3,prop,player_reception_yds,00-0036252,Michael Pittman,PIT,CIN,CIN @ PIT,2026-09-27T17:02:37Z,25.5,0.4899,,,,,0.5672,
2026-09-27T17:22:47+00:00,2026,3,prop,player_reception_yds,00-0038558,Darnell Washington,PIT,CIN,CIN @ PIT,2026-09-27T17:02:37Z,10.5,0.4899,,,,,0.8023,
2026-09-27T17:22:47+00:00,2026,3,prop,player_reception_yds,00-0039739,Roman Wilson,PIT,CIN,CIN @ PIT,2026-09-27T17:02:37Z,61.5,0.509,,,,,0.0519,
2026-09-27T17:22:47+00:00,2026,3,prop,player_receptions,00-0038558,Darnell Washington,PIT,CIN,CIN @ PIT,2026-09-27T17:02:37Z,1.5,0.4459,,,,,0.7739,
2026-09-27T17:22:47+00:00,2026,3,prop,player_receptions,00-0035631,Drew Sample,CIN,PIT,CIN @ PIT,2026-09-27T17:02:37Z,0.5,0.625,,,,,0.8526,
2026-09-27T17:22:47+00:00,2026,3,prop,player_receptions,00-0036252,Michael Pittman,PIT,CIN,CIN @ PIT,2026-09-27T17:02:37Z,2.5,0.5101,,,,,0.6329,
2026-09-27T17:22:47+00:00,2026,3,prop,player_rush_yds,00-0023459,Aaron Rodgers,PIT,CIN,CIN @ PIT,2026-09-27T17:02:37Z,0.5,0.4694,,,,,0.7362,
2026-09-27T17:22:47+00:00,2026,3,prop,player_pass_yds,00-0033873,Patrick Mahomes,KC,MIA,KC @ MIA,2026-09-27T17:02:38Z,245.5,0.5,,,,,0.4326,
2026-09-27T17:22:47+00:00,2026,3,prop,player_reception_yds,00-0038104,Tyquan Thornton,KC,MIA,KC @ MIA,2026-09-27T17:02:38Z,14.5,0.496,,,,,0.648,
2026-09-27T17:22:47+00:00,2026,3,prop,player_reception_yds,00-0039894,Xavier Worthy,KC,MIA,KC @ MIA,2026-09-27T17:02:38Z,30.5,0.503,,,,,0.4325,
2026-09-27T17:22:47+00:00,2026,3,prop,player_reception_yds,00-0039067,Rashee Rice,KC,MIA,KC @ MIA,2026-09-27T17:02:38Z,43.5,0.4993,,,,,0.6061,
2026-09-27T17:22:47+00:00,2026,3,prop,player_reception_yds,00-0038134,Kenneth Walker III,KC,MIA,KC @ MIA,2026-09-27T17:02:38Z,19.5,0.4948,,,,,0.5425,
2026-09-27T17:22:47+00:00,2026,3,prop,player_reception_yds,00-0030506,Travis Kelce,KC,MIA,KC @ MIA,2026-09-27T17:02:38Z,88.5,0.5,,,,,0.1873,
2026-09-27T17:22:47+00:00,2026,3,prop,player_rush_yds,00-0038134,Kenneth Walker III,KC,MIA,KC @ MIA,2026-09-27T17:02:38Z,81.5,0.5,,,,,0.4744,
2026-09-27T17:22:47+00:00,2026,3,prop,player_rush_yds,00-0033873,Patrick Mahomes,KC,MIA,KC @ MIA,2026-09-27T17:02:38Z,12.5,0.5,,,,,0.7589,
2026-09-27T17:22:47+00:00,2026,3,prop,player_pass_tds,00-0033873,Patrick Mahomes,KC,MIA,KC @ MIA,2026-09-27T17:02:38Z,1.5,0.51,,,,,0.4899,
2026-09-27T17:22:47+00:00,2026,3,prop,player_pass_tds,00-0038128,Malik Willis,MIA,KC,KC @ MIA,2026-09-27T17:02:38Z,0.5,0.6258,,,,,0.6034,
2026-09-27T17:22:47+00:00,2026,3,prop,player_pass_yds,00-0038128,Malik Willis,MIA,KC,KC @ MIA,2026-09-27T17:02:38Z,198.5,0.4971,,,,,0.2878,
2026-09-27T17:22:47+00:00,2026,3,prop,player_reception_yds,00-0037252,Greg Dulcich,MIA,KC,KC @ MIA,2026-09-27T17:02:38Z,20.5,0.5,,,,,0.698,
2026-09-27T17:22:47+00:00,2026,3,prop,player_reception_yds,00-0039040,De'Von Achane,MIA,KC,KC @ MIA,2026-09-27T17:02:38Z,24.5,0.4971,,,,,0.4499,
2026-09-27T17:22:47+00:00,2026,3,prop,player_reception_yds,00-0039880,Malik Washington,MIA,KC,KC @ MIA,2026-09-27T17:02:38Z,64.5,0.5,,,,,0.0388,
2026-09-27T17:22:47+00:00,2026,3,prop,player_receptions,00-0037252,Greg Dulcich,MIA,KC,KC @ MIA,2026-09-27T17:02:38Z,2.5,0.4255,,,,,0.5275,
2026-09-27T17:22:47+00:00,2026,3,prop,player_receptions,00-0039040,De'Von Achane,MIA,KC,KC @ MIA,2026-09-27T17:02:38Z,3.5,0.4762,,,,,0.4711,
2026-09-27T17:22:47+00:00,2026,3,prop,player_receptions,00-0039894,Xavier Worthy,KC,MIA,KC @ MIA,2026-09-27T17:02:38Z,2.5,0.6429,,,,,0.5714,
2026-09-27T17:22:47+00:00,2026,3,prop,player_receptions,00-0038134,Kenneth Walker III,KC,MIA,KC @ MIA,2026-09-27T17:02:38Z,2.5,0.5816,,,,,0.5746,
2026-09-27T17:22:47+00:00,2026,3,prop,player_receptions,00-0039067,Rashee Rice,KC,MIA,KC @ MIA,2026-09-27T17:02:38Z,4.5,0.5098,,,,,0.5594,
2026-09-27T17:22:47+00:00,2026,3,prop,player_receptions,00-0030506,Travis Kelce,KC,MIA,KC @ MIA,2026-09-27T17:02:38Z,4.5,0.569,,,,,0.5201,
2026-09-27T17:22:47+00:00,2026,3,prop,player_receptions,00-0039880,Malik Washington,MIA,KC,KC @ MIA,2026-09-27T17:02:38Z,4.5,0.5,,,,,0.1599,
2026-09-27T17:22:47+00:00,2026,3,prop,player_rush_yds,00-0039040,De'Von Achane,MIA,KC,KC @ MIA,2026-09-27T17:02:38Z,67.5,0.5028,,,,,0.4519,
2026-09-27T17:22:47+00:00,2026,3,prop,player_rush_yds,00-0038128,Malik Willis,MIA,KC,KC @ MIA,2026-09-27T17:02:38Z,31.5,0.5028,,,,,0.2838,
2026-09-27T17:22:47+00:00,2026,3,prop,player_pass_yds,00-0039851,Drake Maye,NE,JAX,NE @ JAX,2026-09-27T17:02:40Z,230.5,0.5,,,,,0.5455,
2026-09-27T17:22:47+00:00,2026,3,prop,player_reception_yds,00-0033555,Mack Hollins,NE,JAX,NE @ JAX,2026-09-27T17:02:40Z,51.5,0.503,,,,,0.255,
2026-09-27T17:22:47+00:00,2026,3,prop,player_reception_yds,00-0033090,Hunter Henry,NE,JAX,NE @ JAX,2026-09-27T17:02:40Z,37.5,0.5,,,,,0.4738,
2026-09-27T17:22:47+00:00,2026,3,prop,player_reception_yds,00-0036875,Rhamondre Stevenson,NE,JAX,NE @ JAX,2026-09-27T17:02:40Z,14.5,0.5076,,,,,0.6088,
2026-09-27T17:22:47+00:00,2026,3,prop,player_reception_yds,00-0040131,Kyle Williams,NE,JAX,NE @ JAX,2026-09-27T17:02:40Z,6.5,0.4939,,,,,0.4819,
2026-09-27T17:22:47+00:00,2026,3,prop,player_reception_yds,00-0040734,TreVeyon Henderson,NE,JAX,NE @ JAX,2026-09-27T17:02:40Z,8.5,0.5051,,,,,0.3912,
2026-09-27T17:22:47+00:00,2026,3,prop,player_reception_yds,00-0037816,Romeo Doubs,NE,JAX,NE @ JAX,2026-09-27T17:02:40Z,39.5,0.5024,,,,,0.4327,
2026-09-27T17:22:47+00:00,2026,3,prop,player_rush_yds,00-0036875,Rhamondre Stevenson,NE,JAX,NE @ JAX,2026-09-27T17:02:40Z,33.5,0.491,,,,,0.5102,
2026-09-27T17:22:47+00:00,2026,3,prop,player_rush_yds,00-0040734,TreVeyon Henderson,NE,JAX,NE @ JAX,2026-09-27T17:02:40Z,44.5,0.4964,,,,,0.4919,
2026-09-27T17:22:47+00:00,2026,3,prop,player_rush_yds,00-0039851,Drake Maye,NE,JAX,NE @ JAX,2026-09-27T17:02:40Z,23.5,0.4899,,,,,0.5122,
2026-09-27T17:22:47+00:00,2026,3,prop,player_pass_tds,00-0039851,Drake Maye,NE,JAX,NE @ JAX,2026-09-27T17:02:40Z,1.5,0.3647,,,,,0.3586,
2026-09-27T17:22:47+00:00,2026,3,prop,player_pass_tds,00-0036971,Trevor Lawrence,JAX,NE,NE @ JAX,2026-09-27T17:02:40Z,1.5,0.408,,,,,0.4408,
2026-09-27T17:22:47+00:00,2026,3,prop,player_pass_yds,00-0036971,Trevor Lawrence,JAX,NE,NE @ JAX,2026-09-27T17:02:40Z,216.5,0.5,,,,,0.548,
2026-09-27T17:22:47+00:00,2026,3,prop,player_reception_yds,00-0040719,Bhayshul Tuten,JAX,NE,NE @ JAX,2026-09-27T17:02:40Z,10.5,0.4534,,,,,0.215,
2026-09-27T17:22:47+00:00,2026,3,prop,player_reception_yds,00-0038606,Parker Washington,JAX,NE,NE @ JAX,2026-09-27T17:02:40Z,58.5,0.5014,,,,,0.4943,
2026-09-27T17:22:47+00:00,2026,3,prop,player_reception_yds,00-0034960,Jakobi Meyers,JAX,NE,NE @ JAX,2026-09-27T17:02:40Z,36.5,0.5,,,,,0.5245,
2026-09-27T17:22:47+00:00,2026,3,prop,player_reception_yds,00-0038935,Brenton Strange,JAX,NE,NE @ JAX,2026-09-27T17:02:40Z,34.5,0.4931,,,,,0.4341,
2026-09-27T17:22:47+00:00,2026,3,prop,player_receptions,00-0040719,Bhayshul Tuten,JAX,NE,NE @ JAX,2026-09-27T17:02:40Z,1.5,0.4459,,,,,0.2752,
2026-09-27T17:22:47+00:00,2026,3,prop,player_receptions,00-0038606,Parker Washington,JAX,NE,NE @ JAX,2026-09-27T17:02:40Z,4.5,0.4797,,,,,0.4275,
2026-09-27T17:22:47+00:00,2026,3,prop,player_receptions,00-0038935,Brenton Strange,JAX,NE,NE @ JAX,2026-09-27T17:02:40Z,4.5,0.5203,,,,,0.213,
2026-09-27T17:22:47+00:00,2026,3,prop,player_receptions,00-0033555,Mack Hollins,NE,JAX,NE @ JAX,2026-09-27T17:02:40Z,3.5,0.5101,,,,,0.4456,
2026-09-27T17:22:47+00:00,2026,3,prop,player_receptions,00-0033090,Hunter Henry,NE,JAX,NE @ JAX,2026-09-27T17:02:40Z,3.5,0.5203,,,,,0.4452,
2026-09-27T17:22:47+00:00,2026,3,prop,player_receptions,00-0040734,TreVeyon Henderson,NE,JAX,NE @ JAX,2026-09-27T17:02:40Z,1.5,0.5074,,,,,0.3752,
2026-09-27T17:22:47+00:00,2026,3,prop,player_receptions,00-0037816,Romeo Doubs,NE,JAX,NE @ JAX,2026-09-27T17:02:40Z,2.5,0.5408,,,,,0.5053,
2026-09-27T17:22:47+00:00,2026,3,prop,player_receptions,00-0034960,Jakobi Meyers,JAX,NE,NE @ JAX,2026-09-27T17:02:40Z,3.5,0.5721,,,,,0.4553,
2026-09-27T17:22:47+00:00,2026,3,prop,player_rush_yds,00-0040719,Bhayshul Tuten,JAX,NE,NE @ JAX,2026-09-27T17:02:40Z,53.5,0.4899,,,,,0.1364,
2026-09-27T17:22:47+00:00,2026,3,prop,player_rush_yds,00-0036971,Trevor Lawrence,JAX,NE,NE @ JAX,2026-09-27T17:02:40Z,21.5,0.5014,,,,,0.2844,
2026-09-27T17:22:47+00:00,2026,3,prop,player_reception_yds,00-0038621,DeMario Douglas,NE,JAX,NE @ JAX,2026-09-27T17:02:40Z,27.5,0.5,,,,,0.2936,
2026-09-27T17:22:47+00:00,2026,3,prop,player_reception_yds,00-0039893,Brian Thomas Jr.,JAX,NE,NE @ JAX,2026-09-27T17:02:40Z,28.5,0.509,,,,,0.7154,
2026-09-27T17:22:47+00:00,2026,3,prop,player_rush_yds,00-0038611,Chris Rodriguez Jr.,JAX,NE,NE @ JAX,2026-09-27T17:02:40Z,16.5,0.5,,,,,0.773,
2026-09-27T17:22:47+00:00,2026,3,prop,player_receptions,00-0039893,Brian Thomas Jr.,JAX,NE,NE @ JAX,2026-09-27T17:02:40Z,2.5,0.375,,,,,0.5863,
2026-09-27T17:22:47+00:00,2026,3,prop,player_receptions,00-0038621,DeMario Douglas,NE,JAX,NE @ JAX,2026-09-27T17:02:40Z,2.5,0.5203,,,,,0.3628,
2026-09-27T17:22:47+00:00,2026,3,prop,player_receptions,00-0036875,Rhamondre Stevenson,NE,JAX,NE @ JAX,2026-09-27T17:02:40Z,3.5,0.4085,,,,,0.2636,
2026-09-27T17:22:47+00:00,2026,3,prop,player_pass_yds,00-0033106,Jared Goff,DET,NYJ,NYJ @ DET,2026-09-27T17:02:48Z,259.5,0.5,,,,,0.4438,
2026-09-27T17:22:47+00:00,2026,3,prop,player_reception_yds,00-0039065,Sam LaPorta,DET,NYJ,NYJ @ DET,2026-09-27T17:02:48Z,45.5,0.5,,,,,0.4288,
2026-09-27T17:22:47+00:00,2026,3,prop,player_reception_yds,00-0039139,Jahmyr Gibbs,DET,NYJ,NYJ @ DET,2026-09-27T17:02:48Z,36.5,0.4949,,,,,0.4106,
2026-09-27T17:22:47+00:00,2026,3,prop,player_reception_yds,00-0037240,Jameson Williams,DET,NYJ,NYJ @ DET,2026-09-27T17:02:48Z,64.5,0.4964,,,,,0.3004,
2026-09-27T17:22:47+00:00,2026,3,prop,player_reception_yds,00-0036963,Amon-Ra St. Brown,DET,NYJ,NYJ @ DET,2026-09-27T17:02:48Z,67.5,0.5014,,,,,0.5242,
2026-09-27T17:22:47+00:00,2026,3,prop,player_rush_yds,00-0033106,Jared Goff,DET,NYJ,NYJ @ DET,2026-09-27T17:02:48Z,0.5,0.3903,,,,,0.4983,
2026-09-27T17:22:47+00:00,2026,3,prop,player_rush_yds,00-0039139,Jahmyr Gibbs,DET,NYJ,NYJ @ DET,2026-09-27T17:02:48Z,78.5,0.5,,,,,0.3528,
2026-09-27T17:22:47+00:00,2026,3,prop,player_pass_tds,00-0033106,Jared Goff,DET,NYJ,NYJ @ DET,2026-09-27T17:02:48Z,1.5,0.5267,,,,,0.5476,
2026-09-27T17:22:47+00:00,2026,3,prop,player_pass_tds,00-0030565,Geno Smith,NYJ,DET,NYJ @ DET,2026-09-27T17:02:48Z,0.5,0.6772,,,,,0.7043,
2026-09-27T17:22:47+00:00,2026,3,prop,player_pass_yds,00-0030565,Geno Smith,NYJ,DET,NYJ @ DET,2026-09-27T17:02:48Z,209.5,0.5,,,,,0.4894,
2026-09-27T17:22:47+00:00,2026,3,prop,player_reception_yds,00-0040669,Isaac TeSlaa,DET,NYJ,NYJ @ DET,2026-09-27T17:02:48Z,12.5,0.4969,,,,,0.4945,
2026-09-27T17:22:47+00:00,2026,3,prop,player_reception_yds,00-0038120,Breece Hall,NYJ,DET,NYJ @ DET,2026-09-27T17:02:48Z,25.5,0.4971,,,,,0.3031,
2026-09-27T17:22:47+00:00,2026,3,prop,player_reception_yds,00-0037805,Jeremy Ruckert,NYJ,DET,NYJ @ DET,2026-09-27T17:02:48Z,20.5,0.5008,,,,,0.1765,
2026-09-27T17:22:47+00:00,2026,3,prop,player_reception_yds,00-0037740,Garrett Wilson,NYJ,DET,NYJ @ DET,2026-09-27T17:02:48Z,67.5,0.4899,,,,,0.2989,
2026-09-27T17:22:47+00:00,2026,3,prop,player_reception_yds,00-0039451,Isaiah Williams,NYJ,DET,NYJ @ DET,2026-09-27T17:02:48Z,24.5,0.5,,,,,0.3358,
2026-09-27T17:22:47+00:00,2026,3,prop,player_receptions,00-0038120,Breece Hall,NYJ,DET,NYJ @ DET,2026-09-27T17:02:48Z,3.5,0.4165,,,,,0.1935,
2026-09-27T17:22:47+00:00,2026,3,prop,player_receptions,00-0039139,Jahmyr Gibbs,DET,NYJ,NYJ @ DET,2026-09-27T17:02:48Z,4.5,0.5408,,,,,0.3322,
2026-09-27T17:22:47+00:00,2026,3,prop,player_receptions,00-0037740,Garrett Wilson,NYJ,DET,NYJ @ DET,2026-09-27T17:02:48Z,7.5,0.4808,,,,,0.1557,
2026-09-27T17:22:47+00:00,2026,3,prop,player_receptions,00-0039451,Isaiah Williams,NYJ,DET,NYJ @ DET,2026-09-27T17:02:48Z,2.5,0.4797,,,,,0.499,
2026-09-27T17:22:47+00:00,2026,3,prop,player_receptions,00-0039065,Sam LaPorta,DET,NYJ,NYJ @ DET,2026-09-27T17:02:48Z,4.5,0.5835,,,,,0.3748,
2026-09-27T17:22:47+00:00,2026,3,prop,player_receptions,00-0037240,Jameson Williams,DET,NYJ,NYJ @ DET,2026-09-27T17:02:48Z,5.5,0.4797,,,,,0.1439,
2026-09-27T17:22:47+00:00,2026,3,prop,player_receptions,00-0040669,Isaac TeSlaa,DET,NYJ,NYJ @ DET,2026-09-27T17:02:48Z,1.5,0.375,,,,,0.4095,
2026-09-27T17:22:47+00:00,2026,3,prop,player_receptions,00-0036963,Amon-Ra St. Brown,DET,NYJ,NYJ @ DET,2026-09-27T17:02:48Z,6.5,0.4279,,,,,0.4469,
2026-09-27T17:22:47+00:00,2026,3,prop,player_rush_yds,00-0038120,Breece Hall,NYJ,DET,NYJ @ DET,2026-09-27T17:02:48Z,49.5,0.5051,,,,,0.5585,
2026-09-27T17:22:47+00:00,2026,3,prop,player_rush_yds,00-0030565,Geno Smith,NYJ,DET,NYJ @ DET,2026-09-27T17:02:48Z,10.5,0.4648,,,,,0.2683,
2026-09-27T17:22:47+00:00,2026,3,prop,player_rush_yds,00-0039794,Braelon Allen,NYJ,DET,NYJ @ DET,2026-09-27T17:02:48Z,11.5,0.4955,,,,,0.6841,
2026-09-27T17:22:47+00:00,2026,3,prop,player_rush_yds,00-0039364,Sione Vaki,DET,NYJ,NYJ @ DET,2026-09-27T17:02:48Z,12.5,0.5,,,,,0.0791,
2026-09-27T17:22:47+00:00,2026,3,prop,player_reception_yds,00-0039794,Braelon Allen,NYJ,DET,NYJ @ DET,2026-09-27T17:02:48Z,0.5,0.4694,,,,,0.673,
2026-09-27T17:22:47+00:00,2026,3,prop,player_reception_yds,00-0039364,Sione Vaki,DET,NYJ,NYJ @ DET,2026-09-27T17:02:48Z,0.5,0.4899,,,,,0.6852,
2026-09-27T17:22:47+00:00,2026,3,prop,player_receptions,00-0039794,Braelon Allen,NYJ,DET,NYJ @ DET,2026-09-27T17:02:48Z,0.5,0.5101,,,,,0.5333,
2026-09-27T17:22:47+00:00,2026,3,prop,player_receptions,00-0037805,Jeremy Ruckert,NYJ,DET,NYJ @ DET,2026-09-27T17:02:48Z,2.5,0.625,,,,,0.3064,
2026-09-27T17:22:47+00:00,2026,3,prop,player_receptions,00-0039364,Sione Vaki,DET,NYJ,NYJ @ DET,2026-09-27T17:02:48Z,0.5,0.5408,,,,,0.4319,
2026-09-27T17:22:47+00:00,2026,3,prop,player_rush_yds,00-0039451,Isaiah Williams,NYJ,DET,NYJ @ DET,2026-09-27T17:02:48Z,0.5,0.1875,,,,,0.5753,
2026-09-27T17:22:47+00:00,2026,3,prop,player_reception_yds,00-0039915,Ladd McConkey,LAC,BUF,LAC @ BUF,2026-09-27T17:02:53Z,57.5,0.5,,,,,0.2752,
2026-09-27T17:22:47+00:00,2026,3,prop,player_reception_yds,00-0040189,Oronde Gadsden II,LAC,BUF,LAC @ BUF,2026-09-27T17:02:53Z,31.5,0.4988,,,,,0.3603,
2026-09-27T17:22:47+00:00,2026,3,prop,player_reception_yds,00-0038544,Quentin Johnston,LAC,BUF,LAC @ BUF,2026-09-27T17:02:53Z,30.5,0.5004,,,,,0.5004,
2026-09-27T17:22:47+00:00,2026,3,prop,player_reception_yds,00-0040727,Tre Harris,LAC,BUF,LAC @ BUF,2026-09-27T17:02:53Z,24.5,0.5026,,,,,0.4941,
2026-09-27T17:22:47+00:00,2026,3,prop,player_receptions,00-0039915,Ladd McConkey,LAC,BUF,LAC @ BUF,2026-09-27T17:02:53Z,4.5,0.4425,,,,,0.2955,
2026-09-27T17:22:47+00:00,2026,3,prop,player_receptions,00-0040189,Oronde Gadsden II,LAC,BUF,LAC @ BUF,2026-09-27T17:02:53Z,2.5,0.579,,,,,0.4592,
2026-09-27T17:22:47+00:00,2026,3,prop,player_receptions,00-0038544,Quentin Johnston,LAC,BUF,LAC @ BUF,2026-09-27T17:02:53Z,2.5,0.5126,,,,,0.5827,
2026-09-27T17:22:47+00:00,2026,3,prop,player_pass_yds,00-0036355,Justin Herbert,LAC,BUF,LAC @ BUF,2026-09-27T17:02:53Z,202.5,0.4986,,,,,0.4596,
2026-09-27T17:22:47+00:00,2026,3,prop,player_reception_yds,00-0040666,Omarion Hampton,LAC,BUF,LAC @ BUF,2026-09-27T17:02:53Z,10.5,0.4447,,,,,0.588,
2026-09-27T17:22:47+00:00,2026,3,prop,player_rush_yds,00-0036355,Justin Herbert,LAC,BUF,LAC @ BUF,2026-09-27T17:02:53Z,24.5,0.5,,,,,0.4346,
2026-09-27T17:22:47+00:00,2026,3,prop,player_rush_yds,00-0040666,Omarion Hampton,LAC,BUF,LAC @ BUF,2026-09-27T17:02:53Z,74.5,0.5,,,,,0.2775,
2026-09-27T17:22:47+00:00,2026,3,prop,player_rush_yds,00-0038454,Keaton Mitchell,LAC,BUF,LAC @ BUF,2026-09-27T17:02:53Z,15.5,0.5,,,,,0.5438,
2026-09-27T17:22:47+00:00,2026,3,prop,player_pass_tds,00-0036355,Justin Herbert,LAC,BUF,LAC @ BUF,2026-09-27T17:02:53Z,2.5,0.3346,,,,,0.1827,
2026-09-27T17:22:47+00:00,2026,3,prop,player_pass_tds,00-0034857,Josh Allen,BUF,LAC,LAC @ BUF,2026-09-27T17:02:53Z,1.5,0.5423,,,,,0.4429,
2026-09-27T17:22:47+00:00,2026,3,prop,player_pass_yds,00-0034857,Josh Allen,BUF,LAC,LAC @ BUF,2026-09-27T17:02:53Z,236.5,0.5,,,,,0.4007,
2026-09-27T17:22:47+00:00,2026,3,prop,player_reception_yds,00-0038933,Dalton Kincaid,BUF,LAC,LAC @ BUF,2026-09-27T17:02:53Z,55.5,0.4971,,,,,0.4144,
2026-09-27T17:22:47+00:00,2026,3,prop,player_reception_yds,00-0037261,Khalil Shakir,BUF,LAC,LAC @ BUF,2026-09-27T17:02:53Z,38.5,0.5,,,,,0.4583,
2026-09-27T17:22:47+00:00,2026,3,prop,player_reception_yds,00-0037248,James Cook,BUF,LAC,LAC @ BUF,2026-09-27T17:02:53Z,10.5,0.4899,,,,,0.3883,
2026-09-27T17:22:47+00:00,2026,3,prop,player_receptions,00-0040666,Omarion Hampton,LAC,BUF,LAC @ BUF,2026-09-27T17:02:53Z,1.5,0.4279,,,,,0.6055,
2026-09-27T17:22:47+00:00,2026,3,prop,player_receptions,00-0037248,James Cook,BUF,LAC,LAC @ BUF,2026-09-27T17:02:53Z,1.5,0.5633,,,,,0.4989,
2026-09-27T17:22:47+00:00,2026,3,prop,player_receptions,00-0037261,Khalil Shakir,BUF,LAC,LAC @ BUF,2026-09-27T17:02:53Z,3.5,0.5408,,,,,0.5792,
2026-09-27T17:22:47+00:00,2026,3,prop,player_receptions,00-0038933,Dalton Kincaid,BUF,LAC,LAC @ BUF,2026-09-27T17:02:53Z,3.5,0.6454,,,,,0.4614,
2026-09-27T17:22:47+00:00,2026,3,prop,player_rush_yds,00-0034857,Josh Allen,BUF,LAC,LAC @ BUF,2026-09-27T17:02:53Z,29.5,0.5051,,,,,0.5309,
2026-09-27T17:22:47+00:00,2026,3,prop,player_rush_yds,00-0037248,James Cook,BUF,LAC,LAC @ BUF,2026-09-27T17:02:53Z,70.5,0.4899,,,,,0.5107,
2026-09-27T17:22:47+00:00,2026,3,prop,player_reception_yds,00-0034827,DJ Moore,BUF,LAC,LAC @ BUF,2026-09-27T17:02:53Z,52.5,0.5,,,,,0.2535,
2026-09-27T17:22:47+00:00,2026,3,prop,player_reception_yds,00-0038454,Keaton Mitchell,LAC,BUF,LAC @ BUF,2026-09-27T17:02:53Z,1.5,0.4592,,,,,0.6568,
2026-09-27T17:22:47+00:00,2026,3,prop,player_receptions,00-0034827,DJ Moore,BUF,LAC,LAC @ BUF,2026-09-27T17:02:53Z,4.5,0.4797,,,,,0.1713,
2026-09-27T17:22:47+00:00,2026,3,prop,player_receptions,00-0038454,Keaton Mitchell,LAC,BUF,LAC @ BUF,2026-09-27T17:02:53Z,1.5,0.5,,,,,0.2515,
2026-09-27T17:22:47+00:00,2026,3,prop,player_receptions,00-0040727,Tre Harris,LAC,BUF,LAC @ BUF,2026-09-27T17:02:53Z,2.5,0.4007,,,,,0.4083,
2026-09-27T17:22:47+00:00,2026,3,prop,player_pass_yds,00-0040676,Cam Ward,TEN,NYG,TEN @ NYG,2026-09-27T17:02:56Z,163.5,0.5,,,,,0.521,
2026-09-27T17:22:47+00:00,2026,3,prop,player_reception_yds,00-0039032,Tyjae Spears,TEN,NYG,TEN @ NYG,2026-09-27T17:02:56Z,10.5,0.4899,,,,,0.6505,
2026-09-27T17:22:47+00:00,2026,3,prop,player_reception_yds,00-0040584,Gunnar Helm,TEN,NYG,TEN @ NYG,2026-09-27T17:02:56Z,19.5,0.502,,,,,0.4184,
2026-09-27T17:22:47+00:00,2026,3,prop,player_reception_yds,00-0040170,Elic Ayomanor,TEN,NYG,TEN @ NYG,2026-09-27T17:02:56Z,13.5,0.4899,,,,,0.8493,
2026-09-27T17:22:47+00:00,2026,3,prop,player_reception_yds,00-0038117,Wan'Dale Robinson,TEN,NYG,TEN @ NYG,2026-09-27T17:02:56Z,27.5,0.499,,,,,0.6399,
2026-09-27T17:22:47+00:00,2026,3,prop,player_reception_yds,00-0034837,Calvin Ridley,TEN,NYG,TEN @ NYG,2026-09-27T17:02:56Z,12.5,0.4899,,,,,0.7202,
2026-09-27T17:22:47+00:00,2026,3,prop,player_reception_yds,00-0035261,Tony Pollard,TEN,NYG,TEN @ NYG,2026-09-27T17:02:56Z,5.5,0.5101,,,,,0.4582,
2026-09-27T17:22:47+00:00,2026,3,prop,player_rush_yds,00-0039032,Tyjae Spears,TEN,NYG,TEN @ NYG,2026-09-27T17:02:56Z,13.5,0.5,,,,,0.646,
2026-09-27T17:22:47+00:00,2026,3,prop,player_rush_yds,00-0040676,Cam Ward,TEN,NYG,TEN @ NYG,2026-09-27T17:02:56Z,10.5,0.4914,,,,,0.444,
2026-09-27T17:22:47+00:00,2026,3,prop,player_pass_tds,00-0040676,Cam Ward,TEN,NYG,TEN @ NYG,2026-09-27T17:02:56Z,0.5,0.5788,,,,,0.6711,
2026-09-27T17:22:47+00:00,2026,3,prop,player_pass_tds,00-0031503,Jameis Winston,NYG,TEN,TEN @ NYG,2026-09-27T17:02:56Z,0.5,0.6622,,,,,0.3961,
2026-09-27T17:22:47+00:00,2026,3,prop,player_pass_yds,00-0031503,Jameis Winston,NYG,TEN,TEN @ NYG,2026-09-27T17:02:56Z,205.5,0.4971,,,,,0.2754,
2026-09-27T17:22:47+00:00,2026,3,prop,player_reception_yds,00-0040715,Cam Skattebo,NYG,TEN,TEN @ NYG,2026-09-27T17:02:56Z,36.5,0.4952,,,,,0.1186,
2026-09-27T17:22:47+00:00,2026,3,prop,player_reception_yds,00-0039337,Malik Nabers,NYG,TEN,TEN @ NYG,2026-09-27T17:02:56Z,44.5,0.4899,,,,,0.3594,
2026-09-27T17:22:47+00:00,2026,3,prop,player_reception_yds,00-0037838,Isaiah Likely,NYG,TEN,TEN @ NYG,2026-09-27T17:02:56Z,35.5,0.4986,,,,,0.3044,
2026-09-27T17:22:47+00:00,2026,3,prop,player_receptions,00-0035261,Tony Pollard,TEN,NYG,TEN @ NYG,2026-09-27T17:02:56Z,1.5,0.4,,,,,0.4677,
2026-09-27T17:22:47+00:00,2026,3,prop,player_receptions,00-0038117,Wan'Dale Robinson,TEN,NYG,TEN @ NYG,2026-09-27T17:02:56Z,3.5,0.4673,,,,,0.6165,
2026-09-27T17:22:47+00:00,2026,3,prop,player_receptions,00-0040715,Cam Skattebo,NYG,TEN,TEN @ NYG,2026-09-27T17:02:56Z,3.5,0.4255,,,,,0.185,
2026-09-27T17:22:47+00:00,2026,3,prop,player_receptions,00-0037838,Isaiah Likely,NYG,TEN,TEN @ NYG,2026-09-27T17:02:56Z,3.5,0.5,,,,,0.3481,
2026-09-27T17:22:47+00:00,2026,3,prop,player_receptions,00-0040584,Gunnar Helm,TEN,NYG,TEN @ NYG,2026-09-27T17:02:56Z,2.5,0.3909,,,,,0.5165,
2026-09-27T17:22:47+00:00,2026,3,prop,player_receptions,00-0039337,Malik Nabers,NYG,TEN,TEN @ NYG,2026-09-27T17:02:56Z,4.5,0.4673,,,,,0.2917,
2026-09-27T17:22:47+00:00,2026,3,prop,player_rush_yds,00-0040715,Cam Skattebo,NYG,TEN,TEN @ NYG,2026-09-27T17:02:56Z,61.5,0.5,,,,,0.3182,
2026-09-27T17:22:47+00:00,2026,3,prop,player_rush_yds,00-0035261,Tony Pollard,TEN,NYG,TEN @ NYG,2026-09-27T17:02:56Z,50.5,0.5,,,,,0.6139,
2026-09-27T17:22:47+00:00,2026,3,prop,player_reception_yds,00-0036893,Najee Harris,NYG,TEN,TEN @ NYG,2026-09-27T17:02:56Z,0.5,0.3909,,,,,0.6259,
2026-09-27T17:22:47+00:00,2026,3,prop,player_receptions,00-0034837,Calvin Ridley,TEN,NYG,TEN @ NYG,2026-09-27T17:02:56Z,1.5,0.4085,,,,,0.6548,
2026-09-27T17:22:47+00:00,2026,3,prop,player_receptions,00-0040170,Elic Ayomanor,TEN,NYG,TEN @ NYG,2026-09-27T17:02:56Z,1.5,0.4085,,,,,0.6637,
2026-09-27T17:22:47+00:00,2026,3,prop,player_receptions,00-0036893,Najee Harris,NYG,TEN,TEN @ NYG,2026-09-27T17:02:56Z,0.5,0.4367,,,,,0.5465,
2026-09-27T17:22:47+00:00,2026,3,prop,player_rush_yds,00-0031503,Jameis Winston,NYG,TEN,TEN @ NYG,2026-09-27T17:02:56Z,5.5,0.5101,,,,,0.3677,
2026-09-27T17:22:47+00:00,2026,3,prop,player_rush_yds,00-0036893,Najee Harris,NYG,TEN,TEN @ NYG,2026-09-27T17:02:56Z,18.5,0.4899,,,,,0.3513,
2026-09-27T17:22:47+00:00,2026,3,prop,player_reception_yds,00-0040466,Raheim Sanders,CLE,CAR,CAR @ CLE,2026-09-27T17:02:57Z,8.5,0.4951,,,,,0.4565,
2026-09-27T17:22:47+00:00,2026,3,prop,player_receptions,00-0040466,Raheim Sanders,CLE,CAR,CAR @ CLE,2026-09-27T17:02:57Z,1.5,0.5575,,,,,0.3896,
2026-09-27T17:22:47+00:00,2026,3,prop,player_rush_yds,00-0040466,Raheim Sanders,CLE,CAR,CAR @ CLE,2026-09-27T17:02:57Z,6.5,0.4899,,,,,0.6201,
2026-09-27T17:22:47+00:00,2026,3,prop,player_reception_yds,00-0040187,Mitchell Evans,CAR,CLE,CAR @ CLE,2026-09-27T17:02:57Z,4.5,0.5061,,,,,0.7364,
2026-09-27T17:22:47+00:00,2026,3,prop,player_reception_yds,00-0039491,Jalen Coker,CAR,CLE,CAR @ CLE,2026-09-27T17:02:57Z,47.5,0.4899,,,,,0.3964,
2026-09-27T17:22:47+00:00,2026,3,prop,player_reception_yds,00-0037005,Tommy Tremble,CAR,CLE,CAR @ CLE,2026-09-27T17:02:57Z,25.5,0.5071,,,,,0.1866,
2026-09-27T17:22:47+00:00,2026,3,prop,player_reception_yds,00-0036555,Chuba Hubbard,CAR,CLE,CAR @ CLE,2026-09-27T17:02:57Z,11.5,0.5101,,,,,0.4421,
2026-09-27T17:22:47+00:00,2026,3,prop,player_reception_yds,00-0031610,Darren Waller,CAR,CLE,CAR @ CLE,2026-09-27T17:02:57Z,16.5,0.5014,,,,,0.5925,
2026-09-27T17:22:47+00:00,2026,3,prop,player_reception_yds,00-0040124,Tetairoa McMillan,CAR,CLE,CAR @ CLE,2026-09-27T17:02:57Z,54.5,0.497,,,,,0.3942,
2026-09-27T17:22:47+00:00,2026,3,prop,player_rush_yds,00-0040784,Quinshon Judkins,CLE,CAR,CAR @ CLE,2026-09-27T17:02:57Z,61.5,0.4949,,,,,0.2738,
2026-09-27T17:22:47+00:00,2026,3,prop,player_pass_tds,00-0039150,Bryce Young,CAR,CLE,CAR @ CLE,2026-09-27T17:02:57Z,1.5,0.3301,,,,,0.4669,
2026-09-27T17:22:47+00:00,2026,3,prop,player_pass_yds,00-0039150,Bryce Young,CAR,CLE,CAR @ CLE,2026-09-27T17:02:57Z,224.5,0.4951,,,,,0.3577,
2026-09-27T17:22:47+00:00,2026,3,prop,player_reception_yds,00-0040784,Quinshon Judkins,CLE,CAR,CAR @ CLE,2026-09-27T17:02:57Z,10.5,0.4952,,,,,0.5124,
2026-09-27T17:22:47+00:00,2026,3,prop,player_reception_yds,00-0040663,Harold Fannin Jr.,CLE,CAR,CAR @ CLE,2026-09-27T17:02:57Z,34.5,0.4899,,,,,0.5345,
2026-09-27T17:22:47+00:00,2026,3,prop,player_receptions,00-0031610,Darren Waller,CAR,CLE,CAR @ CLE,2026-09-27T17:02:57Z,1.5,0.5408,,,,,0.6346,
2026-09-27T17:22:47+00:00,2026,3,prop,player_receptions,00-0039491,Jalen Coker,CAR,CLE,CAR @ CLE,2026-09-27T17:02:57Z,4.5,0.4085,,,,,0.3245,
2026-09-27T17:22:47+00:00,2026,3,prop,player_receptions,00-0040124,Tetairoa McMillan,CAR,CLE,CAR @ CLE,2026-09-27T17:02:57Z,4.5,0.6552,,,,,0.2213,
2026-09-27T17:22:47+00:00,2026,3,prop,player_receptions,00-0036555,Chuba Hubbard,CAR,CLE,CAR @ CLE,2026-09-27T17:02:57Z,2.5,0.3685,,,,,0.274,
2026-09-27T17:22:47+00:00,2026,3,prop,player_receptions,00-0040784,Quinshon Judkins,CLE,CAR,CAR @ CLE,2026-09-27T17:02:57Z,2.5,0.3909,,,,,0.4125,
2026-09-27T17:22:47+00:00,2026,3,prop,player_receptions,00-0040663,Harold Fannin Jr.,CLE,CAR,CAR @ CLE,2026-09-27T17:02:57Z,3.5,0.5101,,,,,0.4761,
2026-09-27T17:22:47+00:00,2026,3,prop,player_rush_yds,00-0036555,Chuba Hubbard,CAR,CLE,CAR @ CLE,2026-09-27T17:02:57Z,57.5,0.4991,,,,,0.1462,
2026-09-27T17:22:47+00:00,2026,3,prop,player_rush_yds,00-0039150,Bryce Young,CAR,CLE,CAR @ CLE,2026-09-27T17:02:57Z,10.5,0.489,,,,,0.4093,
2026-09-27T17:22:47+00:00,2026,3,prop,player_rush_yds,00-0036265,AJ Dillon,CAR,CLE,CAR @ CLE,2026-09-27T17:02:57Z,10.5,0.4696,,,,,0.3333,
2026-09-27T17:22:47+00:00,2026,3,prop,player_reception_yds,00-0036407,Jerry Jeudy,CLE,CAR,CAR @ CLE,2026-09-27T17:02:57Z,17.5,0.4899,,,,,0.5279,
2026-09-27T17:22:47+00:00,2026,3,prop,player_reception_yds,00-0037614,John Metchie III,CAR,CLE,CAR @ CLE,2026-09-27T17:02:57Z,6.5,0.5101,,,,,0.7125,
2026-09-27T17:22:47+00:00,2026,3,prop,player_receptions,00-0036407,Jerry Jeudy,CLE,CAR,CAR @ CLE,2026-09-27T17:02:57Z,1.5,0.5101,,,,,0.6456,
2026-09-27T17:22:47+00:00,2026,3,prop,player_receptions,00-0037614,John Metchie III,CAR,CLE,CAR @ CLE,2026-09-27T17:02:57Z,0.5,0.6706,,,,,0.8693,
2026-09-27T17:22:47+00:00,2026,3,prop,player_pass_yds,00-0032268,Marcus Mariota,WAS,SEA,SEA @ WAS,2026-09-27T17:03:12Z,159.5,0.5,,,,,0.3693,
2026-09-27T17:22:47+00:00,2026,3,prop,player_pass_yds,00-0034869,Sam Darnold,SEA,WAS,SEA @ WAS,2026-09-27T17:03:12Z,229.5,0.5,,,,,0.3457,
2026-09-27T17:22:47+00:00,2026,3,prop,player_reception_yds,00-0035659,Terry McLaurin,WAS,SEA,SEA @ WAS,2026-09-27T17:03:12Z,35.5,0.5051,,,,,0.5818,
2026-09-27T17:22:47+00:00,2026,3,prop,player_reception_yds,00-0036626,Dyami Brown,WAS,SEA,SEA @ WAS,2026-09-27T17:03:12Z,7.5,0.4858,,,,,0.4606,
2026-09-27T17:22:47+00:00,2026,3,prop,player_reception_yds,00-0039793,AJ Barner,SEA,WAS,SEA @ WAS,2026-09-27T17:03:12Z,22.5,0.4957,,,,,0.5003,
2026-09-27T17:22:47+00:00,2026,3,prop,player_reception_yds,00-0037256,Rachaad White,WAS,SEA,SEA @ WAS,2026-09-27T17:03:12Z,18.5,0.4899,,,,,0.3607,
2026-09-27T17:22:47+00:00,2026,3,prop,player_reception_yds,00-0038543,Jaxon Smith-Njigba,SEA,WAS,SEA @ WAS,2026-09-27T17:03:12Z,90.5,0.5,,,,,0.6327,
2026-09-27T17:22:47+00:00,2026,3,prop,player_reception_yds,00-0031588,Stefon Diggs,WAS,SEA,SEA @ WAS,2026-09-27T17:03:12Z,29.5,0.503,,,,,0.6587,
2026-09-27T17:22:47+00:00,2026,3,prop,player_reception_yds,00-0037545,Rashid Shaheed,SEA,WAS,SEA @ WAS,2026-09-27T17:03:12Z,36.5,0.5,,,,,0.256,
2026-09-27T17:22:47+00:00,2026,3,prop,player_reception_yds,00-0033908,Cooper Kupp,SEA,WAS,SEA @ WAS,2026-09-27T17:03:12Z,19.5,0.5,,,,,0.7578,
2026-09-27T17:22:47+00:00,2026,3,prop,player_reception_yds,00-0040739,Elijah Arroyo,SEA,WAS,SEA @ WAS,2026-09-27T17:03:12Z,5.5,0.491,,,,,0.5464,
2026-09-27T17:22:47+00:00,2026,3,prop,player_rush_yds,00-0034869,Sam Darnold,SEA,WAS,SEA @ WAS,2026-09-27T17:03:12Z,7.5,0.4899,,,,,0.2913,
2026-09-27T17:22:47+00:00,2026,3,prop,player_rush_yds,00-0037256,Rachaad White,WAS,SEA,SEA @ WAS,2026-09-27T17:03:12Z,17.5,0.5105,,,,,0.713,
2026-09-27T17:22:47+00:00,2026,3,prop,player_rush_yds,00-0040242,Jacory Croskey-Merritt,WAS,SEA,SEA @ WAS,2026-09-27T17:03:12Z,51.5,0.4991,,,,,0.2876,
2026-09-27T17:22:47+00:00,2026,3,prop,player_rush_yds,00-0032268,Marcus Mariota,WAS,SEA,SEA @ WAS,2026-09-27T17:03:12Z,19.5,0.5,,,,,0.4633,
2026-09-27T17:22:47+00:00,2026,3,prop,player_rush_yds,00-0038797,Emanuel Wilson,SEA,WAS,SEA @ WAS,2026-09-27T17:03:12Z,24.5,0.5,,,,,0.5313,
2026-09-27T17:22:47+00:00,2026,3,prop,player_pass_tds,00-0032268,Marcus Mariota,WAS,SEA,SEA @ WAS,2026-09-27T17:03:12Z,1.5,0.5431,,,,,0.2574,
2026-09-27T17:22:47+00:00,2026,3,prop,player_pass_tds,00-0034869,Sam Darnold,SEA,WAS,SEA @ WAS,2026-09-27T17:03:12Z,1.5,0.4773,,,,,0.3432,
2026-09-27T17:22:47+00:00,2026,3,prop,player_receptions,00-0035659,Terry McLaurin,WAS,SEA,SEA @ WAS,2026-09-27T17:03:12Z,2.5,0.5915,,,,,0.5715,
2026-09-27T17:22:47+00:00,2026,3,prop,player_receptions,00-0037545,Rashid Shaheed,SEA,WAS,SEA @ WAS,2026-09-27T17:03:12Z,3.5,0.4459,,,,,0.257,
2026-09-27T17:22:47+00:00,2026,3,prop,player_receptions,00-0039793,AJ Barner,SEA,WAS,SEA @ WAS,2026-09-27T17:03:12Z,2.5,0.4694,,,,,0.4592,
2026-09-27T17:22:47+00:00,2026,3,prop,player_receptions,00-0038543,Jaxon Smith-Njigba,SEA,WAS,SEA @ WAS,2026-09-27T17:03:12Z,6.5,0.4899,,,,,0.5891,
2026-09-27T17:22:47+00:00,2026,3,prop,player_receptions,00-0031588,Stefon Diggs,WAS,SEA,SEA @ WAS,2026-09-27T17:03:12Z,3.5,0.4279,,,,,0.5931,
2026-09-27T17:22:47+00:00,2026,3,prop,player_reception_yds,00-0040648,Tory Horton,SEA,WAS,SEA @ WAS,2026-09-27T17:03:12Z,0.5,0.4165,,,,,0.9692,
2026-09-27T17:22:47+00:00,2026,3,prop,player_reception_yds,00-0040242,Jacory Croskey-Merritt,WAS,SEA,SEA @ WAS,2026-09-27T17:03:12Z,7.5,0.5101,,,,,0.078,
2026-09-27T17:22:47+00:00,2026,3,prop,player_receptions,00-0040242,Jacory Croskey-Merritt,WAS,SEA,SEA @ WAS,2026-09-27T17:03:12Z,1.5,0.5915,,,,,0.1981,
2026-09-27T17:22:47+00:00,2026,3,prop,player_rush_yds,00-0039299,George Holani,SEA,WAS,SEA @ WAS,2026-09-27T17:03:12Z,18.5,0.4899,,,,,0.2516,
2026-09-27T17:22:47+00:00,2026,3,prop,player_pass_yds,00-0039163,C.J. Stroud,HOU,IND,HOU @ IND,2026-09-27T17:03:23Z,211.5,0.5,,,,,0.7569,
2026-09-27T17:22:47+00:00,2026,3,prop,player_reception_yds,00-0035685,David Montgomery,HOU,IND,HOU @ IND,2026-09-27T17:03:23Z,8.5,0.4899,,,,,0.614,
2026-09-27T17:22:47+00:00,2026,3,prop,player_reception_yds,00-0040138,Jaylin Noel,HOU,IND,HOU @ IND,2026-09-27T17:03:23Z,23.5,0.503,,,,,0.4023,
2026-09-27T17:22:47+00:00,2026,3,prop,player_reception_yds,00-0038608,Kayshon Boutte,HOU,IND,HOU @ IND,2026-09-27T17:03:23Z,31.5,0.5,,,,,0.4291,
2026-09-27T17:22:47+00:00,2026,3,prop,player_reception_yds,00-0038728,Jared Wayne,HOU,IND,HOU @ IND,2026-09-27T17:03:23Z,12.5,0.5096,,,,,0.7997,
2026-09-27T17:22:47+00:00,2026,3,prop,player_reception_yds,00-0040583,Woody Marks,HOU,IND,HOU @ IND,2026-09-27T17:03:23Z,8.5,0.5101,,,,,0.3706,
2026-09-27T17:22:47+00:00,2026,3,prop,player_reception_yds,00-0034383,Dalton Schultz,HOU,IND,HOU @ IND,2026-09-27T17:03:23Z,42.5,0.4976,,,,,0.5957,
2026-09-27T17:22:47+00:00,2026,3,prop,player_reception_yds,00-0038618,Xavier Hutchinson,HOU,IND,HOU @ IND,2026-09-27T17:03:23Z,33.5,0.4899,,,,,0.3728,
2026-09-27T17:22:47+00:00,2026,3,prop,player_rush_yds,00-0040583,Woody Marks,HOU,IND,HOU @ IND,2026-09-27T17:03:23Z,21.5,0.49,,,,,0.8256,
2026-09-27T17:22:47+00:00,2026,3,prop,player_rush_yds,00-0035685,David Montgomery,HOU,IND,HOU @ IND,2026-09-27T17:03:23Z,47.5,0.4899,,,,,0.2334,
2026-09-27T17:22:47+00:00,2026,3,prop,player_rush_yds,00-0039163,C.J. Stroud,HOU,IND,HOU @ IND,2026-09-27T17:03:23Z,8.5,0.5071,,,,,0.5408,
2026-09-27T17:22:47+00:00,2026,3,prop,player_pass_tds,00-0039163,C.J. Stroud,HOU,IND,HOU @ IND,2026-09-27T17:03:23Z,1.5,0.3692,,,,,0.3448,
2026-09-27T17:22:47+00:00,2026,3,prop,player_pass_tds,00-0035710,Daniel Jones,IND,HOU,HOU @ IND,2026-09-27T17:03:23Z,1.5,0.3115,,,,,0.3311,
2026-09-27T17:22:47+00:00,2026,3,prop,player_pass_yds,00-0035710,Daniel Jones,IND,HOU,HOU @ IND,2026-09-27T17:03:23Z,231.5,0.5,,,,,0.3182,
2026-09-27T17:22:47+00:00,2026,3,prop,player_reception_yds,00-0030279,Keenan Allen,IND,HOU,HOU @ IND,2026-09-27T17:03:23Z,26.5,0.506,,,,,0.489,
2026-09-27T17:22:47+00:00,2026,3,prop,player_reception_yds,00-0040128,Tyler Warren,IND,HOU,HOU @ IND,2026-09-27T17:03:23Z,68.5,0.5,,,,,0.0517,
2026-09-27T17:22:47+00:00,2026,3,prop,player_reception_yds,00-0032951,Laquon Treadwell,IND,HOU,HOU @ IND,2026-09-27T17:03:23Z,18.5,0.5,,,,,0.1788,
2026-09-27T17:22:47+00:00,2026,3,prop,player_reception_yds,00-0036223,Jonathan Taylor,IND,HOU,HOU @ IND,2026-09-27T17:03:23Z,18.5,0.4899,,,,,0.501,
2026-09-27T17:22:47+00:00,2026,3,prop,player_reception_yds,00-0038997,Josh Downs,IND,HOU,HOU @ IND,2026-09-27T17:03:23Z,41.5,0.4952,,,,,0.4016,
2026-09-27T17:22:47+00:00,2026,3,prop,player_receptions,00-0040128,Tyler Warren,IND,HOU,HOU @ IND,2026-09-27T17:03:23Z,5.5,0.6454,,,,,0.1629,
2026-09-27T17:22:47+00:00,2026,3,prop,player_receptions,00-0036223,Jonathan Taylor,IND,HOU,HOU @ IND,2026-09-27T17:03:23Z,2.5,0.5,,,,,0.4499,
2026-09-27T17:22:47+00:00,2026,3,prop,player_receptions,00-0038997,Josh Downs,IND,HOU,HOU @ IND,2026-09-27T17:03:23Z,3.5,0.6183,,,,,0.4089,
2026-09-27T17:22:47+00:00,2026,3,prop,player_receptions,00-0040583,Woody Marks,HOU,IND,HOU @ IND,2026-09-27T17:03:23Z,1.5,0.5408,,,,,0.5246,
2026-09-27T17:22:47+00:00,2026,3,prop,player_receptions,00-0035685,David Montgomery,HOU,IND,HOU @ IND,2026-09-27T17:03:23Z,1.5,0.4651,,,,,0.4287,
2026-09-27T17:22:47+00:00,2026,3,prop,player_receptions,00-0038618,Xavier Hutchinson,HOU,IND,HOU @ IND,2026-09-27T17:03:23Z,2.5,0.5721,,,,,0.4814,
2026-09-27T17:22:47+00:00,2026,3,prop,player_receptions,00-0032951,Laquon Treadwell,IND,HOU,HOU @ IND,2026-09-27T17:03:23Z,1.5,0.5,,,,,0.2389,
2026-09-27T17:22:47+00:00,2026,3,prop,player_receptions,00-0034383,Dalton Schultz,HOU,IND,HOU @ IND,2026-09-27T17:03:23Z,4.5,0.4592,,,,,0.5929,
2026-09-27T17:22:47+00:00,2026,3,prop,player_receptions,00-0038728,Jared Wayne,HOU,IND,HOU @ IND,2026-09-27T17:03:23Z,1.5,0.4255,,,,,0.6555,
2026-09-27T17:22:47+00:00,2026,3,prop,player_receptions,00-0040138,Jaylin Noel,HOU,IND,HOU @ IND,2026-09-27T17:03:23Z,1.5,0.6667,,,,,0.4981,
2026-09-27T17:22:47+00:00,2026,3,prop,player_receptions,00-0030279,Keenan Allen,IND,HOU,HOU @ IND,2026-09-27T17:03:23Z,3.5,0.4797,,,,,0.453,
2026-09-27T17:22:47+00:00,2026,3,prop,player_receptions,00-0038608,Kayshon Boutte,HOU,IND,HOU @ IND,2026-09-27T17:03:23Z,2.5,0.3909,,,,,0.3866,
2026-09-27T17:22:47+00:00,2026,3,prop,player_rush_yds,00-0036223,Jonathan Taylor,IND,HOU,HOU @ IND,2026-09-27T17:03:23Z,76.5,0.5014,,,,,0.3755,
2026-09-27T17:22:47+00:00,2026,3,prop,player_rush_yds,00-0035710,Daniel Jones,IND,HOU,HOU @ IND,2026-09-27T17:03:23Z,10.5,0.4846,,,,,0.3346,
2026-09-27T17:22:47+00:00,2026,3,prop,player_reception_yds,00-0034981,Foster Moreau,HOU,IND,HOU @ IND,2026-09-27T17:03:23Z,8.5,0.5101,,,,,0.6596,
2026-09-27T17:22:47+00:00,2026,3,prop,player_pass_tds,00-0037834,Brock Purdy,SF,ARI,ARI @ SF,2026-09-27T20:05:00Z,1.5,0.5816,,,,,0.6597,
2026-09-27T17:22:47+00:00,2026,3,prop,player_pass_tds,00-0033119,Jacoby Brissett,ARI,SF,ARI @ SF,2026-09-27T20:05:00Z,1.5,0.3772,,,,,0.44,
2026-09-27T17:22:47+00:00,2026,3,prop,player_pass_yds,00-0037834,Brock Purdy,SF,ARI,ARI @ SF,2026-09-27T20:05:00Z,236.5,0.5,,,,,0.4406,
2026-09-27T17:22:47+00:00,2026,3,prop,player_pass_yds,00-0033119,Jacoby Brissett,ARI,SF,ARI @ SF,2026-09-27T20:05:00Z,229.5,0.4979,,,,,0.4305,
2026-09-27T17:22:47+00:00,2026,3,prop,player_reception_yds,00-0037744,Trey McBride,ARI,SF,ARI @ SF,2026-09-27T20:05:00Z,67.5,0.5015,,,,,0.4177,
2026-09-27T17:22:47+00:00,2026,3,prop,player_reception_yds,00-0031408,Mike Evans,SF,ARI,ARI @ SF,2026-09-27T20:05:00Z,55.5,0.5,,,,,0.3093,
2026-09-27T17:22:47+00:00,2026,3,prop,player_reception_yds,00-0033288,George Kittle,SF,ARI,ARI @ SF,2026-09-27T20:05:00Z,46.5,0.5011,,,,,0.5937,
2026-09-27T17:22:47+00:00,2026,3,prop,player_reception_yds,00-0038559,Michael Wilson,ARI,SF,ARI @ SF,2026-09-27T20:05:00Z,46.5,0.5,,,,,0.5673,
2026-09-27T17:22:47+00:00,2026,3,prop,player_reception_yds,00-0035719,Deebo Samuel Sr.,SF,ARI,ARI @ SF,2026-09-27T20:05:00Z,41.5,0.4989,,,,,0.4301,
2026-09-27T17:22:47+00:00,2026,3,prop,player_reception_yds,00-0033280,Christian McCaffrey,SF,ARI,ARI @ SF,2026-09-27T20:05:00Z,38.5,0.4986,,,,,0.3945,
2026-09-27T17:22:47+00:00,2026,3,prop,player_reception_yds,00-0039849,Marvin Harrison Jr.,ARI,SF,ARI @ SF,2026-09-27T20:05:00Z,32.5,0.5005,,,,,0.4103,
2026-09-27T17:22:47+00:00,2026,3,prop,player_reception_yds,00-0033307,Kendrick Bourne,ARI,SF,ARI @ SF,2026-09-27T20:05:00Z,24.5,0.4996,,,,,0.4172,
2026-09-27T17:22:47+00:00,2026,3,prop,player_reception_yds,00-0029892,Kyle Juszczyk,SF,ARI,ARI @ SF,2026-09-27T20:05:00Z,8.5,0.5,,,,,0.6754,
2026-09-27T17:22:47+00:00,2026,3,prop,player_reception_yds,00-0037263,Tyler Allgeier,ARI,SF,ARI @ SF,2026-09-27T20:05:00Z,7.5,0.4969,,,,,0.3335,
2026-09-27T17:22:47+00:00,2026,3,prop,player_receptions,00-0037744,Trey McBride,ARI,SF,ARI @ SF,2026-09-27T20:05:00Z,7.5,0.4553,,,,,0.4672,
2026-09-27T17:22:47+00:00,2026,3,prop,player_receptions,00-0033280,Christian McCaffrey,SF,ARI,ARI @ SF,2026-09-27T20:05:00Z,4.5,0.5151,,,,,0.4472,
2026-09-27T17:22:47+00:00,2026,3,prop,player_receptions,00-0031408,Mike Evans,SF,ARI,ARI @ SF,2026-09-27T20:05:00Z,4.5,0.4319,,,,,0.3322,
2026-09-27T17:22:47+00:00,2026,3,prop,player_receptions,00-0033288,George Kittle,SF,ARI,ARI @ SF,2026-09-27T20:05:00Z,4.5,0.4292,,,,,0.5377,
2026-09-27T17:22:47+00:00,2026,3,prop,player_receptions,00-0038559,Michael Wilson,ARI,SF,ARI @ SF,2026-09-27T20:05:00Z,3.5,0.5742,,,,,0.5654,
2026-09-27T17:22:47+00:00,2026,3,prop,player_receptions,00-0035719,Deebo Samuel Sr.,SF,ARI,ARI @ SF,2026-09-27T20:05:00Z,3.5,0.5793,,,,,0.5379,
2026-09-27T17:22:47+00:00,2026,3,prop,player_receptions,00-0033307,Kendrick Bourne,ARI,SF,ARI @ SF,2026-09-27T20:05:00Z,2.5,0.4939,,,,,0.4309,
2026-09-27T17:22:47+00:00,2026,3,prop,player_receptions,00-0039849,Marvin Harrison Jr.,ARI,SF,ARI @ SF,2026-09-27T20:05:00Z,2.5,0.4392,,,,,0.3821,
2026-09-27T17:22:47+00:00,2026,3,prop,player_receptions,00-0029892,Kyle Juszczyk,SF,ARI,ARI @ SF,2026-09-27T20:05:00Z,1.5,0.3639,,,,,0.4686,
2026-09-27T17:22:47+00:00,2026,3,prop,player_rush_yds,00-0033280,Christian McCaffrey,SF,ARI,ARI @ SF,2026-09-27T20:05:00Z,57.5,0.501,,,,,0.5427,
2026-09-27T17:22:47+00:00,2026,3,prop,player_rush_yds,00-0037263,Tyler Allgeier,ARI,SF,ARI @ SF,2026-09-27T20:05:00Z,33.5,0.5062,,,,,0.3267,
2026-09-27T17:22:47+00:00,2026,3,prop,player_rush_yds,00-0037834,Brock Purdy,SF,ARI,ARI @ SF,2026-09-27T20:05:00Z,16.5,0.5081,,,,,0.481,
2026-09-27T17:22:47+00:00,2026,3,prop,player_rush_yds,00-0033119,Jacoby Brissett,ARI,SF,ARI @ SF,2026-09-27T20:05:00Z,7.5,0.5013,,,,,0.5331,
2026-09-27T17:22:47+00:00,2026,3,prop,player_rush_yds,00-0035719,Deebo Samuel Sr.,SF,ARI,ARI @ SF,2026-09-27T20:05:00Z,3.5,0.4854,,,,,0.399,
2026-09-27T17:22:47+00:00,2026,3,prop,player_pass_tds,00-0035228,Kyler Murray,MIN,TB,MIN @ TB,2026-09-27T20:05:00Z,1.5,0.4057,,,,,0.2913,
2026-09-27T17:22:47+00:00,2026,3,prop,player_pass_tds,00-0034855,Baker Mayfield,TB,MIN,MIN @ TB,2026-09-27T20:05:00Z,1.5,0.394,,,,,0.2767,
2026-09-27T17:22:47+00:00,2026,3,prop,player_pass_yds,00-0034855,Baker Mayfield,TB,MIN,MIN @ TB,2026-09-27T20:05:00Z,214.5,0.5017,,,,,0.3835,
2026-09-27T17:22:47+00:00,2026,3,prop,player_pass_yds,00-0035228,Kyler Murray,MIN,TB,MIN @ TB,2026-09-27T20:05:00Z,214.5,0.4989,,,,,0.2543,
2026-09-27T17:22:47+00:00,2026,3,prop,player_reception_yds,00-0036322,Justin Jefferson,MIN,TB,MIN @ TB,2026-09-27T20:05:00Z,75.5,0.4997,,,,,0.2225,
2026-09-27T17:22:47+00:00,2026,3,prop,player_reception_yds,00-0040129,Emeka Egbuka,TB,MIN,MIN @ TB,2026-09-27T20:05:00Z,49.5,0.5013,,,,,0.2671,
2026-09-27T17:22:47+00:00,2026,3,prop,player_reception_yds,00-0038994,Jordan Addison,MIN,TB,MIN @ TB,2026-09-27T20:05:00Z,36.5,0.4989,,,,,0.2537,
2026-09-27T17:22:47+00:00,2026,3,prop,player_reception_yds,00-0033921,Chris Godwin Jr.,TB,MIN,MIN @ TB,2026-09-27T20:05:00Z,35.5,0.5005,,,,,0.4442,
2026-09-27T17:22:47+00:00,2026,3,prop,player_reception_yds,00-0035229,T.J. Hockenson,MIN,TB,MIN @ TB,2026-09-27T20:05:00Z,30.5,0.5014,,,,,0.4351,
2026-09-27T17:22:47+00:00,2026,3,prop,player_reception_yds,00-0038129,Cade Otton,TB,MIN,MIN @ TB,2026-09-27T20:05:00Z,27.5,0.5082,,,,,0.5073,
2026-09-27T17:22:47+00:00,2026,3,prop,player_reception_yds,00-0039361,Bucky Irving,TB,MIN,MIN @ TB,2026-09-27T20:05:00Z,16.5,0.4935,,,,,0.3935,
2026-09-27T17:22:47+00:00,2026,3,prop,player_reception_yds,00-0036259,Jauan Jennings,MIN,TB,MIN @ TB,2026-09-27T20:05:00Z,14.5,0.5007,,,,,0.8435,
2026-09-27T17:22:47+00:00,2026,3,prop,player_reception_yds,00-0039855,Jalen McMillan,TB,MIN,MIN @ TB,2026-09-27T20:05:00Z,14.5,0.4907,,,,,0.6016,
2026-09-27T17:22:47+00:00,2026,3,prop,player_reception_yds,00-0033293,Aaron Jones,MIN,TB,MIN @ TB,2026-09-27T20:05:00Z,12.5,0.5026,,,,,0.3965,
2026-09-27T17:22:47+00:00,2026,3,prop,player_reception_yds,00-0035249,Josh Oliver,MIN,TB,MIN @ TB,2026-09-27T20:05:00Z,10.5,0.5024,,,,,0.7563,
2026-09-27T17:22:47+00:00,2026,3,prop,player_reception_yds,00-0036919,Kenny Gainwell,TB,MIN,MIN @ TB,2026-09-27T20:05:00Z,9.5,0.4999,,,,,0.678,
2026-09-27T17:22:47+00:00,2026,3,prop,player_receptions,00-0036322,Justin Jefferson,MIN,TB,MIN @ TB,2026-09-27T20:05:00Z,5.5,0.5582,,,,,0.3255,
2026-09-27T17:22:47+00:00,2026,3,prop,player_receptions,00-0040129,Emeka Egbuka,TB,MIN,MIN @ TB,2026-09-27T20:05:00Z,4.5,0.4274,,,,,0.1817,
2026-09-27T17:22:47+00:00,2026,3,prop,player_receptions,00-0035229,T.J. Hockenson,MIN,TB,MIN @ TB,2026-09-27T20:05:00Z,3.5,0.4991,,,,,0.4297,
2026-09-27T17:22:47+00:00,2026,3,prop,player_receptions,00-0033921,Chris Godwin Jr.,TB,MIN,MIN @ TB,2026-09-27T20:05:00Z,3.5,0.4427,,,,,0.4153,
2026-09-27T17:22:47+00:00,2026,3,prop,player_receptions,00-0038994,Jordan Addison,MIN,TB,MIN @ TB,2026-09-27T20:05:00Z,3.5,0.4152,,,,,0.2014,
2026-09-27T17:22:47+00:00,2026,3,prop,player_receptions,00-0038129,Cade Otton,TB,MIN,MIN @ TB,2026-09-27T20:05:00Z,3.5,0.3992,,,,,0.4493,
2026-09-27T17:22:47+00:00,2026,3,prop,player_receptions,00-0039361,Bucky Irving,TB,MIN,MIN @ TB,2026-09-27T20:05:00Z,2.5,0.5372,,,,,0.5183,
2026-09-27T17:22:47+00:00,2026,3,prop,player_receptions,00-0033293,Aaron Jones,MIN,TB,MIN @ TB,2026-09-27T20:05:00Z,1.5,0.5955,,,,,0.5104,
2026-09-27T17:22:47+00:00,2026,3,prop,player_receptions,00-0036919,Kenny Gainwell,TB,MIN,MIN @ TB,2026-09-27T20:05:00Z,1.5,0.5821,,,,,0.8368,
2026-09-27T17:22:47+00:00,2026,3,prop,player_receptions,00-0036259,Jauan Jennings,MIN,TB,MIN @ TB,2026-09-27T20:05:00Z,1.5,0.476,,,,,0.8044,
2026-09-27T17:22:47+00:00,2026,3,prop,player_receptions,00-0035249,Josh Oliver,MIN,TB,MIN @ TB,2026-09-27T20:05:00Z,1.5,0.4316,,,,,0.5317,
2026-09-27T17:22:47+00:00,2026,3,prop,player_receptions,00-0039855,Jalen McMillan,TB,MIN,MIN @ TB,2026-09-27T20:05:00Z,1.5,0.4124,,,,,0.6047,
2026-09-27T17:22:47+00:00,2026,3,prop,player_rush_yds,00-0039361,Bucky Irving,TB,MIN,MIN @ TB,2026-09-27T20:05:00Z,57.5,0.4989,,,,,0.4582,
2026-09-27T17:22:47+00:00,2026,3,prop,player_rush_yds,00-0033293,Aaron Jones,MIN,TB,MIN @ TB,2026-09-27T20:05:00Z,52.5,0.4976,,,,,0.3807,
2026-09-27T17:22:47+00:00,2026,3,prop,player_rush_yds,00-0035228,Kyler Murray,MIN,TB,MIN @ TB,2026-09-27T20:05:00Z,20.5,0.5062,,,,,0.6949,
2026-09-27T17:22:47+00:00,2026,3,prop,player_rush_yds,00-0036919,Kenny Gainwell,TB,MIN,MIN @ TB,2026-09-27T20:05:00Z,18.5,0.5039,,,,,0.4921,
2026-09-27T17:22:47+00:00,2026,3,prop,player_rush_yds,00-0034855,Baker Mayfield,TB,MIN,MIN @ TB,2026-09-27T20:05:00Z,18.5,0.4945,,,,,0.5625,
2026-09-27T17:22:47+00:00,2026,3,prop,player_pass_tds,00-0033077,Dak Prescott,DAL,BAL,BAL @ DAL,2026-09-27T20:25:00Z,1.5,0.5725,,,,,0.4868,
2026-09-27T17:22:47+00:00,2026,3,prop,player_pass_tds,00-0034796,Lamar Jackson,BAL,DAL,BAL @ DAL,2026-09-27T20:25:00Z,1.5,0.5683,,,,,0.4306,
2026-09-27T17:22:47+00:00,2026,3,prop,player_pass_yds,00-0033077,Dak Prescott,DAL,BAL,BAL @ DAL,2026-09-27T20:25:00Z,266.5,0.5007,,,,,0.4098,
2026-09-27T17:22:47+00:00,2026,3,prop,player_pass_yds,00-0034796,Lamar Jackson,BAL,DAL,BAL @ DAL,2026-09-27T20:25:00Z,240.5,0.4989,,,,,0.354,
2026-09-27T17:22:47+00:00,2026,3,prop,player_reception_yds,00-0036358,CeeDee Lamb,DAL,BAL,BAL @ DAL,2026-09-27T20:25:00Z,82.5,0.5018,,,,,0.4012,
2026-09-27T17:22:47+00:00,2026,3,prop,player_reception_yds,00-0037247,George Pickens,DAL,BAL,BAL @ DAL,2026-09-27T20:25:00Z,65.5,0.5011,,,,,0.4161,
2026-09-27T17:22:47+00:00,2026,3,prop,player_reception_yds,00-0036550,Rashod Bateman,BAL,DAL,BAL @ DAL,2026-09-27T20:25:00Z,47.5,0.4986,,,,,0.1738,
2026-09-27T17:22:47+00:00,2026,3,prop,player_reception_yds,00-0034753,Mark Andrews,BAL,DAL,BAL @ DAL,2026-09-27T20:25:00Z,39.5,0.5079,,,,,0.2677,
2026-09-27T17:22:47+00:00,2026,3,prop,player_reception_yds,00-0039410,Ryan Flournoy,DAL,BAL,BAL @ DAL,2026-09-27T20:25:00Z,30.5,0.4925,,,,,0.4108,
2026-09-27T17:22:47+00:00,2026,3,prop,player_reception_yds,00-0038041,Jake Ferguson,DAL,BAL,BAL @ DAL,2026-09-27T20:25:00Z,28.5,0.5031,,,,,0.3235,
2026-09-27T17:22:47+00:00,2026,3,prop,player_reception_yds,00-0036997,Javonte Williams,DAL,BAL,BAL @ DAL,2026-09-27T20:25:00Z,14.5,0.5024,,,,,0.3379,
2026-09-27T17:22:47+00:00,2026,3,prop,player_reception_yds,00-0034975,Justice Hill,BAL,DAL,BAL @ DAL,2026-09-27T20:25:00Z,13.5,0.4973,,,,,0.4543,
2026-09-27T17:22:47+00:00,2026,3,prop,player_reception_yds,00-0032764,Derrick Henry,BAL,DAL,BAL @ DAL,2026-09-27T20:25:00Z,9.5,0.4897,,,,,0.4748,
2026-09-27T17:22:47+00:00,2026,3,prop,player_receptions,00-0036358,CeeDee Lamb,DAL,BAL,BAL @ DAL,2026-09-27T20:25:00Z,6.5,0.4882,,,,,0.3725,
2026-09-27T17:22:47+00:00,2026,3,prop,player_receptions,00-0037247,George Pickens,DAL,BAL,BAL @ DAL,2026-09-27T20:25:00Z,5.5,0.4503,,,,,0.4062,
2026-09-27T17:22:47+00:00,2026,3,prop,player_receptions,00-0034753,Mark Andrews,BAL,DAL,BAL @ DAL,2026-09-27T20:25:00Z,4.5,0.434,,,,,0.2756,
2026-09-27T17:22:47+00:00,2026,3,prop,player_receptions,00-0038041,Jake Ferguson,DAL,BAL,BAL @ DAL,2026-09-27T20:25:00Z,3.5,0.5193,,,,,0.3688,
2026-09-27T17:22:47+00:00,2026,3,prop,player_receptions,00-0036550,Rashod Bateman,BAL,DAL,BAL @ DAL,2026-09-27T20:25:00Z,3.5,0.4665,,,,,0.2348,
2026-09-27T17:22:47+00:00,2026,3,prop,player_receptions,00-0039410,Ryan Flournoy,DAL,BAL,BAL @ DAL,2026-09-27T20:25:00Z,3.5,0.4253,,,,,0.4447,
2026-09-27T17:22:47+00:00,2026,3,prop,player_receptions,00-0036997,Javonte Williams,DAL,BAL,BAL @ DAL,2026-09-27T20:25:00Z,2.5,0.5484,,,,,0.4395,
2026-09-27T17:22:47+00:00,2026,3,prop,player_receptions,00-0034975,Justice Hill,BAL,DAL,BAL @ DAL,2026-09-27T20:25:00Z,2.5,0.3795,,,,,0.3225,
2026-09-27T17:22:47+00:00,2026,3,prop,player_receptions,00-0032764,Derrick Henry,BAL,DAL,BAL @ DAL,2026-09-27T20:25:00Z,1.5,0.4305,,,,,0.3783,
2026-09-27T17:22:47+00:00,2026,3,prop,player_rush_yds,00-0032764,Derrick Henry,BAL,DAL,BAL @ DAL,2026-09-27T20:25:00Z,90.5,0.4985,,,,,0.5649,
2026-09-27T17:22:47+00:00,2026,3,prop,player_rush_yds,00-0036997,Javonte Williams,DAL,BAL,BAL @ DAL,2026-09-27T20:25:00Z,55.5,0.4993,,,,,0.3754,
2026-09-27T17:22:47+00:00,2026,3,prop,player_rush_yds,00-0034796,Lamar Jackson,BAL,DAL,BAL @ DAL,2026-09-27T20:25:00Z,40.5,0.501,,,,,0.2734,
2026-09-27T17:22:47+00:00,2026,3,prop,player_rush_yds,00-0034975,Justice Hill,BAL,DAL,BAL @ DAL,2026-09-27T20:25:00Z,13.5,0.508,,,,,0.2039,
2026-09-27T17:22:47+00:00,2026,3,prop,player_rush_yds,00-0033077,Dak Prescott,DAL,BAL,BAL @ DAL,2026-09-27T20:25:00Z,12.5,0.4939,,,,,0.3846,
2026-09-27T17:22:47+00:00,2026,3,prop,player_rush_yds,00-0038705,Emari Demercado,DAL,BAL,BAL @ DAL,2026-09-27T20:25:00Z,8.5,0.4901,,,,,0.5515,
2026-09-27T17:22:47+00:00,2026,3,prop,player_reception_yds,00-0032398,Chris Moore,BAL,DAL,BAL @ DAL,2026-09-27T20:25:00Z,17.5,0.495,,,,,0.4679,
2026-09-27T17:22:47+00:00,2026,3,prop,player_reception_yds,00-0040075,LaJohntay Wester,BAL,DAL,BAL @ DAL,2026-09-27T20:25:00Z,16.5,0.5111,,,,,0.132,
2026-09-27T17:22:47+00:00,2026,3,prop,player_receptions,00-0040075,LaJohntay Wester,BAL,DAL,BAL @ DAL,2026-09-27T20:25:00Z,1.5,0.6032,,,,,0.2318,
2026-09-27T17:22:47+00:00,2026,3,prop,player_receptions,00-0032398,Chris Moore,BAL,DAL,BAL @ DAL,2026-09-27T20:25:00Z,1.5,0.4651,,,,,0.4412,
2026-09-27T17:22:47+00:00,2026,3,prop,player_pass_tds,00-0040743,Tyler Shough,NO,LV,LV @ NO,2026-09-27T20:25:00Z,1.5,0.4642,,,,,0.3769,
2026-09-27T17:22:47+00:00,2026,3,prop,player_pass_tds,00-0029604,Kirk Cousins,LV,NO,LV @ NO,2026-09-27T20:25:00Z,1.5,0.3855,,,,,0.4594,
2026-09-27T17:22:47+00:00,2026,3,prop,player_pass_yds,00-0040743,Tyler Shough,NO,LV,LV @ NO,2026-09-27T20:25:00Z,253.5,0.5,,,,,0.3884,
2026-09-27T17:22:47+00:00,2026,3,prop,player_pass_yds,00-0029604,Kirk Cousins,LV,NO,LV @ NO,2026-09-27T20:25:00Z,211.5,0.5028,,,,,0.3175,
2026-09-27T17:22:47+00:00,2026,3,prop,player_reception_yds,00-0037239,Chris Olave,NO,LV,LV @ NO,2026-09-27T20:25:00Z,76.5,0.5036,,,,,0.5729,
2026-09-27T17:22:47+00:00,2026,3,prop,player_reception_yds,00-0039424,Devaughn Vele,NO,LV,LV @ NO,2026-09-27T20:25:00Z,49.5,0.4993,,,,,0.4006,
2026-09-27T17:22:47+00:00,2026,3,prop,player_reception_yds,00-0039338,Brock Bowers,LV,NO,LV @ NO,2026-09-27T20:25:00Z,47.5,0.5021,,,,,0.4409,
2026-09-27T17:22:47+00:00,2026,3,prop,player_reception_yds,00-0038563,Tre Tucker,LV,NO,LV @ NO,2026-09-27T20:25:00Z,41.5,0.4982,,,,,0.4012,
2026-09-27T17:22:47+00:00,2026,3,prop,player_reception_yds,00-0036040,Juwan Johnson,NO,LV,LV @ NO,2026-09-27T20:25:00Z,35.5,0.5015,,,,,0.7078,
2026-09-27T17:22:47+00:00,2026,3,prop,player_reception_yds,00-0037291,Jalen Nailor,LV,NO,LV @ NO,2026-09-27T20:25:00Z,24.5,0.5036,,,,,0.3035,
2026-09-27T17:22:47+00:00,2026,3,prop,player_reception_yds,00-0040122,Ashton Jeanty,LV,NO,LV @ NO,2026-09-27T20:25:00Z,22.5,0.4983,,,,,0.4061,
2026-09-27T17:22:47+00:00,2026,3,prop,player_reception_yds,00-0039066,Michael Mayer,LV,NO,LV @ NO,2026-09-27T20:25:00Z,20.5,0.5011,,,,,0.515,
2026-09-27T17:22:47+00:00,2026,3,prop,player_reception_yds,00-0040729,Jack Bech,LV,NO,LV @ NO,2026-09-27T20:25:00Z,14.5,0.4993,,,,,0.5309,
2026-09-27T17:22:47+00:00,2026,3,prop,player_reception_yds,00-0033906,Alvin Kamara,NO,LV,LV @ NO,2026-09-27T20:25:00Z,13.5,0.4943,,,,,0.4159,
2026-09-27T17:22:47+00:00,2026,3,prop,player_reception_yds,00-0035644,Noah Fant,NO,LV,LV @ NO,2026-09-27T20:25:00Z,12.5,0.5055,,,,,0.431,
2026-09-27T17:22:47+00:00,2026,3,prop,player_reception_yds,00-0036973,Travis Etienne,NO,LV,LV @ NO,2026-09-27T20:25:00Z,10.5,0.5051,,,,,0.5597,
2026-09-27T17:22:47+00:00,2026,3,prop,player_receptions,00-0037239,Chris Olave,NO,LV,LV @ NO,2026-09-27T20:25:00Z,6.5,0.4311,,,,,0.4885,
2026-09-27T17:22:47+00:00,2026,3,prop,player_receptions,00-0039338,Brock Bowers,LV,NO,LV @ NO,2026-09-27T20:25:00Z,4.5,0.5088,,,,,0.5767,
2026-09-27T17:22:47+00:00,2026,3,prop,player_receptions,00-0039424,Devaughn Vele,NO,LV,LV @ NO,2026-09-27T20:25:00Z,4.5,0.4285,,,,,0.3543,
2026-09-27T17:22:47+00:00,2026,3,prop,player_receptions,00-0040122,Ashton Jeanty,LV,NO,LV @ NO,2026-09-27T20:25:00Z,3.5,0.563,,,,,0.4674,
2026-09-27T17:22:47+00:00,2026,3,prop,player_receptions,00-0038563,Tre Tucker,LV,NO,LV @ NO,2026-09-27T20:25:00Z,3.5,0.4605,,,,,0.3908,
2026-09-27T17:22:47+00:00,2026,3,prop,player_receptions,00-0036040,Juwan Johnson,NO,LV,LV @ NO,2026-09-27T20:25:00Z,3.5,0.466,,,,,0.4798,
2026-09-27T17:22:47+00:00,2026,3,prop,player_receptions,00-0033906,Alvin Kamara,NO,LV,LV @ NO,2026-09-27T20:25:00Z,2.5,0.5284,,,,,0.5715,
2026-09-27T17:22:47+00:00,2026,3,prop,player_receptions,00-0039066,Michael Mayer,LV,NO,LV @ NO,2026-09-27T20:25:00Z,2.5,0.4507,,,,,0.5526,
2026-09-27T17:22:47+00:00,2026,3,prop,player_receptions,00-0037291,Jalen Nailor,LV,NO,LV @ NO,2026-09-27T20:25:00Z,2.5,0.43,,,,,0.2891,
2026-09-27T17:22:47+00:00,2026,3,prop,player_receptions,00-0036973,Travis Etienne,NO,LV,LV @ NO,2026-09-27T20:25:00Z,1.5,0.5581,,,,,0.6448,
2026-09-27T17:22:47+00:00,2026,3,prop,player_receptions,00-0040729,Jack Bech,LV,NO,LV @ NO,2026-09-27T20:25:00Z,1.5,0.4954,,,,,0.5473,
2026-09-27T17:22:47+00:00,2026,3,prop,player_receptions,00-0035644,Noah Fant,NO,LV,LV @ NO,2026-09-27T20:25:00Z,1.5,0.4847,,,,,0.4802,
2026-09-27T17:22:47+00:00,2026,3,prop,player_rush_yds,00-0040122,Ashton Jeanty,LV,NO,LV @ NO,2026-09-27T20:25:00Z,68.5,0.4993,,,,,0.3905,
2026-09-27T17:22:47+00:00,2026,3,prop,player_rush_yds,00-0036973,Travis Etienne,NO,LV,LV @ NO,2026-09-27T20:25:00Z,38.5,0.5,,,,,0.597,
2026-09-27T17:22:47+00:00,2026,3,prop,player_rush_yds,00-0033906,Alvin Kamara,NO,LV,LV @ NO,2026-09-27T20:25:00Z,26.5,0.5095,,,,,0.5027,
2026-09-27T17:22:47+00:00,2026,3,prop,player_rush_yds,00-0040743,Tyler Shough,NO,LV,LV @ NO,2026-09-27T20:25:00Z,14.5,0.5047,,,,,0.5051,
2026-09-27T17:22:47+00:00,2026,3,prop,player_pass_tds,00-0026498,Matthew Stafford,LA,DEN,LA @ DEN,2026-09-28T00:20:00Z,1.5,0.4882,,,,,0.5379,
2026-09-27T17:22:47+00:00,2026,3,prop,player_pass_tds,00-0039732,Bo Nix,DEN,LA,LA @ DEN,2026-09-28T00:20:00Z,1.5,0.411,,,,,0.3417,
2026-09-27T17:22:47+00:00,2026,3,prop,player_pass_yds,00-0026498,Matthew Stafford,LA,DEN,LA @ DEN,2026-09-28T00:20:00Z,242.5,0.4777,,,,,0.5392,
2026-09-27T17:22:47+00:00,2026,3,prop,player_pass_yds,00-0039732,Bo Nix,DEN,LA,LA @ DEN,2026-09-28T00:20:00Z,211.5,0.5044,,,,,0.5153,
2026-09-27T17:22:47+00:00,2026,3,prop,player_reception_yds,00-0031381,Davante Adams,LA,DEN,LA @ DEN,2026-09-28T00:20:00Z,70.5,0.5007,,,,,0.3079,
2026-09-27T17:22:47+00:00,2026,3,prop,player_reception_yds,00-0036613,Jaylen Waddle,DEN,LA,LA @ DEN,2026-09-28T00:20:00Z,60.5,0.4989,,,,,0.3257,
2026-09-27T17:22:47+00:00,2026,3,prop,player_reception_yds,00-0040737,Terrance Ferguson,LA,DEN,LA @ DEN,2026-09-28T00:20:00Z,50.5,0.4997,,,,,0.134,
2026-09-27T17:22:47+00:00,2026,3,prop,player_reception_yds,00-0034348,Courtland Sutton,DEN,LA,LA @ DEN,2026-09-28T00:20:00Z,36.5,0.501,,,,,0.4822,
2026-09-27T17:22:47+00:00,2026,3,prop,player_reception_yds,00-0040134,Pat Bryant,DEN,LA,LA @ DEN,2026-09-28T00:20:00Z,26.5,0.4989,,,,,0.4525,
2026-09-27T17:22:47+00:00,2026,3,prop,player_reception_yds,00-0033881,Evan Engram,DEN,LA,LA @ DEN,2026-09-28T00:20:00Z,21.5,0.4969,,,,,0.5403,
2026-09-27T17:22:47+00:00,2026,3,prop,player_reception_yds,00-0036244,Colby Parkinson,LA,DEN,LA @ DEN,2026-09-28T00:20:00Z,18.5,0.5,,,,,0.5967,
2026-09-27T17:22:47+00:00,2026,3,prop,player_reception_yds,00-0040730,RJ Harvey,DEN,LA,LA @ DEN,2026-09-28T00:20:00Z,18.5,0.4923,,,,,0.498,
2026-09-27T17:22:47+00:00,2026,3,prop,player_reception_yds,00-0037840,Kyren Williams,LA,DEN,LA @ DEN,2026-09-28T00:20:00Z,12.5,0.5018,,,,,0.4981,
2026-09-27T17:22:47+00:00,2026,3,prop,player_reception_yds,00-0036422,Adam Trautman,DEN,LA,LA @ DEN,2026-09-28T00:20:00Z,6.5,0.5055,,,,,0.7304,
2026-09-27T17:22:47+00:00,2026,3,prop,player_receptions,00-0031381,Davante Adams,LA,DEN,LA @ DEN,2026-09-28T00:20:00Z,5.5,0.5085,,,,,0.2321,
2026-09-27T17:22:47+00:00,2026,3,prop,player_receptions,00-0036613,Jaylen Waddle,DEN,LA,LA @ DEN,2026-09-28T00:20:00Z,4.5,0.5704,,,,,0.3083,
2026-09-27T17:22:47+00:00,2026,3,prop,player_receptions,00-0040737,Terrance Ferguson,LA,DEN,LA @ DEN,2026-09-28T00:20:00Z,3.5,0.5813,,,,,0.1804,
2026-09-27T17:22:47+00:00,2026,3,prop,player_receptions,00-0034348,Courtland Sutton,DEN,LA,LA @ DEN,2026-09-28T00:20:00Z,3.5,0.4598,,,,,0.4926,
2026-09-27T17:22:47+00:00,2026,3,prop,player_receptions,00-0040134,Pat Bryant,DEN,LA,LA @ DEN,2026-09-28T00:20:00Z,2.5,0.5383,,,,,0.4878,
2026-09-27T17:22:47+00:00,2026,3,prop,player_receptions,00-0040730,RJ Harvey,DEN,LA,LA @ DEN,2026-09-28T00:20:00Z,2.5,0.5552,,,,,0.5939,
2026-09-27T17:22:47+00:00,2026,3,prop,player_receptions,00-0033881,Evan Engram,DEN,LA,LA @ DEN,2026-09-28T00:20:00Z,2.5,0.5274,,,,,0.5483,
2026-09-27T17:22:47+00:00,2026,3,prop,player_receptions,00-0036244,Colby Parkinson,LA,DEN,LA @ DEN,2026-09-28T00:20:00Z,2.5,0.5227,,,,,0.5423,
2026-09-27T17:22:47+00:00,2026,3,prop,player_receptions,00-0037840,Kyren Williams,LA,DEN,LA @ DEN,2026-09-28T00:20:00Z,2.5,0.4061,,,,,0.2944,
2026-09-27T17:22:47+00:00,2026,3,prop,player_receptions,00-0036422,Adam Trautman,DEN,LA,LA @ DEN,2026-09-28T00:20:00Z,0.5,0.627,,,,,0.8608,
2026-09-27T17:22:47+00:00,2026,3,prop,player_rush_yds,00-0037840,Kyren Williams,LA,DEN,LA @ DEN,2026-09-28T00:20:00Z,53.5,0.4979,,,,,0.6973,
2026-09-27T17:22:47+00:00,2026,3,prop,player_rush_yds,00-0036158,J.K. Dobbins,DEN,LA,LA @ DEN,2026-09-28T00:20:00Z,50.5,0.5013,,,,,0.5806,
2026-09-27T17:22:47+00:00,2026,3,prop,player_rush_yds,00-0039738,Blake Corum,LA,DEN,LA @ DEN,2026-09-28T00:20:00Z,47.5,0.5007,,,,,0.4628,
2026-09-27T17:22:47+00:00,2026,3,prop,player_rush_yds,00-0040730,RJ Harvey,DEN,LA,LA @ DEN,2026-09-28T00:20:00Z,20.5,0.4951,,,,,0.6328,
2026-09-27T17:22:47+00:00,2026,3,prop,player_rush_yds,00-0039732,Bo Nix,DEN,LA,LA @ DEN,2026-09-28T00:20:00Z,16.5,0.499,,,,,0.3652,
2026-09-28T19:55:57+00:00,2026,3,prop,player_pass_tds,00-0036389,Jalen Hurts,PHI,CHI,PHI @ CHI,2026-09-29T00:15:00Z,1.5,0.414,,,,,0.5115,
2026-09-28T19:55:57+00:00,2026,3,prop,player_pass_yds,00-0036389,Jalen Hurts,PHI,CHI,PHI @ CHI,2026-09-29T00:15:00Z,216.5,0.5105,,,,,0.42,
2026-09-28T19:55:57+00:00,2026,3,prop,player_reception_yds,00-0036912,DeVonta Smith,PHI,CHI,PHI @ CHI,2026-09-29T00:15:00Z,72.5,0.4993,,,,,0.3049,
2026-09-28T19:55:57+00:00,2026,3,prop,player_reception_yds,00-0038393,Dontayvion Wicks,PHI,CHI,PHI @ CHI,2026-09-29T00:15:00Z,42.5,0.5018,,,,,0.3266,
2026-09-28T19:55:57+00:00,2026,3,prop,player_reception_yds,00-0040735,Luther Burden III,CHI,PHI,PHI @ CHI,2026-09-29T00:15:00Z,36.5,0.4912,,,,,0.5265,
2026-09-28T19:55:57+00:00,2026,3,prop,player_reception_yds,00-0040126,Colston Loveland,CHI,PHI,PHI @ CHI,2026-09-29T00:15:00Z,32.5,0.5007,,,,,0.3473,
2026-09-28T19:55:57+00:00,2026,3,prop,player_reception_yds,00-0039919,Rome Odunze,CHI,PHI,PHI @ CHI,2026-09-29T00:15:00Z,26.5,0.4945,,,,,0.6562,
2026-09-28T19:55:57+00:00,2026,3,prop,player_reception_yds,00-0032464,Kalif Raymond,CHI,PHI,PHI @ CHI,2026-09-29T00:15:00Z,23.5,0.5041,,,,,0.5034,
2026-09-28T19:55:57+00:00,2026,3,prop,player_reception_yds,00-0036275,D'Andre Swift,CHI,PHI,PHI @ CHI,2026-09-29T00:15:00Z,15.5,0.4993,,,,,0.467,
2026-09-28T19:55:57+00:00,2026,3,prop,player_reception_yds,00-0034844,Saquon Barkley,PHI,CHI,PHI @ CHI,2026-09-29T00:15:00Z,12.5,0.497,,,,,0.2866,
2026-09-28T19:55:57+00:00,2026,3,prop,player_reception_yds,00-0033246,Johnny Mundt,PHI,CHI,PHI @ CHI,2026-09-29T00:15:00Z,9.5,0.5,,,,,0.4741,
2026-09-28T19:55:57+00:00,2026,3,prop,player_reception_yds,00-0040236,Kyle Monangai,CHI,PHI,PHI @ CHI,2026-09-29T00:15:00Z,8.5,0.5011,,,,,0.5109,
2026-09-28T19:55:57+00:00,2026,3,prop,player_reception_yds,00-0036290,Cole Kmet,CHI,PHI,PHI @ CHI,2026-09-29T00:15:00Z,8.5,0.4957,,,,,0.661,
2026-09-28T19:55:57+00:00,2026,3,prop,player_receptions,00-0036912,DeVonta Smith,PHI,CHI,PHI @ CHI,2026-09-29T00:15:00Z,5.5,0.5009,,,,,0.2994,
2026-09-28T19:55:57+00:00,2026,3,prop,player_receptions,00-0040735,Luther Burden III,CHI,PHI,PHI @ CHI,2026-09-29T00:15:00Z,3.5,0.4692,,,,,0.4436,
2026-09-28T19:55:57+00:00,2026,3,prop,player_receptions,00-0040126,Colston Loveland,CHI,PHI,PHI @ CHI,2026-09-29T00:15:00Z,3.5,0.4385,,,,,0.3133,
2026-09-28T19:55:57+00:00,2026,3,prop,player_receptions,00-0038393,Dontayvion Wicks,PHI,CHI,PHI @ CHI,2026-09-29T00:15:00Z,3.5,0.4129,,,,,0.255,
2026-09-28T19:55:57+00:00,2026,3,prop,player_receptions,00-0032464,Kalif Raymond,CHI,PHI,PHI @ CHI,2026-09-29T00:15:00Z,2.5,0.5098,,,,,0.4506,
2026-09-28T19:55:57+00:00,2026,3,prop,player_receptions,00-0039919,Rome Odunze,CHI,PHI,PHI @ CHI,2026-09-29T00:15:00Z,2.5,0.4412,,,,,0.5171,
2026-09-28T19:55:57+00:00,2026,3,prop,player_receptions,00-0036275,D'Andre Swift,CHI,PHI,PHI @ CHI,2026-09-29T00:15:00Z,2.5,0.423,,,,,0.2942,
2026-09-28T19:55:57+00:00,2026,3,prop,player_receptions,00-0034844,Saquon Barkley,PHI,CHI,PHI @ CHI,2026-09-29T00:15:00Z,2.5,0.3998,,,,,0.2108,
2026-09-28T19:55:57+00:00,2026,3,prop,player_receptions,00-0040236,Kyle Monangai,CHI,PHI,PHI @ CHI,2026-09-29T00:15:00Z,1.5,0.4343,,,,,0.3993,
2026-09-28T19:55:57+00:00,2026,3,prop,player_receptions,00-0036290,Cole Kmet,CHI,PHI,PHI @ CHI,2026-09-29T00:15:00Z,1.5,0.4254,,,,,0.4753,
2026-09-28T19:55:57+00:00,2026,3,prop,player_receptions,00-0033246,Johnny Mundt,PHI,CHI,PHI @ CHI,2026-09-29T00:15:00Z,1.5,0.4134,,,,,0.3725,
2026-09-28T19:55:57+00:00,2026,3,prop,player_rush_yds,00-0034844,Saquon Barkley,PHI,CHI,PHI @ CHI,2026-09-29T00:15:00Z,72.5,0.499,,,,,0.3787,
2026-09-28T19:55:57+00:00,2026,3,prop,player_rush_yds,00-0036275,D'Andre Swift,CHI,PHI,PHI @ CHI,2026-09-29T00:15:00Z,62.5,0.499,,,,,0.4694,
2026-09-28T19:55:57+00:00,2026,3,prop,player_rush_yds,00-0040236,Kyle Monangai,CHI,PHI,PHI @ CHI,2026-09-29T00:15:00Z,39.5,0.496,,,,,0.5217,
2026-09-28T19:55:57+00:00,2026,3,prop,player_rush_yds,00-0036389,Jalen Hurts,PHI,CHI,PHI @ CHI,2026-09-29T00:15:00Z,24.5,0.494,,,,,0.477,
2026-09-28T19:55:57+00:00,2026,3,prop,player_rush_yds,00-0038555,Tank Bigsby,PHI,CHI,PHI @ CHI,2026-09-29T00:15:00Z,12.5,0.498,,,,,0.5991,
2026-10-01T22:03:48+00:00,2026,4,prop,player_pass_tds,00-0023459,Aaron Rodgers,PIT,CLE,PIT @ CLE,2026-10-02T00:15:00Z,1.5,0.3727,,,,,0.3474,
2026-10-01T22:03:48+00:00,2026,4,prop,player_pass_tds,00-0033537,Deshaun Watson,CLE,PIT,PIT @ CLE,2026-10-02T00:15:00Z,0.5,0.6497,,,,,0.7929,
2026-10-01T22:03:48+00:00,2026,4,prop,player_pass_yds,00-0023459,Aaron Rodgers,PIT,CLE,PIT @ CLE,2026-10-02T00:15:00Z,216.5,0.5007,,,,,0.4037,
2026-10-01T22:03:48+00:00,2026,4,prop,player_pass_yds,00-0033537,Deshaun Watson,CLE,PIT,PIT @ CLE,2026-10-02T00:15:00Z,186.5,0.5015,,,,,0.5132,
2026-10-01T22:03:48+00:00,2026,4,prop,player_reception_yds,00-0035640,DK Metcalf,PIT,CLE,PIT @ CLE,2026-10-02T00:15:00Z,46.5,0.4966,,,,,0.3275,
2026-10-01T22:03:48+00:00,2026,4,prop,player_reception_yds,00-0040663,Harold Fannin Jr.,CLE,PIT,PIT @ CLE,2026-10-02T00:15:00Z,40.5,0.5025,,,,,0.4778,
2026-10-01T22:03:48+00:00,2026,4,prop,player_reception_yds,00-0041037,Denzel Boston,CLE,PIT,PIT @ CLE,2026-10-02T00:15:00Z,38.5,0.499,,,,,0.7443,
2026-10-01T22:03:48+00:00,2026,4,prop,player_reception_yds,00-0041547,KC Concepcion,CLE,PIT,PIT @ CLE,2026-10-02T00:15:00Z,35.5,0.5014,,,,,0.2336,
2026-10-01T22:03:48+00:00,2026,4,prop,player_reception_yds,00-0036252,Michael Pittman,PIT,CLE,PIT @ CLE,2026-10-02T00:15:00Z,33.5,0.5002,,,,,0.3511,
2026-10-01T22:03:48+00:00,2026,4,prop,player_reception_yds,00-0036894,Pat Freiermuth,PIT,CLE,PIT @ CLE,2026-10-02T00:15:00Z,27.5,0.4999,,,,,0.5507,
2026-10-01T22:03:48+00:00,2026,4,prop,player_reception_yds,00-0037228,Jaylen Warren,PIT,CLE,PIT @ CLE,2026-10-02T00:15:00Z,26.5,0.5,,,,,0.275,
2026-10-01T22:03:48+00:00,2026,4,prop,player_reception_yds,00-0039739,Roman Wilson,PIT,CLE,PIT @ CLE,2026-10-02T00:15:00Z,20.5,0.5127,,,,,0.4207,
2026-10-01T22:03:48+00:00,2026,4,prop,player_reception_yds,00-0038558,Darnell Washington,PIT,CLE,PIT @ CLE,2026-10-02T00:15:00Z,16.5,0.5005,,,,,0.6392,
2026-10-01T22:03:48+00:00,2026,4,prop,player_reception_yds,00-0036407,Jerry Jeudy,CLE,PIT,PIT @ CLE,2026-10-02T00:15:00Z,15.5,0.4897,,,,,0.6102,
2026-10-01T22:03:48+00:00,2026,4,prop,player_reception_yds,00-0040466,Raheim Sanders,CLE,PIT,PIT @ CLE,2026-10-02T00:15:00Z,11.5,0.5033,,,,,0.4984,
2026-10-01T22:03:48+00:00,2026,4,prop,player_reception_yds,00-0040784,Quinshon Judkins,CLE,PIT,PIT @ CLE,2026-10-02T00:15:00Z,11.5,0.4969,,,,,0.4858,
2026-10-01T22:03:48+00:00,2026,4,prop,player_reception_yds,00-0038710,Blake Whiteheart,CLE,PIT,PIT @ CLE,2026-10-02T00:15:00Z,0.5,0.4778,,,,,0.7362,
2026-10-01T22:03:48+00:00,2026,4,prop,player_receptions,00-0040663,Harold Fannin Jr.,CLE,PIT,PIT @ CLE,2026-10-02T00:15:00Z,4.5,0.4792,,,,,0.4148,
2026-10-01T22:03:48+00:00,2026,4,prop,player_receptions,00-0041547,KC Concepcion,CLE,PIT,PIT @ CLE,2026-10-02T00:15:00Z,3.5,0.5786,,,,,0.4713,
2026-10-01T22:03:48+00:00,2026,4,prop,player_receptions,00-0035640,DK Metcalf,PIT,CLE,PIT @ CLE,2026-10-02T00:15:00Z,3.5,0.5568,,,,,0.3919,
2026-10-01T22:03:48+00:00,2026,4,prop,player_receptions,00-0037228,Jaylen Warren,PIT,CLE,PIT @ CLE,2026-10-02T00:15:00Z,3.5,0.4869,,,,,0.2392,
2026-10-01T22:03:48+00:00,2026,4,prop,player_receptions,00-0036252,Michael Pittman,PIT,CLE,PIT @ CLE,2026-10-02T00:15:00Z,3.5,0.455,,,,,0.3496,
2026-10-01T22:03:48+00:00,2026,4,prop,player_receptions,00-0036894,Pat Freiermuth,PIT,CLE,PIT @ CLE,2026-10-02T00:15:00Z,3.5,0.4193,,,,,0.3276,
2026-10-01T22:03:48+00:00,2026,4,prop,player_receptions,00-0041037,Denzel Boston,CLE,PIT,PIT @ CLE,2026-10-02T00:15:00Z,2.5,0.5771,,,,,0.5743,
2026-10-01T22:03:48+00:00,2026,4,prop,player_receptions,00-0039739,Roman Wilson,PIT,CLE,PIT @ CLE,2026-10-02T00:15:00Z,2.5,0.4115,,,,,0.3222,
2026-10-01T22:03:48+00:00,2026,4,prop,player_receptions,00-0040784,Quinshon Judkins,CLE,PIT,PIT @ CLE,2026-10-02T00:15:00Z,2.5,0.3879,,,,,0.4216,
2026-10-01T22:03:48+00:00,2026,4,prop,player_receptions,00-0040466,Raheim Sanders,CLE,PIT,PIT @ CLE,2026-10-02T00:15:00Z,1.5,0.5905,,,,,0.5101,
2026-10-01T22:03:48+00:00,2026,4,prop,player_receptions,00-0038558,Darnell Washington,PIT,CLE,PIT @ CLE,2026-10-02T00:15:00Z,1.5,0.5651,,,,,0.6512,
2026-10-01T22:03:48+00:00,2026,4,prop,player_receptions,00-0036407,Jerry Jeudy,CLE,PIT,PIT @ CLE,2026-10-02T00:15:00Z,1.5,0.4373,,,,,0.6684,
2026-10-01T22:03:48+00:00,2026,4,prop,player_receptions,00-0038710,Blake Whiteheart,CLE,PIT,PIT @ CLE,2026-10-02T00:15:00Z,0.5,0.5031,,,,,0.5796,
2026-10-01T22:03:48+00:00,2026,4,prop,player_rush_yds,00-0037228,Jaylen Warren,PIT,CLE,PIT @ CLE,2026-10-02T00:15:00Z,76.5,0.4989,,,,,0.3332,
2026-10-01T22:03:48+00:00,2026,4,prop,player_rush_yds,00-0040784,Quinshon Judkins,CLE,PIT,PIT @ CLE,2026-10-02T00:15:00Z,55.5,0.5002,,,,,0.3025,
2026-10-01T22:03:48+00:00,2026,4,prop,player_rush_yds,00-0033537,Deshaun Watson,CLE,PIT,PIT @ CLE,2026-10-02T00:15:00Z,29.5,0.4927,,,,,0.4853,
2026-10-01T22:03:48+00:00,2026,4,prop,player_rush_yds,00-0035594,Travis Homer,PIT,CLE,PIT @ CLE,2026-10-02T00:15:00Z,6.5,0.5054,,,,,0.1421,
2026-10-01T22:03:48+00:00,2026,4,prop,player_rush_yds,00-0040466,Raheim Sanders,CLE,PIT,PIT @ CLE,2026-10-02T00:15:00Z,5.5,0.5009,,,,,0.7162,
2026-10-01T22:03:48+00:00,2026,4,prop,player_rush_yds,00-0023459,Aaron Rodgers,PIT,CLE,PIT @ CLE,2026-10-02T00:15:00Z,1.5,0.5082,,,,,0.6589,
2026-10-01T22:03:48+00:00,2026,4,prop,player_rush_yds,00-0041547,KC Concepcion,CLE,PIT,PIT @ CLE,2026-10-02T00:15:00Z,0.5,0.5049,,,,,0.1645,
2026-10-01T22:03:48+00:00,2026,4,game,game_spread,GAME_CLE_PIT_spread,PIT @ CLE,CLE,PIT,PIT @ CLE,2026-10-02T00:15:00Z,2.5,0.481,,,,,0.6004,
2026-10-01T22:03:48+00:00,2026,4,game,game_total,GAME_CLE_PIT_total,PIT @ CLE,CLE,PIT,PIT @ CLE,2026-10-02T00:15:00Z,37.5,0.5007,,,,,0.6732,
2026-10-01T22:03:48+00:00,2026,4,game,game_spread,GAME_WAS_IND_spread,IND @ WAS,WAS,IND,IND @ WAS,2026-10-04T13:30:00Z,4.0,0.5014,,,,,0.6841,
2026-10-01T22:03:48+00:00,2026,4,game,game_total,GAME_WAS_IND_total,IND @ WAS,WAS,IND,IND @ WAS,2026-10-04T13:30:00Z,48.5,0.4991,,,,,0.7041,
2026-10-04T17:13:17+00:00,2026,4,prop,player_pass_tds,00-0038416,Tyson Bagent,CHI,NYJ,NYJ @ CHI,2026-10-04T17:02:29Z,1.5,0.4426,,,,,0.2787,
2026-10-04T17:13:17+00:00,2026,4,prop,player_pass_tds,00-0030565,Geno Smith,NYJ,CHI,NYJ @ CHI,2026-10-04T17:02:29Z,1.5,0.3771,,,,,0.4153,
2026-10-04T17:13:17+00:00,2026,4,prop,player_pass_yds,00-0038416,Tyson Bagent,CHI,NYJ,NYJ @ CHI,2026-10-04T17:02:29Z,229.5,0.5,,,,,0.0217,
2026-10-04T17:13:17+00:00,2026,4,prop,player_pass_yds,00-0030565,Geno Smith,NYJ,CHI,NYJ @ CHI,2026-10-04T17:02:29Z,224.5,0.5,,,,,0.3941,
2026-10-04T17:13:17+00:00,2026,4,prop,player_reception_yds,00-0037740,Garrett Wilson,NYJ,CHI,NYJ @ CHI,2026-10-04T17:02:29Z,75.5,0.5,,,,,0.297,
2026-10-04T17:13:17+00:00,2026,4,prop,player_reception_yds,00-0040735,Luther Burden III,CHI,NYJ,NYJ @ CHI,2026-10-04T17:02:29Z,68.5,0.5038,,,,,0.2235,
2026-10-04T17:13:17+00:00,2026,4,prop,player_reception_yds,00-0039919,Rome Odunze,CHI,NYJ,NYJ @ CHI,2026-10-04T17:02:29Z,49.5,0.5021,,,,,0.3303,
2026-10-04T17:13:17+00:00,2026,4,prop,player_reception_yds,00-0041032,Kenyon Sadiq,NYJ,CHI,NYJ @ CHI,2026-10-04T17:02:29Z,41.5,0.5,,,,,0.3809,
2026-10-04T17:13:17+00:00,2026,4,prop,player_reception_yds,00-0040126,Colston Loveland,CHI,NYJ,NYJ @ CHI,2026-10-04T17:02:29Z,28.5,0.5014,,,,,0.4832,
2026-10-04T17:13:17+00:00,2026,4,prop,player_reception_yds,00-0032464,Kalif Raymond,CHI,NYJ,NYJ @ CHI,2026-10-04T17:02:29Z,25.5,0.5051,,,,,0.5745,
2026-10-04T17:13:17+00:00,2026,4,prop,player_reception_yds,00-0039451,Isaiah Williams,NYJ,CHI,NYJ @ CHI,2026-10-04T17:02:29Z,22.5,0.5,,,,,0.3797,
2026-10-04T17:13:17+00:00,2026,4,prop,player_reception_yds,00-0037805,Jeremy Ruckert,NYJ,CHI,NYJ @ CHI,2026-10-04T17:02:29Z,15.5,0.5004,,,,,0.357,
2026-10-04T17:13:17+00:00,2026,4,prop,player_reception_yds,00-0036275,D'Andre Swift,CHI,NYJ,NYJ @ CHI,2026-10-04T17:02:29Z,11.5,0.5,,,,,0.5357,
2026-10-04T17:13:17+00:00,2026,4,prop,player_reception_yds,00-0039794,Braelon Allen,NYJ,CHI,NYJ @ CHI,2026-10-04T17:02:29Z,11.5,0.4977,,,,,0.2903,
2026-10-04T17:13:17+00:00,2026,4,prop,player_reception_yds,00-0039798,Isaiah Davis,NYJ,CHI,NYJ @ CHI,2026-10-04T17:02:29Z,9.5,0.5,,,,,0.3018,
2026-10-04T17:13:17+00:00,2026,4,prop,player_reception_yds,00-0036290,Cole Kmet,CHI,NYJ,NYJ @ CHI,2026-10-04T17:02:29Z,9.5,0.5052,,,,,0.5708,
2026-10-04T17:13:17+00:00,2026,4,prop,player_reception_yds,00-0040236,Kyle Monangai,CHI,NYJ,NYJ @ CHI,2026-10-04T17:02:29Z,4.5,0.5074,,,,,0.6236,
2026-10-04T17:13:17+00:00,2026,4,prop,player_receptions,00-0037740,Garrett Wilson,NYJ,CHI,NYJ @ CHI,2026-10-04T17:02:29Z,6.5,0.4623,,,,,0.3054,
2026-10-04T17:13:17+00:00,2026,4,prop,player_receptions,00-0040735,Luther Burden III,CHI,NYJ,NYJ @ CHI,2026-10-04T17:02:29Z,4.5,0.4533,,,,,0.3683,
2026-10-04T17:13:17+00:00,2026,4,prop,player_receptions,00-0039919,Rome Odunze,CHI,NYJ,NYJ @ CHI,2026-10-04T17:02:29Z,4.5,0.4152,,,,,0.1752,
2026-10-04T17:13:17+00:00,2026,4,prop,player_receptions,00-0041032,Kenyon Sadiq,NYJ,CHI,NYJ @ CHI,2026-10-04T17:02:29Z,4.5,0.4386,,,,,0.3483,
2026-10-04T17:13:17+00:00,2026,4,prop,player_receptions,00-0040126,Colston Loveland,CHI,NYJ,NYJ @ CHI,2026-10-04T17:02:29Z,3.5,0.4416,,,,,0.4071,
2026-10-04T17:13:17+00:00,2026,4,prop,player_receptions,00-0032464,Kalif Raymond,CHI,NYJ,NYJ @ CHI,2026-10-04T17:02:29Z,3.5,0.4431,,,,,0.3782,
2026-10-04T17:13:17+00:00,2026,4,prop,player_receptions,00-0039451,Isaiah Williams,NYJ,CHI,NYJ @ CHI,2026-10-04T17:02:29Z,2.5,0.505,,,,,0.4464,
2026-10-04T17:13:17+00:00,2026,4,prop,player_receptions,00-0037805,Jeremy Ruckert,NYJ,CHI,NYJ @ CHI,2026-10-04T17:02:29Z,2.5,0.393,,,,,0.3873,
2026-10-04T17:13:17+00:00,2026,4,prop,player_receptions,00-0036275,D'Andre Swift,CHI,NYJ,NYJ @ CHI,2026-10-04T17:02:29Z,2.5,0.3861,,,,,0.3297,
2026-10-04T17:13:17+00:00,2026,4,prop,player_receptions,00-0039794,Braelon Allen,NYJ,CHI,NYJ @ CHI,2026-10-04T17:02:29Z,1.5,0.567,,,,,0.4995,
2026-10-04T17:13:17+00:00,2026,4,prop,player_receptions,00-0039798,Isaiah Davis,NYJ,CHI,NYJ @ CHI,2026-10-04T17:02:29Z,1.5,0.4746,,,,,0.2717,
2026-10-04T17:13:17+00:00,2026,4,prop,player_receptions,00-0036290,Cole Kmet,CHI,NYJ,NYJ @ CHI,2026-10-04T17:02:29Z,1.5,0.375,,,,,0.4918,
2026-10-04T17:13:17+00:00,2026,4,prop,player_receptions,00-0040236,Kyle Monangai,CHI,NYJ,NYJ @ CHI,2026-10-04T17:02:29Z,0.5,0.6113,,,,,0.7074,
2026-10-04T17:13:17+00:00,2026,4,prop,player_rush_yds,00-0036275,D'Andre Swift,CHI,NYJ,NYJ @ CHI,2026-10-04T17:02:29Z,70.5,0.5064,,,,,0.4417,
2026-10-04T17:13:17+00:00,2026,4,prop,player_rush_yds,00-0039794,Braelon Allen,NYJ,CHI,NYJ @ CHI,2026-10-04T17:02:29Z,56.5,0.4948,,,,,0.3044,
2026-10-04T17:13:17+00:00,2026,4,prop,player_rush_yds,00-0040236,Kyle Monangai,CHI,NYJ,NYJ @ CHI,2026-10-04T17:02:29Z,38.5,0.497,,,,,0.5311,
2026-10-04T17:13:17+00:00,2026,4,prop,player_rush_yds,00-0039798,Isaiah Davis,NYJ,CHI,NYJ @ CHI,2026-10-04T17:02:29Z,19.5,0.4899,,,,,0.226,
2026-10-04T17:13:17+00:00,2026,4,prop,player_rush_yds,00-0038416,Tyson Bagent,CHI,NYJ,NYJ @ CHI,2026-10-04T17:02:29Z,12.5,0.4994,,,,,0.1406,
2026-10-04T17:13:17+00:00,2026,4,prop,player_rush_yds,00-0030565,Geno Smith,NYJ,CHI,NYJ @ CHI,2026-10-04T17:02:29Z,10.5,0.4986,,,,,0.3232,
2026-10-04T17:13:17+00:00,2026,4,prop,player_pass_tds,00-0034796,Lamar Jackson,BAL,TEN,TEN @ BAL,2026-10-04T17:02:31Z,1.5,0.4811,,,,,0.4178,
2026-10-04T17:13:17+00:00,2026,4,prop,player_pass_tds,00-0040676,Cam Ward,TEN,BAL,TEN @ BAL,2026-10-04T17:02:31Z,0.5,0.5968,,,,,0.66,
2026-10-04T17:13:17+00:00,2026,4,prop,player_pass_yds,00-0034796,Lamar Jackson,BAL,TEN,TEN @ BAL,2026-10-04T17:02:31Z,220.5,0.5,,,,,0.3087,
2026-10-04T17:13:17+00:00,2026,4,prop,player_pass_yds,00-0040676,Cam Ward,TEN,BAL,TEN @ BAL,2026-10-04T17:02:31Z,197.5,0.5,,,,,0.4103,
2026-10-04T17:13:17+00:00,2026,4,prop,player_reception_yds,00-0039064,Zay Flowers,BAL,TEN,TEN @ BAL,2026-10-04T17:02:31Z,93.5,0.4985,,,,,0.371,
2026-10-04T17:13:17+00:00,2026,4,prop,player_reception_yds,00-0041438,Carnell Tate,TEN,BAL,TEN @ BAL,2026-10-04T17:02:31Z,43.5,0.5,,,,,0.4784,
2026-10-04T17:13:17+00:00,2026,4,prop,player_reception_yds,00-0038117,Wan'Dale Robinson,TEN,BAL,TEN @ BAL,2026-10-04T17:02:31Z,37.5,0.5009,,,,,0.5871,
2026-10-04T17:13:17+00:00,2026,4,prop,player_reception_yds,00-0034753,Mark Andrews,BAL,TEN,TEN @ BAL,2026-10-04T17:02:31Z,33.5,0.5024,,,,,0.2534,
2026-10-04T17:13:17+00:00,2026,4,prop,player_reception_yds,00-0036550,Rashod Bateman,BAL,TEN,TEN @ BAL,2026-10-04T17:02:31Z,24.5,0.5,,,,,0.3685,
2026-10-04T17:13:17+00:00,2026,4,prop,player_reception_yds,00-0040170,Elic Ayomanor,TEN,BAL,TEN @ BAL,2026-10-04T17:02:31Z,19.5,0.4995,,,,,0.6862,
2026-10-04T17:13:17+00:00,2026,4,prop,player_reception_yds,00-0040584,Gunnar Helm,TEN,BAL,TEN @ BAL,2026-10-04T17:02:31Z,19.5,0.4934,,,,,0.4224,
2026-10-04T17:13:17+00:00,2026,4,prop,player_reception_yds,00-0039032,Tyjae Spears,TEN,BAL,TEN @ BAL,2026-10-04T17:02:31Z,12.5,0.5036,,,,,0.5161,
2026-10-04T17:13:17+00:00,2026,4,prop,player_reception_yds,00-0034975,Justice Hill,BAL,TEN,TEN @ BAL,2026-10-04T17:02:31Z,10.5,0.4955,,,,,0.3877,
2026-10-04T17:13:17+00:00,2026,4,prop,player_reception_yds,00-0035261,Tony Pollard,TEN,BAL,TEN @ BAL,2026-10-04T17:02:31Z,8.5,0.5034,,,,,0.4541,
2026-10-04T17:13:17+00:00,2026,4,prop,player_reception_yds,00-0032764,Derrick Henry,BAL,TEN,TEN @ BAL,2026-10-04T17:02:31Z,6.5,0.4945,,,,,0.449,
2026-10-04T17:13:17+00:00,2026,4,prop,player_reception_yds,00-0034837,Calvin Ridley,TEN,BAL,TEN @ BAL,2026-10-04T17:02:31Z,4.5,0.5009,,,,,0.7966,
2026-10-04T17:13:17+00:00,2026,4,prop,player_receptions,00-0039064,Zay Flowers,BAL,TEN,TEN @ BAL,2026-10-04T17:02:31Z,6.5,0.5407,,,,,0.1988,
2026-10-04T17:13:17+00:00,2026,4,prop,player_receptions,00-0041438,Carnell Tate,TEN,BAL,TEN @ BAL,2026-10-04T17:02:31Z,4.5,0.4479,,,,,0.5726,
2026-10-04T17:13:17+00:00,2026,4,prop,player_receptions,00-0038117,Wan'Dale Robinson,TEN,BAL,TEN @ BAL,2026-10-04T17:02:31Z,3.5,0.5762,,,,,0.7593,
2026-10-04T17:13:17+00:00,2026,4,prop,player_receptions,00-0034753,Mark Andrews,BAL,TEN,TEN @ BAL,2026-10-04T17:02:31Z,3.5,0.5293,,,,,0.3564,
2026-10-04T17:13:17+00:00,2026,4,prop,player_receptions,00-0040584,Gunnar Helm,TEN,BAL,TEN @ BAL,2026-10-04T17:02:31Z,2.5,0.5403,,,,,0.5365,
2026-10-04T17:13:17+00:00,2026,4,prop,player_receptions,00-0039032,Tyjae Spears,TEN,BAL,TEN @ BAL,2026-10-04T17:02:31Z,2.5,0.4324,,,,,0.5258,
2026-10-04T17:13:17+00:00,2026,4,prop,player_receptions,00-0036550,Rashod Bateman,BAL,TEN,TEN @ BAL,2026-10-04T17:02:31Z,2.5,0.4055,,,,,0.3241,
2026-10-04T17:13:17+00:00,2026,4,prop,player_receptions,00-0040170,Elic Ayomanor,TEN,BAL,TEN @ BAL,2026-10-04T17:02:31Z,1.5,0.5702,,,,,0.7322,
2026-10-04T17:13:17+00:00,2026,4,prop,player_receptions,00-0035261,Tony Pollard,TEN,BAL,TEN @ BAL,2026-10-04T17:02:31Z,1.5,0.5425,,,,,0.6133,
2026-10-04T17:13:17+00:00,2026,4,prop,player_receptions,00-0034975,Justice Hill,BAL,TEN,TEN @ BAL,2026-10-04T17:02:31Z,1.5,0.5135,,,,,0.3598,
2026-10-04T17:13:17+00:00,2026,4,prop,player_receptions,00-0032764,Derrick Henry,BAL,TEN,TEN @ BAL,2026-10-04T17:02:31Z,1.5,0.3796,,,,,0.3004,
2026-10-04T17:13:17+00:00,2026,4,prop,player_receptions,00-0034837,Calvin Ridley,TEN,BAL,TEN @ BAL,2026-10-04T17:02:31Z,0.5,0.6138,,,,,0.8387,
2026-10-04T17:13:17+00:00,2026,4,prop,player_rush_yds,00-0032764,Derrick Henry,BAL,TEN,TEN @ BAL,2026-10-04T17:02:31Z,103.5,0.4899,,,,,0.4889,
2026-10-04T17:13:17+00:00,2026,4,prop,player_rush_yds,00-0035261,Tony Pollard,TEN,BAL,TEN @ BAL,2026-10-04T17:02:31Z,42.5,0.5017,,,,,0.629,
2026-10-04T17:13:17+00:00,2026,4,prop,player_rush_yds,00-0034796,Lamar Jackson,BAL,TEN,TEN @ BAL,2026-10-04T17:02:31Z,27.5,0.4923,,,,,0.4896,
2026-10-04T17:13:17+00:00,2026,4,prop,player_rush_yds,00-0034975,Justice Hill,BAL,TEN,TEN @ BAL,2026-10-04T17:02:31Z,16.5,0.5015,,,,,0.2722,
2026-10-04T17:13:17+00:00,2026,4,prop,player_rush_yds,00-0039032,Tyjae Spears,TEN,BAL,TEN @ BAL,2026-10-04T17:02:31Z,13.5,0.4962,,,,,0.4929,
2026-10-04T17:13:17+00:00,2026,4,prop,player_rush_yds,00-0040676,Cam Ward,TEN,BAL,TEN @ BAL,2026-10-04T17:02:31Z,10.5,0.4765,,,,,0.3412,
2026-10-04T17:13:17+00:00,2026,4,prop,player_reception_yds,00-0034798,Durham Smythe,BAL,TEN,TEN @ BAL,2026-10-04T17:02:31Z,4.5,0.5101,,,,,0.3449,
2026-10-04T17:13:17+00:00,2026,4,prop,player_receptions,00-0034798,Durham Smythe,BAL,TEN,TEN @ BAL,2026-10-04T17:02:31Z,0.5,0.5993,,,,,0.6196,
2026-10-04T17:13:17+00:00,2026,4,prop,player_pass_tds,00-0034857,Josh Allen,BUF,NE,NE @ BUF,2026-10-04T17:02:33Z,1.5,0.5393,,,,,0.3805,
2026-10-04T17:13:17+00:00,2026,4,prop,player_pass_tds,00-0039851,Drake Maye,NE,BUF,NE @ BUF,2026-10-04T17:02:33Z,1.5,0.4085,,,,,0.3362,
2026-10-04T17:13:17+00:00,2026,4,prop,player_pass_yds,00-0039851,Drake Maye,NE,BUF,NE @ BUF,2026-10-04T17:02:33Z,249.5,0.5,,,,,0.315,
2026-10-04T17:13:17+00:00,2026,4,prop,player_pass_yds,00-0034857,Josh Allen,BUF,NE,NE @ BUF,2026-10-04T17:02:33Z,222.5,0.498,,,,,0.4202,
2026-10-04T17:13:17+00:00,2026,4,prop,player_reception_yds,00-0033090,Hunter Henry,NE,BUF,NE @ BUF,2026-10-04T17:02:33Z,54.5,0.5065,,,,,0.1317,
2026-10-04T17:13:17+00:00,2026,4,prop,player_reception_yds,00-0034827,DJ Moore,BUF,NE,NE @ BUF,2026-10-04T17:02:33Z,49.5,0.5023,,,,,0.2767,
2026-10-04T17:13:17+00:00,2026,4,prop,player_reception_yds,00-0038933,Dalton Kincaid,BUF,NE,NE @ BUF,2026-10-04T17:02:33Z,42.5,0.5055,,,,,0.5085,
2026-10-04T17:13:17+00:00,2026,4,prop,player_reception_yds,00-0033555,Mack Hollins,NE,BUF,NE @ BUF,2026-10-04T17:02:33Z,40.5,0.4876,,,,,0.487,
2026-10-04T17:13:17+00:00,2026,4,prop,player_reception_yds,00-0037261,Khalil Shakir,BUF,NE,NE @ BUF,2026-10-04T17:02:33Z,35.5,0.4967,,,,,0.3651,
2026-10-04T17:13:17+00:00,2026,4,prop,player_reception_yds,00-0037816,Romeo Doubs,NE,BUF,NE @ BUF,2026-10-04T17:02:33Z,40.5,0.5,,,,,0.4532,
2026-10-04T17:13:17+00:00,2026,4,prop,player_reception_yds,00-0038621,DeMario Douglas,NE,BUF,NE @ BUF,2026-10-04T17:02:33Z,26.5,0.503,,,,,0.3628,
2026-10-04T17:13:17+00:00,2026,4,prop,player_reception_yds,00-0036875,Rhamondre Stevenson,NE,BUF,NE @ BUF,2026-10-04T17:02:33Z,15.5,0.5034,,,,,0.5412,
2026-10-04T17:13:17+00:00,2026,4,prop,player_reception_yds,00-0039901,Keon Coleman,BUF,NE,NE @ BUF,2026-10-04T17:02:33Z,13.5,0.4955,,,,,0.7259,
2026-10-04T17:13:17+00:00,2026,4,prop,player_reception_yds,00-0035537,Ty Johnson,BUF,NE,NE @ BUF,2026-10-04T17:02:33Z,10.5,0.4977,,,,,0.7227,
2026-10-04T17:13:17+00:00,2026,4,prop,player_reception_yds,00-0035689,Dawson Knox,BUF,NE,NE @ BUF,2026-10-04T17:02:33Z,8.5,0.5034,,,,,0.6241,
2026-10-04T17:13:17+00:00,2026,4,prop,player_reception_yds,00-0040131,Kyle Williams,NE,BUF,NE @ BUF,2026-10-04T17:02:33Z,10.5,0.5,,,,,0.4844,
2026-10-04T17:13:17+00:00,2026,4,prop,player_reception_yds,00-0037248,James Cook,BUF,NE,NE @ BUF,2026-10-04T17:02:33Z,6.5,0.5,,,,,0.4642,
2026-10-04T17:13:17+00:00,2026,4,prop,player_reception_yds,00-0040734,TreVeyon Henderson,NE,BUF,NE @ BUF,2026-10-04T17:02:33Z,5.5,0.5146,,,,,0.4848,
2026-10-04T17:13:17+00:00,2026,4,prop,player_receptions,00-0033090,Hunter Henry,NE,BUF,NE @ BUF,2026-10-04T17:02:33Z,3.5,0.4284,,,,,0.2852,
2026-10-04T17:13:17+00:00,2026,4,prop,player_receptions,00-0037261,Khalil Shakir,BUF,NE,NE @ BUF,2026-10-04T17:02:33Z,3.5,0.5641,,,,,0.4456,
2026-10-04T17:13:17+00:00,2026,4,prop,player_receptions,00-0038933,Dalton Kincaid,BUF,NE,NE @ BUF,2026-10-04T17:02:33Z,4.5,0.4251,,,,,0.2533,
2026-10-04T17:13:17+00:00,2026,4,prop,player_receptions,00-0034827,DJ Moore,BUF,NE,NE @ BUF,2026-10-04T17:02:33Z,3.5,0.5548,,,,,0.3217,
2026-10-04T17:13:17+00:00,2026,4,prop,player_receptions,00-0033555,Mack Hollins,NE,BUF,NE @ BUF,2026-10-04T17:02:33Z,3.5,0.4747,,,,,0.517,
2026-10-04T17:13:17+00:00,2026,4,prop,player_receptions,00-0037816,Romeo Doubs,NE,BUF,NE @ BUF,2026-10-04T17:02:33Z,3.5,0.4235,,,,,0.3305,
2026-10-04T17:13:17+00:00,2026,4,prop,player_receptions,00-0038621,DeMario Douglas,NE,BUF,NE @ BUF,2026-10-04T17:02:33Z,2.5,0.5391,,,,,0.3427,
2026-10-04T17:13:17+00:00,2026,4,prop,player_receptions,00-0036875,Rhamondre Stevenson,NE,BUF,NE @ BUF,2026-10-04T17:02:33Z,2.5,0.4813,,,,,0.4837,
2026-10-04T17:13:17+00:00,2026,4,prop,player_receptions,00-0035537,Ty Johnson,BUF,NE,NE @ BUF,2026-10-04T17:02:33Z,1.5,0.5182,,,,,0.6543,
2026-10-04T17:13:17+00:00,2026,4,prop,player_receptions,00-0037248,James Cook,BUF,NE,NE @ BUF,2026-10-04T17:02:33Z,1.5,0.4872,,,,,0.4249,
2026-10-04T17:13:17+00:00,2026,4,prop,player_receptions,00-0039901,Keon Coleman,BUF,NE,NE @ BUF,2026-10-04T17:02:33Z,1.5,0.4567,,,,,0.7057,
2026-10-04T17:13:17+00:00,2026,4,prop,player_receptions,00-0035689,Dawson Knox,BUF,NE,NE @ BUF,2026-10-04T17:02:33Z,1.5,0.374,,,,,0.6382,
2026-10-04T17:13:17+00:00,2026,4,prop,player_receptions,00-0040734,TreVeyon Henderson,NE,BUF,NE @ BUF,2026-10-04T17:02:33Z,1.5,0.3824,,,,,0.3743,
2026-10-04T17:13:17+00:00,2026,4,prop,player_receptions,00-0040131,Kyle Williams,NE,BUF,NE @ BUF,2026-10-04T17:02:33Z,0.5,0.6216,,,,,0.6895,
2026-10-04T17:13:17+00:00,2026,4,prop,player_rush_yds,00-0037248,James Cook,BUF,NE,NE @ BUF,2026-10-04T17:02:33Z,75.5,0.5,,,,,0.5347,
2026-10-04T17:13:17+00:00,2026,4,prop,player_rush_yds,00-0040734,TreVeyon Henderson,NE,BUF,NE @ BUF,2026-10-04T17:02:33Z,39.5,0.498,,,,,0.5928,
2026-10-04T17:13:17+00:00,2026,4,prop,player_rush_yds,00-0039851,Drake Maye,NE,BUF,NE @ BUF,2026-10-04T17:02:33Z,40.5,0.506,,,,,0.1473,
2026-10-04T17:13:17+00:00,2026,4,prop,player_rush_yds,00-0036875,Rhamondre Stevenson,NE,BUF,NE @ BUF,2026-10-04T17:02:33Z,31.5,0.5024,,,,,0.5857,
2026-10-04T17:13:17+00:00,2026,4,prop,player_rush_yds,00-0034857,Josh Allen,BUF,NE,NE @ BUF,2026-10-04T17:02:33Z,28.5,0.4899,,,,,0.5123,
2026-10-04T17:13:17+00:00,2026,4,prop,player_rush_yds,00-0035537,Ty Johnson,BUF,NE,NE @ BUF,2026-10-04T17:02:33Z,3.5,0.4945,,,,,0.7856,
2026-10-04T17:13:17+00:00,2026,4,prop,player_pass_tds,00-0036264,Jordan Love,GB,TB,GB @ TB,2026-10-04T17:02:33Z,1.5,0.4248,,,,,0.4139,
2026-10-04T17:13:17+00:00,2026,4,prop,player_pass_yds,00-0036264,Jordan Love,GB,TB,GB @ TB,2026-10-04T17:02:33Z,240.5,0.5015,,,,,0.4343,
2026-10-04T17:13:17+00:00,2026,4,prop,player_reception_yds,00-0038124,Christian Watson,GB,TB,GB @ TB,2026-10-04T17:02:33Z,61.5,0.4976,,,,,0.452,
2026-10-04T17:13:17+00:00,2026,4,prop,player_reception_yds,00-0040667,Matthew Golden,GB,TB,GB @ TB,2026-10-04T17:02:33Z,58.5,0.4978,,,,,0.2293,
2026-10-04T17:13:17+00:00,2026,4,prop,player_reception_yds,00-0038996,Tucker Kraft,GB,TB,GB @ TB,2026-10-04T17:02:33Z,53.5,0.495,,,,,0.3123,
2026-10-04T17:13:17+00:00,2026,4,prop,player_reception_yds,00-0040129,Emeka Egbuka,TB,GB,GB @ TB,2026-10-04T17:02:33Z,34.5,0.5,,,,,0.4622,
2026-10-04T17:13:17+00:00,2026,4,prop,player_reception_yds,00-0033921,Chris Godwin Jr.,TB,GB,GB @ TB,2026-10-04T17:02:33Z,24.5,0.5,,,,,0.5745,
2026-10-04T17:13:17+00:00,2026,4,prop,player_reception_yds,00-0038129,Cade Otton,TB,GB,GB @ TB,2026-10-04T17:02:33Z,24.5,0.5038,,,,,0.5774,
2026-10-04T17:13:17+00:00,2026,4,prop,player_reception_yds,00-0041048,Ted Hurst III,TB,GB,GB @ TB,2026-10-04T17:02:33Z,19.5,0.4939,,,,,0.9736,
2026-10-04T17:13:17+00:00,2026,4,prop,player_reception_yds,00-0038090,Skyy Moore,GB,TB,GB @ TB,2026-10-04T17:02:33Z,15.5,0.5034,,,,,0.1973,
2026-10-04T17:13:17+00:00,2026,4,prop,player_reception_yds,00-0039361,Bucky Irving,TB,GB,GB @ TB,2026-10-04T17:02:33Z,11.5,0.4949,,,,,0.4909,
2026-10-04T17:13:17+00:00,2026,4,prop,player_reception_yds,00-0036919,Kenny Gainwell,TB,GB,GB @ TB,2026-10-04T17:02:33Z,9.5,0.5045,,,,,0.6636,
2026-10-04T17:13:17+00:00,2026,4,prop,player_reception_yds,00-0040237,Tez Johnson,TB,GB,GB @ TB,2026-10-04T17:02:33Z,8.5,0.5,,,,,0.5854,
2026-10-04T17:13:17+00:00,2026,4,prop,player_reception_yds,00-0039811,MarShawn Lloyd,GB,TB,GB @ TB,2026-10-04T17:02:33Z,6.5,0.4924,,,,,0.4301,
2026-10-04T17:13:17+00:00,2026,4,prop,player_reception_yds,00-0033858,Jonnu Smith,GB,TB,GB @ TB,2026-10-04T17:02:33Z,5.5,0.4976,,,,,0.6888,
2026-10-04T17:13:17+00:00,2026,4,prop,player_receptions,00-0040667,Matthew Golden,GB,TB,GB @ TB,2026-10-04T17:02:33Z,5.5,0.4525,,,,,0.0896,
2026-10-04T17:13:17+00:00,2026,4,prop,player_receptions,00-0038996,Tucker Kraft,GB,TB,GB @ TB,2026-10-04T17:02:33Z,4.5,0.5075,,,,,0.2485,
2026-10-04T17:13:17+00:00,2026,4,prop,player_receptions,00-0038124,Christian Watson,GB,TB,GB @ TB,2026-10-04T17:02:33Z,4.5,0.5365,,,,,0.3543,
2026-10-04T17:13:17+00:00,2026,4,prop,player_receptions,00-0040129,Emeka Egbuka,TB,GB,GB @ TB,2026-10-04T17:02:33Z,3.5,0.4312,,,,,0.3975,
2026-10-04T17:13:17+00:00,2026,4,prop,player_receptions,00-0038129,Cade Otton,TB,GB,GB @ TB,2026-10-04T17:02:33Z,2.5,0.5584,,,,,0.6765,
2026-10-04T17:13:17+00:00,2026,4,prop,player_receptions,00-0033921,Chris Godwin Jr.,TB,GB,GB @ TB,2026-10-04T17:02:33Z,2.5,0.5016,,,,,0.6365,
2026-10-04T17:13:17+00:00,2026,4,prop,player_receptions,00-0039361,Bucky Irving,TB,GB,GB @ TB,2026-10-04T17:02:33Z,2.5,0.4768,,,,,0.5027,
2026-10-04T17:13:17+00:00,2026,4,prop,player_receptions,00-0036919,Kenny Gainwell,TB,GB,GB @ TB,2026-10-04T17:02:33Z,1.5,0.5894,,,,,0.8134,
2026-10-04T17:13:17+00:00,2026,4,prop,player_receptions,00-0041048,Ted Hurst III,TB,GB,GB @ TB,2026-10-04T17:02:33Z,1.5,0.593,,,,,0.6548,
2026-10-04T17:13:17+00:00,2026,4,prop,player_receptions,00-0038090,Skyy Moore,GB,TB,GB @ TB,2026-10-04T17:02:33Z,1.5,0.5035,,,,,0.2858,
2026-10-04T17:13:17+00:00,2026,4,prop,player_receptions,00-0039811,MarShawn Lloyd,GB,TB,GB @ TB,2026-10-04T17:02:33Z,1.5,0.3754,,,,,0.4802,
2026-10-04T17:13:17+00:00,2026,4,prop,player_receptions,00-0033858,Jonnu Smith,GB,TB,GB @ TB,2026-10-04T17:02:33Z,0.5,0.6469,,,,,0.8469,
2026-10-04T17:13:17+00:00,2026,4,prop,player_receptions,00-0040237,Tez Johnson,TB,GB,GB @ TB,2026-10-04T17:02:33Z,1.5,0.341,,,,,0.4387,
2026-10-04T17:13:17+00:00,2026,4,prop,player_rush_yds,00-0039361,Bucky Irving,TB,GB,GB @ TB,2026-10-04T17:02:33Z,60.5,0.5,,,,,0.4049,
2026-10-04T17:13:17+00:00,2026,4,prop,player_rush_yds,00-0040142,Kaleb Johnson,GB,TB,GB @ TB,2026-10-04T17:02:33Z,28.5,0.5,,,,,0.0655,
2026-10-04T17:13:17+00:00,2026,4,prop,player_rush_yds,00-0039811,MarShawn Lloyd,GB,TB,GB @ TB,2026-10-04T17:02:33Z,22.5,0.5102,,,,,0.3086,
2026-10-04T17:13:17+00:00,2026,4,prop,player_rush_yds,00-0036919,Kenny Gainwell,TB,GB,GB @ TB,2026-10-04T17:02:33Z,13.5,0.5,,,,,0.4876,
2026-10-04T17:13:17+00:00,2026,4,prop,player_rush_yds,00-0036264,Jordan Love,GB,TB,GB @ TB,2026-10-04T17:02:33Z,4.5,0.4976,,,,,0.4657,
2026-10-04T17:13:17+00:00,2026,4,prop,player_reception_yds,00-0037091,Bo Melton,GB,TB,GB @ TB,2026-10-04T17:02:33Z,0.5,0.4694,,,,,0.6055,
2026-10-04T17:13:17+00:00,2026,4,prop,player_reception_yds,00-0040142,Kaleb Johnson,GB,TB,GB @ TB,2026-10-04T17:02:33Z,3.5,0.5101,,,,,0.2732,
2026-10-04T17:13:17+00:00,2026,4,prop,player_receptions,00-0037091,Bo Melton,GB,TB,GB @ TB,2026-10-04T17:02:33Z,0.5,0.4797,,,,,0.5091,
2026-10-04T17:13:17+00:00,2026,4,prop,player_receptions,00-0040142,Kaleb Johnson,GB,TB,GB @ TB,2026-10-04T17:02:33Z,0.5,0.6571,,,,,0.4157,
2026-10-04T17:13:17+00:00,2026,4,prop,player_rush_yds,00-0038685,Chris Brooks,GB,TB,GB @ TB,2026-10-04T17:02:33Z,9.5,0.5203,,,,,0.3348,
2026-10-04T17:13:17+00:00,2026,4,prop,player_pass_tds,00-0033119,Jacoby Brissett,ARI,NYG,ARI @ NYG,2026-10-04T17:02:35Z,2.5,0.3483,,,,,0.2712,
2026-10-04T17:13:17+00:00,2026,4,prop,player_pass_tds,00-0031503,Jameis Winston,NYG,ARI,ARI @ NYG,2026-10-04T17:02:35Z,1.5,0.3799,,,,,0.2162,
2026-10-04T17:13:17+00:00,2026,4,prop,player_pass_yds,00-0033119,Jacoby Brissett,ARI,NYG,ARI @ NYG,2026-10-04T17:02:35Z,222.5,0.5,,,,,0.4325,
2026-10-04T17:13:17+00:00,2026,4,prop,player_pass_yds,00-0031503,Jameis Winston,NYG,ARI,ARI @ NYG,2026-10-04T17:02:35Z,220.5,0.5,,,,,0.2367,
2026-10-04T17:13:17+00:00,2026,4,prop,player_reception_yds,00-0038559,Michael Wilson,ARI,NYG,ARI @ NYG,2026-10-04T17:02:35Z,60.5,0.5,,,,,0.517,
2026-10-04T17:13:17+00:00,2026,4,prop,player_reception_yds,00-0037744,Trey McBride,ARI,NYG,ARI @ NYG,2026-10-04T17:02:35Z,58.5,0.5023,,,,,0.5619,
2026-10-04T17:13:17+00:00,2026,4,prop,player_reception_yds,00-0039337,Malik Nabers,NYG,ARI,ARI @ NYG,2026-10-04T17:02:35Z,58.5,0.5015,,,,,0.2659,
2026-10-04T17:13:17+00:00,2026,4,prop,player_reception_yds,00-0037838,Isaiah Likely,NYG,ARI,ARI @ NYG,2026-10-04T17:02:35Z,44.5,0.4966,,,,,0.2842,
2026-10-04T17:13:17+00:00,2026,4,prop,player_reception_yds,00-0039849,Marvin Harrison Jr.,ARI,NYG,ARI @ NYG,2026-10-04T17:02:35Z,38.5,0.5007,,,,,0.3846,
2026-10-04T17:13:17+00:00,2026,4,prop,player_reception_yds,00-0041042,Malachi Fields,NYG,ARI,ARI @ NYG,2026-10-04T17:02:35Z,26.5,0.4815,,,,,0.4219,
2026-10-04T17:13:17+00:00,2026,4,prop,player_reception_yds,00-0036309,Darnell Mooney,NYG,ARI,ARI @ NYG,2026-10-04T17:02:35Z,22.5,0.497,,,,,0.6274,
2026-10-04T17:13:17+00:00,2026,4,prop,player_reception_yds,00-0040715,Cam Skattebo,NYG,ARI,ARI @ NYG,2026-10-04T17:02:35Z,18.5,0.5,,,,,0.5227,
2026-10-04T17:13:17+00:00,2026,4,prop,player_reception_yds,00-0033307,Kendrick Bourne,ARI,NYG,ARI @ NYG,2026-10-04T17:02:35Z,16.5,0.5,,,,,0.5416,
2026-10-04T17:13:17+00:00,2026,4,prop,player_reception_yds,00-0041027,Jeremiyah Love,ARI,NYG,ARI @ NYG,2026-10-04T17:02:35Z,14.5,0.4949,,,,,0.5706,
2026-10-04T17:13:17+00:00,2026,4,prop,player_reception_yds,00-0039847,Theo Johnson,NYG,ARI,ARI @ NYG,2026-10-04T17:02:35Z,9.5,0.4924,,,,,0.7308,
2026-10-04T17:13:17+00:00,2026,4,prop,player_reception_yds,00-0039041,Elijah Higgins,ARI,NYG,ARI @ NYG,2026-10-04T17:02:35Z,0.5,0.497,,,,,0.8396,
2026-10-04T17:13:17+00:00,2026,4,prop,player_receptions,00-0037744,Trey McBride,ARI,NYG,ARI @ NYG,2026-10-04T17:02:35Z,6.5,0.5322,,,,,0.6291,
2026-10-04T17:13:17+00:00,2026,4,prop,player_receptions,00-0039337,Malik Nabers,NYG,ARI,ARI @ NYG,2026-10-04T17:02:35Z,4.5,0.5573,,,,,0.3646,
2026-10-04T17:13:17+00:00,2026,4,prop,player_receptions,00-0038559,Michael Wilson,ARI,NYG,ARI @ NYG,2026-10-04T17:02:35Z,5.5,0.4186,,,,,0.4424,
2026-10-04T17:13:17+00:00,2026,4,prop,player_receptions,00-0037838,Isaiah Likely,NYG,ARI,ARI @ NYG,2026-10-04T17:02:35Z,4.5,0.4369,,,,,0.2956,
2026-10-04T17:13:17+00:00,2026,4,prop,player_receptions,00-0039849,Marvin Harrison Jr.,ARI,NYG,ARI @ NYG,2026-10-04T17:02:35Z,2.5,0.5337,,,,,0.4234,
2026-10-04T17:13:17+00:00,2026,4,prop,player_receptions,00-0040715,Cam Skattebo,NYG,ARI,ARI @ NYG,2026-10-04T17:02:35Z,2.5,0.5322,,,,,0.4588,
2026-10-04T17:13:17+00:00,2026,4,prop,player_receptions,00-0041027,Jeremiyah Love,ARI,NYG,ARI @ NYG,2026-10-04T17:02:35Z,2.5,0.5127,,,,,0.6711,
2026-10-04T17:13:17+00:00,2026,4,prop,player_receptions,00-0041042,Malachi Fields,NYG,ARI,ARI @ NYG,2026-10-04T17:02:35Z,2.5,0.4326,,,,,0.4506,
2026-10-04T17:13:17+00:00,2026,4,prop,player_receptions,00-0036309,Darnell Mooney,NYG,ARI,ARI @ NYG,2026-10-04T17:02:35Z,1.5,0.5653,,,,,0.6703,
2026-10-04T17:13:17+00:00,2026,4,prop,player_receptions,00-0033307,Kendrick Bourne,ARI,NYG,ARI @ NYG,2026-10-04T17:02:35Z,2.5,0.3977,,,,,0.4376,
2026-10-04T17:13:17+00:00,2026,4,prop,player_receptions,00-0039847,Theo Johnson,NYG,ARI,ARI @ NYG,2026-10-04T17:02:35Z,1.5,0.341,,,,,0.6144,
2026-10-04T17:13:17+00:00,2026,4,prop,player_receptions,00-0039041,Elijah Higgins,ARI,NYG,ARI @ NYG,2026-10-04T17:02:35Z,0.5,0.5442,,,,,0.7588,
2026-10-04T17:13:17+00:00,2026,4,prop,player_rush_yds,00-0041027,Jeremiyah Love,ARI,NYG,ARI @ NYG,2026-10-04T17:02:35Z,68.5,0.5,,,,,0.3425,
2026-10-04T17:13:17+00:00,2026,4,prop,player_rush_yds,00-0040715,Cam Skattebo,NYG,ARI,ARI @ NYG,2026-10-04T17:02:35Z,61.5,0.502,,,,,0.3594,
2026-10-04T17:13:17+00:00,2026,4,prop,player_rush_yds,00-0037263,Tyler Allgeier,ARI,NYG,ARI @ NYG,2026-10-04T17:02:35Z,22.5,0.4949,,,,,0.4698,
2026-10-04T17:13:17+00:00,2026,4,prop,player_rush_yds,00-0036893,Najee Harris,NYG,ARI,ARI @ NYG,2026-10-04T17:02:35Z,21.5,0.5047,,,,,0.478,
2026-10-04T17:13:17+00:00,2026,4,prop,player_rush_yds,00-0031503,Jameis Winston,NYG,ARI,ARI @ NYG,2026-10-04T17:02:35Z,5.5,0.4964,,,,,0.4909,
2026-10-04T17:13:17+00:00,2026,4,prop,player_rush_yds,00-0033119,Jacoby Brissett,ARI,NYG,ARI @ NYG,2026-10-04T17:02:35Z,5.5,0.5054,,,,,0.6774,
2026-10-04T17:13:17+00:00,2026,4,prop,player_reception_yds,00-0036893,Najee Harris,NYG,ARI,ARI @ NYG,2026-10-04T17:02:35Z,2.5,0.5101,,,,,0.3629,
2026-10-04T17:13:17+00:00,2026,4,prop,player_reception_yds,00-0037263,Tyler Allgeier,ARI,NYG,ARI @ NYG,2026-10-04T17:02:35Z,6.5,0.5101,,,,,0.4031,
2026-10-04T17:13:17+00:00,2026,4,prop,player_receptions,00-0037263,Tyler Allgeier,ARI,NYG,ARI @ NYG,2026-10-04T17:02:35Z,1.5,0.3909,,,,,0.4901,
2026-10-04T17:13:17+00:00,2026,4,prop,player_pass_tds,00-0036442,Joe Burrow,CIN,JAX,JAX @ CIN,2026-10-04T17:02:35Z,1.5,0.6181,,,,,0.5381,
2026-10-04T17:13:17+00:00,2026,4,prop,player_pass_tds,00-0036971,Trevor Lawrence,JAX,CIN,JAX @ CIN,2026-10-04T17:02:35Z,1.5,0.5188,,,,,0.549,
2026-10-04T17:13:17+00:00,2026,4,prop,player_pass_yds,00-0036442,Joe Burrow,CIN,JAX,JAX @ CIN,2026-10-04T17:02:35Z,284.5,0.5,,,,,0.2203,
2026-10-04T17:13:17+00:00,2026,4,prop,player_pass_yds,00-0036971,Trevor Lawrence,JAX,CIN,JAX @ CIN,2026-10-04T17:02:35Z,237.5,0.5,,,,,0.5356,
2026-10-04T17:13:17+00:00,2026,4,prop,player_reception_yds,00-0036900,Ja'Marr Chase,CIN,JAX,JAX @ CIN,2026-10-04T17:02:35Z,78.5,0.5,,,,,0.4283,
2026-10-04T17:13:17+00:00,2026,4,prop,player_reception_yds,00-0036410,Tee Higgins,CIN,JAX,JAX @ CIN,2026-10-04T17:02:35Z,73.5,0.503,,,,,0.378,
2026-10-04T17:13:17+00:00,2026,4,prop,player_reception_yds,00-0038606,Parker Washington,JAX,CIN,JAX @ CIN,2026-10-04T17:02:35Z,68.5,0.5075,,,,,0.3698,
2026-10-04T17:13:17+00:00,2026,4,prop,player_reception_yds,00-0034960,Jakobi Meyers,JAX,CIN,JAX @ CIN,2026-10-04T17:02:35Z,41.5,0.505,,,,,0.5054,
2026-10-04T17:13:17+00:00,2026,4,prop,player_reception_yds,00-0040785,Dohnte Meyers,CIN,JAX,JAX @ CIN,2026-10-04T17:02:35Z,32.5,0.4929,,,,,0.167,
2026-10-04T17:13:17+00:00,2026,4,prop,player_reception_yds,00-0038935,Brenton Strange,JAX,CIN,JAX @ CIN,2026-10-04T17:02:35Z,31.5,0.5084,,,,,0.678,
2026-10-04T17:13:17+00:00,2026,4,prop,player_reception_yds,00-0034829,Mike Gesicki,CIN,JAX,JAX @ CIN,2026-10-04T17:02:35Z,24.5,0.497,,,,,0.5625,
2026-10-04T17:13:17+00:00,2026,4,prop,player_reception_yds,00-0039893,Brian Thomas Jr.,JAX,CIN,JAX @ CIN,2026-10-04T17:02:35Z,24.5,0.4989,,,,,0.6835,
2026-10-04T17:13:17+00:00,2026,4,prop,player_reception_yds,00-0038597,Chase Brown,CIN,JAX,JAX @ CIN,2026-10-04T17:02:35Z,22.5,0.5034,,,,,0.4248,
2026-10-04T17:13:17+00:00,2026,4,prop,player_reception_yds,00-0040719,Bhayshul Tuten,JAX,CIN,JAX @ CIN,2026-10-04T17:02:35Z,9.5,0.4854,,,,,0.3404,
2026-10-04T17:13:17+00:00,2026,4,prop,player_reception_yds,00-0041100,Josh Cameron,JAX,CIN,JAX @ CIN,2026-10-04T17:02:35Z,8.5,0.4893,,,,,0.4576,
2026-10-04T17:13:17+00:00,2026,4,prop,player_reception_yds,00-0033526,Samaje Perine,CIN,JAX,JAX @ CIN,2026-10-04T17:02:35Z,7.5,0.5022,,,,,0.5966,
2026-10-04T17:13:17+00:00,2026,4,prop,player_reception_yds,00-0035631,Drew Sample,CIN,JAX,JAX @ CIN,2026-10-04T17:02:35Z,6.5,0.5,,,,,0.5571,
2026-10-04T17:13:17+00:00,2026,4,prop,player_receptions,00-0036900,Ja'Marr Chase,CIN,JAX,JAX @ CIN,2026-10-04T17:02:35Z,6.5,0.5152,,,,,0.5232,
2026-10-04T17:13:17+00:00,2026,4,prop,player_receptions,00-0036410,Tee Higgins,CIN,JAX,JAX @ CIN,2026-10-04T17:02:35Z,5.5,0.4397,,,,,0.2857,
2026-10-04T17:13:17+00:00,2026,4,prop,player_receptions,00-0038606,Parker Washington,JAX,CIN,JAX @ CIN,2026-10-04T17:02:35Z,4.5,0.5494,,,,,0.3982,
2026-10-04T17:13:17+00:00,2026,4,prop,player_receptions,00-0034960,Jakobi Meyers,JAX,CIN,JAX @ CIN,2026-10-04T17:02:35Z,4.5,0.4723,,,,,0.3488,
2026-10-04T17:13:17+00:00,2026,4,prop,player_receptions,00-0038597,Chase Brown,CIN,JAX,JAX @ CIN,2026-10-04T17:02:35Z,3.5,0.4882,,,,,0.5654,
2026-10-04T17:13:17+00:00,2026,4,prop,player_receptions,00-0038935,Brenton Strange,JAX,CIN,JAX @ CIN,2026-10-04T17:02:35Z,3.5,0.4462,,,,,0.5354,
2026-10-04T17:13:17+00:00,2026,4,prop,player_receptions,00-0040785,Dohnte Meyers,CIN,JAX,JAX @ CIN,2026-10-04T17:02:35Z,2.5,0.5202,,,,,0.3497,
2026-10-04T17:13:17+00:00,2026,4,prop,player_receptions,00-0034829,Mike Gesicki,CIN,JAX,JAX @ CIN,2026-10-04T17:02:35Z,2.5,0.5026,,,,,0.5245,
2026-10-04T17:13:17+00:00,2026,4,prop,player_receptions,00-0039893,Brian Thomas Jr.,JAX,CIN,JAX @ CIN,2026-10-04T17:02:35Z,2.5,0.4084,,,,,0.5351,
2026-10-04T17:13:17+00:00,2026,4,prop,player_receptions,00-0040719,Bhayshul Tuten,JAX,CIN,JAX @ CIN,2026-10-04T17:02:35Z,1.5,0.525,,,,,0.387,
2026-10-04T17:13:17+00:00,2026,4,prop,player_receptions,00-0033526,Samaje Perine,CIN,JAX,JAX @ CIN,2026-10-04T17:02:35Z,1.5,0.4651,,,,,0.4903,
2026-10-04T17:13:17+00:00,2026,4,prop,player_receptions,00-0035631,Drew Sample,CIN,JAX,JAX @ CIN,2026-10-04T17:02:35Z,1.5,0.3973,,,,,0.5347,
2026-10-04T17:13:17+00:00,2026,4,prop,player_receptions,00-0041100,Josh Cameron,JAX,CIN,JAX @ CIN,2026-10-04T17:02:35Z,1.5,0.3608,,,,,0.4901,
2026-10-04T17:13:17+00:00,2026,4,prop,player_rush_yds,00-0040719,Bhayshul Tuten,JAX,CIN,JAX @ CIN,2026-10-04T17:02:35Z,54.5,0.5,,,,,0.217,
2026-10-04T17:13:17+00:00,2026,4,prop,player_rush_yds,00-0038597,Chase Brown,CIN,JAX,JAX @ CIN,2026-10-04T17:02:35Z,53.5,0.5024,,,,,0.5003,
2026-10-04T17:13:17+00:00,2026,4,prop,player_rush_yds,00-0038611,Chris Rodriguez Jr.,JAX,CIN,JAX @ CIN,2026-10-04T17:02:35Z,14.5,0.5055,,,,,0.8686,
2026-10-04T17:13:17+00:00,2026,4,prop,player_rush_yds,00-0033526,Samaje Perine,CIN,JAX,JAX @ CIN,2026-10-04T17:02:35Z,12.5,0.5144,,,,,0.5494,
2026-10-04T17:13:17+00:00,2026,4,prop,player_rush_yds,00-0036971,Trevor Lawrence,JAX,CIN,JAX @ CIN,2026-10-04T17:02:35Z,12.5,0.4996,,,,,0.6383,
2026-10-04T17:13:17+00:00,2026,4,prop,player_rush_yds,00-0036442,Joe Burrow,CIN,JAX,JAX @ CIN,2026-10-04T17:02:35Z,7.5,0.505,,,,,0.4252,
2026-10-04T17:13:17+00:00,2026,4,prop,player_pass_tds,00-0026498,Matthew Stafford,LA,PHI,LA @ PHI,2026-10-04T17:02:38Z,1.5,0.5194,,,,,0.5234,
2026-10-04T17:13:17+00:00,2026,4,prop,player_pass_tds,00-0036389,Jalen Hurts,PHI,LA,LA @ PHI,2026-10-04T17:02:38Z,0.5,0.6723,,,,,0.7731,
2026-10-04T17:13:17+00:00,2026,4,prop,player_pass_yds,00-0026498,Matthew Stafford,LA,PHI,LA @ PHI,2026-10-04T17:02:38Z,256.5,0.4984,,,,,0.521,
2026-10-04T17:13:17+00:00,2026,4,prop,player_pass_yds,00-0036389,Jalen Hurts,PHI,LA,LA @ PHI,2026-10-04T17:02:38Z,164.5,0.5,,,,,0.6845,
2026-10-04T17:13:17+00:00,2026,4,prop,player_reception_yds,00-0039075,Puka Nacua,LA,PHI,LA @ PHI,2026-10-04T17:02:38Z,76.5,0.5009,,,,,0.5572,
2026-10-04T17:13:17+00:00,2026,4,prop,player_reception_yds,00-0031381,Davante Adams,LA,PHI,LA @ PHI,2026-10-04T17:02:38Z,59.5,0.4976,,,,,0.4905,
2026-10-04T17:13:17+00:00,2026,4,prop,player_reception_yds,00-0033110,Tyler Higbee,LA,PHI,LA @ PHI,2026-10-04T17:02:38Z,31.5,0.5028,,,,,0.3252,
2026-10-04T17:13:17+00:00,2026,4,prop,player_reception_yds,00-0037840,Kyren Williams,LA,PHI,LA @ PHI,2026-10-04T17:02:38Z,20.5,0.4988,,,,,0.4163,
2026-10-04T17:13:17+00:00,2026,4,prop,player_receptions,00-0039075,Puka Nacua,LA,PHI,LA @ PHI,2026-10-04T17:02:38Z,6.5,0.5165,,,,,0.5083,
2026-10-04T17:13:17+00:00,2026,4,prop,player_receptions,00-0031381,Davante Adams,LA,PHI,LA @ PHI,2026-10-04T17:02:38Z,4.5,0.4689,,,,,0.4557,
2026-10-04T17:13:17+00:00,2026,4,prop,player_receptions,00-0033110,Tyler Higbee,LA,PHI,LA @ PHI,2026-10-04T17:02:38Z,3.5,0.4302,,,,,0.3252,
2026-10-04T17:13:17+00:00,2026,4,prop,player_receptions,00-0037840,Kyren Williams,LA,PHI,LA @ PHI,2026-10-04T17:02:38Z,3.5,0.461,,,,,0.2157,
2026-10-04T17:13:17+00:00,2026,4,prop,player_rush_yds,00-0037840,Kyren Williams,LA,PHI,LA @ PHI,2026-10-04T17:02:38Z,56.5,0.503,,,,,0.7578,
2026-10-04T17:13:17+00:00,2026,4,prop,player_rush_yds,00-0039738,Blake Corum,LA,PHI,LA @ PHI,2026-10-04T17:02:38Z,37.5,0.4976,,,,,0.5549,
2026-10-04T17:13:17+00:00,2026,4,prop,player_rush_yds,00-0036389,Jalen Hurts,PHI,LA,LA @ PHI,2026-10-04T17:02:38Z,24.5,0.4968,,,,,0.346,
2026-10-04T17:13:17+00:00,2026,4,prop,player_rush_yds,00-0026498,Matthew Stafford,LA,PHI,LA @ PHI,2026-10-04T17:02:38Z,0.5,0.4512,,,,,0.4657,
2026-10-04T17:13:17+00:00,2026,4,prop,player_reception_yds,00-0033246,Johnny Mundt,PHI,LA,LA @ PHI,2026-10-04T17:02:38Z,5.5,0.4899,,,,,0.6058,
2026-10-04T17:13:17+00:00,2026,4,prop,player_reception_yds,00-0030061,Zach Ertz,PHI,LA,LA @ PHI,2026-10-04T17:02:38Z,18.5,0.5,,,,,0.5853,
2026-10-04T17:13:17+00:00,2026,4,prop,player_reception_yds,00-0038393,Dontayvion Wicks,PHI,LA,LA @ PHI,2026-10-04T17:02:38Z,47.5,0.5,,,,,0.2501,
2026-10-04T17:13:17+00:00,2026,4,prop,player_reception_yds,00-0040867,Makai Lemon,PHI,LA,LA @ PHI,2026-10-04T17:02:38Z,31.5,0.502,,,,,0.1451,
2026-10-04T17:13:17+00:00,2026,4,prop,player_reception_yds,00-0040024,Darius Cooper,PHI,LA,LA @ PHI,2026-10-04T17:02:38Z,16.5,0.4918,,,,,0.2998,
2026-10-04T17:13:17+00:00,2026,4,prop,player_receptions,00-0040024,Darius Cooper,PHI,LA,LA @ PHI,2026-10-04T17:02:38Z,1.5,0.5832,,,,,0.452,
2026-10-04T17:13:17+00:00,2026,4,prop,player_receptions,00-0038393,Dontayvion Wicks,PHI,LA,LA @ PHI,2026-10-04T17:02:38Z,3.5,0.5504,,,,,0.2502,
2026-10-04T17:13:17+00:00,2026,4,prop,player_receptions,00-0033246,Johnny Mundt,PHI,LA,LA @ PHI,2026-10-04T17:02:38Z,1.5,0.3545,,,,,0.3547,
2026-10-04T17:13:17+00:00,2026,4,prop,player_receptions,00-0030061,Zach Ertz,PHI,LA,LA @ PHI,2026-10-04T17:02:38Z,2.5,0.4699,,,,,0.5185,
2026-10-04T17:13:17+00:00,2026,4,prop,player_receptions,00-0034844,Saquon Barkley,PHI,LA,LA @ PHI,2026-10-04T17:02:38Z,2.5,0.4326,,,,,0.2433,
2026-10-04T17:13:17+00:00,2026,4,prop,player_receptions,00-0040867,Makai Lemon,PHI,LA,LA @ PHI,2026-10-04T17:02:38Z,3.5,0.4955,,,,,0.2792,
2026-10-04T17:13:17+00:00,2026,4,prop,player_reception_yds,00-0034844,Saquon Barkley,PHI,LA,LA @ PHI,2026-10-04T17:02:38Z,15.5,0.5,,,,,0.2104,
2026-10-04T17:13:17+00:00,2026,4,prop,player_receptions,00-0038555,Tank Bigsby,PHI,LA,LA @ PHI,2026-10-04T17:02:38Z,0.5,0.3349,,,,,0.5843,
2026-10-04T17:13:17+00:00,2026,4,prop,player_rush_yds,00-0034844,Saquon Barkley,PHI,LA,LA @ PHI,2026-10-04T17:02:38Z,68.5,0.5,,,,,0.3534,
2026-10-04T17:13:17+00:00,2026,4,prop,player_rush_yds,00-0038555,Tank Bigsby,PHI,LA,LA @ PHI,2026-10-04T17:02:38Z,7.5,0.5,,,,,0.6035,
2026-10-04T17:13:17+00:00,2026,4,prop,player_pass_tds,00-0039163,C.J. Stroud,HOU,DAL,DAL @ HOU,2026-10-04T17:02:51Z,2.5,0.4134,,,,,0.2168,
2026-10-04T17:13:17+00:00,2026,4,prop,player_pass_tds,00-0033077,Dak Prescott,DAL,HOU,DAL @ HOU,2026-10-04T17:02:51Z,1.5,0.5491,,,,,0.4474,
2026-10-04T17:13:17+00:00,2026,4,prop,player_pass_yds,00-0039163,C.J. Stroud,HOU,DAL,DAL @ HOU,2026-10-04T17:02:51Z,276.5,0.5,,,,,0.2402,
2026-10-04T17:13:17+00:00,2026,4,prop,player_pass_yds,00-0033077,Dak Prescott,DAL,HOU,DAL @ HOU,2026-10-04T17:02:51Z,269.5,0.5,,,,,0.3588,
2026-10-04T17:13:17+00:00,2026,4,prop,player_reception_yds,00-0036554,Nico Collins,HOU,DAL,DAL @ HOU,2026-10-04T17:02:51Z,111.5,0.4976,,,,,0.1365,
2026-10-04T17:13:17+00:00,2026,4,prop,player_reception_yds,00-0036358,CeeDee Lamb,DAL,HOU,DAL @ HOU,2026-10-04T17:02:51Z,77.5,0.4979,,,,,0.4223,
2026-10-04T17:13:17+00:00,2026,4,prop,player_reception_yds,00-0037247,George Pickens,DAL,HOU,DAL @ HOU,2026-10-04T17:02:51Z,71.5,0.5016,,,,,0.3391,
2026-10-04T17:13:17+00:00,2026,4,prop,player_reception_yds,00-0034383,Dalton Schultz,HOU,DAL,DAL @ HOU,2026-10-04T17:02:51Z,39.5,0.4976,,,,,0.5578,
2026-10-04T17:13:17+00:00,2026,4,prop,player_reception_yds,00-0039410,Ryan Flournoy,DAL,HOU,DAL @ HOU,2026-10-04T17:02:51Z,34.5,0.5007,,,,,0.325,
2026-10-04T17:13:17+00:00,2026,4,prop,player_reception_yds,00-0038041,Jake Ferguson,DAL,HOU,DAL @ HOU,2026-10-04T17:02:51Z,24.5,0.4936,,,,,0.3958,
2026-10-04T17:13:17+00:00,2026,4,prop,player_reception_yds,00-0038618,Xavier Hutchinson,HOU,DAL,DAL @ HOU,2026-10-04T17:02:51Z,23.5,0.491,,,,,0.5988,
2026-10-04T17:13:17+00:00,2026,4,prop,player_reception_yds,00-0038608,Kayshon Boutte,HOU,DAL,DAL @ HOU,2026-10-04T17:02:51Z,19.5,0.4976,,,,,0.6492,
2026-10-04T17:13:17+00:00,2026,4,prop,player_reception_yds,00-0036997,Javonte Williams,DAL,HOU,DAL @ HOU,2026-10-04T17:02:51Z,13.5,0.5022,,,,,0.2738,
2026-10-04T17:13:17+00:00,2026,4,prop,player_reception_yds,00-0035685,David Montgomery,HOU,DAL,DAL @ HOU,2026-10-04T17:02:51Z,7.5,0.5115,,,,,0.7795,
2026-10-04T17:13:17+00:00,2026,4,prop,player_reception_yds,00-0040138,Jaylin Noel,HOU,DAL,DAL @ HOU,2026-10-04T17:02:51Z,8.5,0.4986,,,,,0.7316,
2026-10-04T17:13:17+00:00,2026,4,prop,player_reception_yds,00-0040583,Woody Marks,HOU,DAL,DAL @ HOU,2026-10-04T17:02:51Z,7.5,0.508,,,,,0.4108,
2026-10-04T17:13:17+00:00,2026,4,prop,player_reception_yds,00-0034981,Foster Moreau,HOU,DAL,DAL @ HOU,2026-10-04T17:02:51Z,6.5,0.498,,,,,0.6949,
2026-10-04T17:13:17+00:00,2026,4,prop,player_receptions,00-0036554,Nico Collins,HOU,DAL,DAL @ HOU,2026-10-04T17:02:51Z,5.5,0.469,,,,,0.3804,
2026-10-04T17:13:17+00:00,2026,4,prop,player_receptions,00-0036358,CeeDee Lamb,DAL,HOU,DAL @ HOU,2026-10-04T17:02:51Z,5.5,0.5483,,,,,0.4137,
2026-10-04T17:13:17+00:00,2026,4,prop,player_receptions,00-0037247,George Pickens,DAL,HOU,DAL @ HOU,2026-10-04T17:02:51Z,5.5,0.4202,,,,,0.3282,
2026-10-04T17:13:17+00:00,2026,4,prop,player_receptions,00-0034383,Dalton Schultz,HOU,DAL,DAL @ HOU,2026-10-04T17:02:51Z,4.5,0.4695,,,,,0.5517,
2026-10-04T17:13:17+00:00,2026,4,prop,player_receptions,00-0038041,Jake Ferguson,DAL,HOU,DAL @ HOU,2026-10-04T17:02:51Z,3.5,0.4708,,,,,0.3654,
2026-10-04T17:13:17+00:00,2026,4,prop,player_receptions,00-0039410,Ryan Flournoy,DAL,HOU,DAL @ HOU,2026-10-04T17:02:51Z,3.5,0.4741,,,,,0.3462,
2026-10-04T17:13:17+00:00,2026,4,prop,player_receptions,00-0036997,Javonte Williams,DAL,HOU,DAL @ HOU,2026-10-04T17:02:51Z,2.5,0.5332,,,,,0.324,
2026-10-04T17:13:17+00:00,2026,4,prop,player_receptions,00-0038618,Xavier Hutchinson,HOU,DAL,DAL @ HOU,2026-10-04T17:02:51Z,2.5,0.4656,,,,,0.5276,
2026-10-04T17:13:17+00:00,2026,4,prop,player_receptions,00-0038608,Kayshon Boutte,HOU,DAL,DAL @ HOU,2026-10-04T17:02:51Z,1.5,0.5589,,,,,0.6792,
2026-10-04T17:13:17+00:00,2026,4,prop,player_receptions,00-0040583,Woody Marks,HOU,DAL,DAL @ HOU,2026-10-04T17:02:51Z,1.5,0.4978,,,,,0.5486,
2026-10-04T17:13:17+00:00,2026,4,prop,player_receptions,00-0035685,David Montgomery,HOU,DAL,DAL @ HOU,2026-10-04T17:02:51Z,1.5,0.4917,,,,,0.53,
2026-10-04T17:13:17+00:00,2026,4,prop,player_receptions,00-0034981,Foster Moreau,HOU,DAL,DAL @ HOU,2026-10-04T17:02:51Z,1.5,0.3608,,,,,0.5653,
2026-10-04T17:13:17+00:00,2026,4,prop,player_receptions,00-0040138,Jaylin Noel,HOU,DAL,DAL @ HOU,2026-10-04T17:02:51Z,1.5,0.3782,,,,,0.5591,
2026-10-04T17:13:17+00:00,2026,4,prop,player_rush_yds,00-0036997,Javonte Williams,DAL,HOU,DAL @ HOU,2026-10-04T17:02:51Z,56.5,0.4899,,,,,0.403,
2026-10-04T17:13:17+00:00,2026,4,prop,player_rush_yds,00-0035685,David Montgomery,HOU,DAL,DAL @ HOU,2026-10-04T17:02:51Z,42.5,0.5,,,,,0.2757,
2026-10-04T17:13:17+00:00,2026,4,prop,player_rush_yds,00-0040583,Woody Marks,HOU,DAL,DAL @ HOU,2026-10-04T17:02:51Z,32.5,0.497,,,,,0.5608,
2026-10-04T17:13:17+00:00,2026,4,prop,player_rush_yds,00-0039163,C.J. Stroud,HOU,DAL,DAL @ HOU,2026-10-04T17:02:51Z,19.5,0.4973,,,,,0.3191,
2026-10-04T17:13:17+00:00,2026,4,prop,player_rush_yds,00-0033077,Dak Prescott,DAL,HOU,DAL @ HOU,2026-10-04T17:02:51Z,10.5,0.497,,,,,0.4986,
2026-10-04T17:13:17+00:00,2026,4,prop,player_reception_yds,00-0039530,Brevyn Spann-Ford,DAL,HOU,DAL @ HOU,2026-10-04T17:02:51Z,2.5,0.5101,,,,,0.7317,
2026-10-04T17:13:17+00:00,2026,4,prop,player_receptions,00-0039530,Brevyn Spann-Ford,DAL,HOU,DAL @ HOU,2026-10-04T17:02:51Z,0.5,0.5408,,,,,0.6826,
2026-10-04T17:13:17+00:00,2026,4,prop,player_pass_tds,00-0035228,Kyler Murray,MIN,MIA,MIA @ MIN,2026-10-04T20:05:00Z,1.5,0.4586,,,,,0.3202,
2026-10-04T17:13:17+00:00,2026,4,prop,player_pass_tds,00-0038128,Malik Willis,MIA,MIN,MIA @ MIN,2026-10-04T20:05:00Z,0.5,0.5196,,,,,0.5188,
2026-10-04T17:13:17+00:00,2026,4,prop,player_pass_yds,00-0035228,Kyler Murray,MIN,MIA,MIA @ MIN,2026-10-04T20:05:00Z,205.5,0.4959,,,,,0.2256,
2026-10-04T17:13:17+00:00,2026,4,prop,player_pass_yds,00-0038128,Malik Willis,MIA,MIN,MIA @ MIN,2026-10-04T20:05:00Z,169.5,0.5021,,,,,0.4209,
2026-10-04T17:13:17+00:00,2026,4,prop,player_reception_yds,00-0038994,Jordan Addison,MIN,MIA,MIA @ MIN,2026-10-04T20:05:00Z,62.5,0.5011,,,,,0.3899,
2026-10-04T17:13:17+00:00,2026,4,prop,player_reception_yds,00-0039880,Malik Washington,MIA,MIN,MIA @ MIN,2026-10-04T20:05:00Z,40.5,0.4986,,,,,0.2046,
2026-10-04T17:13:17+00:00,2026,4,prop,player_reception_yds,00-0035229,T.J. Hockenson,MIN,MIA,MIA @ MIN,2026-10-04T20:05:00Z,38.5,0.5018,,,,,0.275,
2026-10-04T17:13:17+00:00,2026,4,prop,player_reception_yds,00-0041525,Chris Bell,MIA,MIN,MIA @ MIN,2026-10-04T20:05:00Z,33.5,0.4986,,,,,0.3036,
2026-10-04T17:13:17+00:00,2026,4,prop,player_reception_yds,00-0037252,Greg Dulcich,MIA,MIN,MIA @ MIN,2026-10-04T20:05:00Z,30.5,0.4979,,,,,0.4567,
2026-10-04T17:13:17+00:00,2026,4,prop,player_reception_yds,00-0036259,Jauan Jennings,MIN,MIA,MIA @ MIN,2026-10-04T20:05:00Z,27.5,0.5021,,,,,0.4145,
2026-10-04T17:13:17+00:00,2026,4,prop,player_reception_yds,00-0033293,Aaron Jones,MIN,MIA,MIA @ MIN,2026-10-04T20:05:00Z,19.5,0.5008,,,,,0.2839,
2026-10-04T17:13:17+00:00,2026,4,prop,player_reception_yds,00-0040154,Tai Felton,MIN,MIA,MIA @ MIN,2026-10-04T20:05:00Z,15.5,0.5096,,,,,0.0788,
2026-10-04T17:13:17+00:00,2026,4,prop,player_reception_yds,00-0040198,Ollie Gordon II,MIA,MIN,MIA @ MIN,2026-10-04T20:05:00Z,7.5,0.4997,,,,,0.184,
2026-10-04T17:13:17+00:00,2026,4,prop,player_reception_yds,00-0039874,Jaylen Wright,MIA,MIN,MIA @ MIN,2026-10-04T20:05:00Z,5.5,0.5144,,,,,0.2988,
2026-10-04T17:13:17+00:00,2026,4,prop,player_reception_yds,00-0038824,Ryan Miller,MIA,MIN,MIA @ MIN,2026-10-04T20:05:00Z,4.5,0.4728,,,,,0.4606,
2026-10-04T17:13:17+00:00,2026,4,prop,player_receptions,00-0038994,Jordan Addison,MIN,MIA,MIA @ MIN,2026-10-04T20:05:00Z,4.5,0.4697,,,,,0.4092,
2026-10-04T17:13:17+00:00,2026,4,prop,player_receptions,00-0039880,Malik Washington,MIA,MIN,MIA @ MIN,2026-10-04T20:05:00Z,4.5,0.4578,,,,,0.1384,
2026-10-04T17:13:17+00:00,2026,4,prop,player_receptions,00-0035229,T.J. Hockenson,MIN,MIA,MIA @ MIN,2026-10-04T20:05:00Z,4.5,0.4587,,,,,0.1754,
2026-10-04T17:13:17+00:00,2026,4,prop,player_receptions,00-0033293,Aaron Jones,MIN,MIA,MIA @ MIN,2026-10-04T20:05:00Z,3.5,0.4233,,,,,0.2029,
2026-10-04T17:13:17+00:00,2026,4,prop,player_receptions,00-0037252,Greg Dulcich,MIA,MIN,MIA @ MIN,2026-10-04T20:05:00Z,2.5,0.5937,,,,,0.4551,
2026-10-04T17:13:17+00:00,2026,4,prop,player_receptions,00-0041525,Chris Bell,MIA,MIN,MIA @ MIN,2026-10-04T20:05:00Z,2.5,0.5006,,,,,0.3156,
2026-10-04T17:13:17+00:00,2026,4,prop,player_receptions,00-0036259,Jauan Jennings,MIN,MIA,MIA @ MIN,2026-10-04T20:05:00Z,2.5,0.4699,,,,,0.4652,
2026-10-04T17:13:17+00:00,2026,4,prop,player_receptions,00-0040154,Tai Felton,MIN,MIA,MIA @ MIN,2026-10-04T20:05:00Z,1.5,0.5269,,,,,0.1494,
2026-10-04T17:13:17+00:00,2026,4,prop,player_receptions,00-0040198,Ollie Gordon II,MIA,MIN,MIA @ MIN,2026-10-04T20:05:00Z,1.5,0.3752,,,,,0.1916,
2026-10-04T17:13:17+00:00,2026,4,prop,player_receptions,00-0039874,Jaylen Wright,MIA,MIN,MIA @ MIN,2026-10-04T20:05:00Z,1.5,0.3379,,,,,0.1557,
2026-10-04T17:13:17+00:00,2026,4,prop,player_receptions,00-0038824,Ryan Miller,MIA,MIN,MIA @ MIN,2026-10-04T20:05:00Z,0.5,0.5411,,,,,0.6008,
2026-10-04T17:13:17+00:00,2026,4,prop,player_rush_yds,00-0033293,Aaron Jones,MIN,MIA,MIA @ MIN,2026-10-04T20:05:00Z,66.5,0.5018,,,,,0.3589,
2026-10-04T17:13:17+00:00,2026,4,prop,player_rush_yds,00-0038128,Malik Willis,MIA,MIN,MIA @ MIN,2026-10-04T20:05:00Z,30.5,0.5036,,,,,0.401,
2026-10-04T17:13:17+00:00,2026,4,prop,player_rush_yds,00-0039874,Jaylen Wright,MIA,MIN,MIA @ MIN,2026-10-04T20:05:00Z,28.5,0.509,,,,,0.2811,
2026-10-04T17:13:17+00:00,2026,4,prop,player_rush_yds,00-0040198,Ollie Gordon II,MIA,MIN,MIA @ MIN,2026-10-04T20:05:00Z,25.5,0.5069,,,,,0.1735,
2026-10-04T17:13:17+00:00,2026,4,prop,player_rush_yds,00-0035228,Kyler Murray,MIN,MIA,MIA @ MIN,2026-10-04T20:05:00Z,21.5,0.5094,,,,,0.5581,
2026-10-04T17:13:17+00:00,2026,4,prop,player_rush_yds,00-0039880,Malik Washington,MIA,MIN,MIA @ MIN,2026-10-04T20:05:00Z,4.5,0.5069,,,,,0.3251,
2026-10-04T17:13:17+00:00,2026,4,prop,player_pass_tds,00-0037834,Brock Purdy,SF,DEN,DEN @ SF,2026-10-04T20:25:00Z,1.5,0.5214,,,,,0.5875,
2026-10-04T17:13:17+00:00,2026,4,prop,player_pass_tds,00-0039732,Bo Nix,DEN,SF,DEN @ SF,2026-10-04T20:25:00Z,1.5,0.4654,,,,,0.3866,
2026-10-04T17:13:17+00:00,2026,4,prop,player_pass_yds,00-0037834,Brock Purdy,SF,DEN,DEN @ SF,2026-10-04T20:25:00Z,235.5,0.5011,,,,,0.504,
2026-10-04T17:13:17+00:00,2026,4,prop,player_pass_yds,00-0039732,Bo Nix,DEN,SF,DEN @ SF,2026-10-04T20:25:00Z,223.5,0.4983,,,,,0.4675,
2026-10-04T17:13:17+00:00,2026,4,prop,player_reception_yds,00-0033288,George Kittle,SF,DEN,DEN @ SF,2026-10-04T20:25:00Z,62.5,0.5,,,,,0.4348,
2026-10-04T17:13:17+00:00,2026,4,prop,player_reception_yds,00-0036613,Jaylen Waddle,DEN,SF,DEN @ SF,2026-10-04T20:25:00Z,58.5,0.4979,,,,,0.3007,
2026-10-04T17:13:17+00:00,2026,4,prop,player_reception_yds,00-0033280,Christian McCaffrey,SF,DEN,DEN @ SF,2026-10-04T20:25:00Z,41.5,0.5,,,,,0.3452,
2026-10-04T17:13:17+00:00,2026,4,prop,player_reception_yds,00-0031408,Mike Evans,SF,DEN,DEN @ SF,2026-10-04T20:25:00Z,43.5,0.5021,,,,,0.3946,
2026-10-04T17:13:17+00:00,2026,4,prop,player_reception_yds,00-0034348,Courtland Sutton,DEN,SF,DEN @ SF,2026-10-04T20:25:00Z,39.5,0.4993,,,,,0.4679,
2026-10-04T17:13:17+00:00,2026,4,prop,player_reception_yds,00-0035719,Deebo Samuel Sr.,SF,DEN,DEN @ SF,2026-10-04T20:25:00Z,32.5,0.5,,,,,0.6523,
2026-10-04T17:13:17+00:00,2026,4,prop,player_reception_yds,00-0040134,Pat Bryant,DEN,SF,DEN @ SF,2026-10-04T20:25:00Z,22.5,0.5,,,,,0.612,
2026-10-04T17:13:17+00:00,2026,4,prop,player_reception_yds,00-0040730,RJ Harvey,DEN,SF,DEN @ SF,2026-10-04T20:25:00Z,22.5,0.4918,,,,,0.5004,
2026-10-04T17:13:17+00:00,2026,4,prop,player_reception_yds,00-0033881,Evan Engram,DEN,SF,DEN @ SF,2026-10-04T20:25:00Z,17.5,0.4974,,,,,0.5781,
2026-10-04T17:13:17+00:00,2026,4,prop,player_reception_yds,00-0029892,Kyle Juszczyk,SF,DEN,DEN @ SF,2026-10-04T20:25:00Z,8.5,0.5028,,,,,0.5484,
2026-10-04T17:13:17+00:00,2026,4,prop,player_reception_yds,00-0039868,Troy Franklin,DEN,SF,DEN @ SF,2026-10-04T20:25:00Z,5.5,0.4899,,,,,0.8344,
2026-10-04T17:13:17+00:00,2026,4,prop,player_reception_yds,00-0036422,Adam Trautman,DEN,SF,DEN @ SF,2026-10-04T20:25:00Z,4.5,0.5005,,,,,0.8498,
2026-10-04T17:13:17+00:00,2026,4,prop,player_receptions,00-0033280,Christian McCaffrey,SF,DEN,DEN @ SF,2026-10-04T20:25:00Z,4.5,0.5646,,,,,0.4336,
2026-10-04T17:13:17+00:00,2026,4,prop,player_receptions,00-0033288,George Kittle,SF,DEN,DEN @ SF,2026-10-04T20:25:00Z,4.5,0.5462,,,,,0.5676,
2026-10-04T17:13:17+00:00,2026,4,prop,player_receptions,00-0036613,Jaylen Waddle,DEN,SF,DEN @ SF,2026-10-04T20:25:00Z,4.5,0.485,,,,,0.3078,
2026-10-04T17:13:17+00:00,2026,4,prop,player_receptions,00-0031408,Mike Evans,SF,DEN,DEN @ SF,2026-10-04T20:25:00Z,3.5,0.5181,,,,,0.4776,
2026-10-04T17:13:17+00:00,2026,4,prop,player_receptions,00-0040730,RJ Harvey,DEN,SF,DEN @ SF,2026-10-04T20:25:00Z,3.5,0.4749,,,,,0.5597,
2026-10-04T17:13:17+00:00,2026,4,prop,player_receptions,00-0034348,Courtland Sutton,DEN,SF,DEN @ SF,2026-10-04T20:25:00Z,3.5,0.4443,,,,,0.5131,
2026-10-04T17:13:17+00:00,2026,4,prop,player_receptions,00-0035719,Deebo Samuel Sr.,SF,DEN,DEN @ SF,2026-10-04T20:25:00Z,3.5,0.4233,,,,,0.3963,
2026-10-04T17:13:17+00:00,2026,4,prop,player_receptions,00-0033881,Evan Engram,DEN,SF,DEN @ SF,2026-10-04T20:25:00Z,2.5,0.4386,,,,,0.4991,
2026-10-04T17:13:17+00:00,2026,4,prop,player_receptions,00-0040134,Pat Bryant,DEN,SF,DEN @ SF,2026-10-04T20:25:00Z,2.5,0.4287,,,,,0.5091,
2026-10-04T17:13:17+00:00,2026,4,prop,player_receptions,00-0029892,Kyle Juszczyk,SF,DEN,DEN @ SF,2026-10-04T20:25:00Z,1.5,0.3847,,,,,0.4407,
2026-10-04T17:13:17+00:00,2026,4,prop,player_receptions,00-0039868,Troy Franklin,DEN,SF,DEN @ SF,2026-10-04T20:25:00Z,0.5,0.619,,,,,0.8468,
2026-10-04T17:13:17+00:00,2026,4,prop,player_receptions,00-0036422,Adam Trautman,DEN,SF,DEN @ SF,2026-10-04T20:25:00Z,0.5,0.5954,,,,,0.8869,
2026-10-04T17:13:17+00:00,2026,4,prop,player_rush_yds,00-0033280,Christian McCaffrey,SF,DEN,DEN @ SF,2026-10-04T20:25:00Z,66.5,0.4979,,,,,0.395,
2026-10-04T17:13:17+00:00,2026,4,prop,player_rush_yds,00-0036158,J.K. Dobbins,DEN,SF,DEN @ SF,2026-10-04T20:25:00Z,59.5,0.4997,,,,,0.4249,
2026-10-04T17:13:17+00:00,2026,4,prop,player_rush_yds,00-0041052,Kaelon Black,SF,DEN,DEN @ SF,2026-10-04T20:25:00Z,20.5,0.5,,,,,0.5662,
2026-10-04T17:13:17+00:00,2026,4,prop,player_rush_yds,00-0037834,Brock Purdy,SF,DEN,DEN @ SF,2026-10-04T20:25:00Z,17.5,0.5045,,,,,0.597,
2026-10-04T17:13:17+00:00,2026,4,prop,player_rush_yds,00-0039732,Bo Nix,DEN,SF,DEN @ SF,2026-10-04T20:25:00Z,16.5,0.4946,,,,,0.2868,
2026-10-04T17:13:17+00:00,2026,4,prop,player_rush_yds,00-0040730,RJ Harvey,DEN,SF,DEN @ SF,2026-10-04T20:25:00Z,15.5,0.5028,,,,,0.6676,
2026-10-04T17:13:17+00:00,2026,4,prop,player_pass_tds,00-0033873,Patrick Mahomes,KC,LV,KC @ LV,2026-10-04T20:25:00Z,1.5,0.5497,,,,,0.4582,
2026-10-04T17:13:17+00:00,2026,4,prop,player_pass_tds,00-0029604,Kirk Cousins,LV,KC,KC @ LV,2026-10-04T20:25:00Z,1.5,0.4115,,,,,0.4527,
2026-10-04T17:13:17+00:00,2026,4,prop,player_pass_yds,00-0033873,Patrick Mahomes,KC,LV,KC @ LV,2026-10-04T20:25:00Z,237.5,0.5007,,,,,0.5021,
2026-10-04T17:13:17+00:00,2026,4,prop,player_pass_yds,00-0029604,Kirk Cousins,LV,KC,KC @ LV,2026-10-04T20:25:00Z,222.5,0.4993,,,,,0.2848,
2026-10-04T17:13:17+00:00,2026,4,prop,player_reception_yds,00-0039338,Brock Bowers,LV,KC,KC @ LV,2026-10-04T20:25:00Z,69.5,0.4993,,,,,0.2885,
2026-10-04T17:13:17+00:00,2026,4,prop,player_reception_yds,00-0039067,Rashee Rice,KC,LV,KC @ LV,2026-10-04T20:25:00Z,57.5,0.5007,,,,,0.5221,
2026-10-04T17:13:17+00:00,2026,4,prop,player_reception_yds,00-0030506,Travis Kelce,KC,LV,KC @ LV,2026-10-04T20:25:00Z,47.5,0.5027,,,,,0.4269,
2026-10-04T17:13:17+00:00,2026,4,prop,player_reception_yds,00-0038563,Tre Tucker,LV,KC,KC @ LV,2026-10-04T20:25:00Z,38.5,0.4976,,,,,0.4383,
2026-10-04T17:13:17+00:00,2026,4,prop,player_reception_yds,00-0039894,Xavier Worthy,KC,LV,KC @ LV,2026-10-04T20:25:00Z,33.5,0.5044,,,,,0.3713,
2026-10-04T17:13:17+00:00,2026,4,prop,player_reception_yds,00-0039066,Michael Mayer,LV,KC,KC @ LV,2026-10-04T20:25:00Z,24.5,0.5007,,,,,0.4605,
2026-10-04T17:13:17+00:00,2026,4,prop,player_reception_yds,00-0038134,Kenneth Walker III,KC,LV,KC @ LV,2026-10-04T20:25:00Z,22.5,0.4967,,,,,0.3588,
2026-10-04T17:13:17+00:00,2026,4,prop,player_reception_yds,00-0038104,Tyquan Thornton,KC,LV,KC @ LV,2026-10-04T20:25:00Z,21.5,0.4987,,,,,0.5252,
2026-10-04T17:13:17+00:00,2026,4,prop,player_reception_yds,00-0040122,Ashton Jeanty,LV,KC,KC @ LV,2026-10-04T20:25:00Z,20.5,0.5034,,,,,0.5202,
2026-10-04T17:13:17+00:00,2026,4,prop,player_reception_yds,00-0037291,Jalen Nailor,LV,KC,KC @ LV,2026-10-04T20:25:00Z,20.5,0.4993,,,,,0.3467,
2026-10-04T17:13:17+00:00,2026,4,prop,player_reception_yds,00-0035891,Cody White,LV,KC,KC @ LV,2026-10-04T20:25:00Z,10.5,0.5023,,,,,0.2935,
2026-10-04T17:13:17+00:00,2026,4,prop,player_reception_yds,00-0036637,Noah Gray,KC,LV,KC @ LV,2026-10-04T20:25:00Z,9.5,0.4908,,,,,0.5059,
2026-10-04T17:13:17+00:00,2026,4,prop,player_reception_yds,00-0041013,Emmett Johnson,KC,LV,KC @ LV,2026-10-04T20:25:00Z,7.5,0.4799,,,,,0.5626,
2026-10-04T17:13:17+00:00,2026,4,prop,player_receptions,00-0039338,Brock Bowers,LV,KC,KC @ LV,2026-10-04T20:25:00Z,6.5,0.5408,,,,,0.3714,
2026-10-04T17:13:17+00:00,2026,4,prop,player_receptions,00-0039067,Rashee Rice,KC,LV,KC @ LV,2026-10-04T20:25:00Z,4.5,0.5548,,,,,0.6316,
2026-10-04T17:13:17+00:00,2026,4,prop,player_receptions,00-0030506,Travis Kelce,KC,LV,KC @ LV,2026-10-04T20:25:00Z,4.5,0.4589,,,,,0.396,
2026-10-04T17:13:17+00:00,2026,4,prop,player_receptions,00-0038563,Tre Tucker,LV,KC,KC @ LV,2026-10-04T20:25:00Z,3.5,0.4286,,,,,0.4343,
2026-10-04T17:13:17+00:00,2026,4,prop,player_receptions,00-0039894,Xavier Worthy,KC,LV,KC @ LV,2026-10-04T20:25:00Z,3.5,0.408,,,,,0.3392,
2026-10-04T17:13:17+00:00,2026,4,prop,player_receptions,00-0040122,Ashton Jeanty,LV,KC,KC @ LV,2026-10-04T20:25:00Z,3.5,0.4244,,,,,0.481,
2026-10-04T17:13:17+00:00,2026,4,prop,player_receptions,00-0038134,Kenneth Walker III,KC,LV,KC @ LV,2026-10-04T20:25:00Z,3.5,0.4047,,,,,0.3084,
2026-10-04T17:13:17+00:00,2026,4,prop,player_receptions,00-0039066,Michael Mayer,LV,KC,KC @ LV,2026-10-04T20:25:00Z,2.5,0.5436,,,,,0.5643,
2026-10-04T17:13:17+00:00,2026,4,prop,player_receptions,00-0037291,Jalen Nailor,LV,KC,KC @ LV,2026-10-04T20:25:00Z,1.5,0.5795,,,,,0.5198,
2026-10-04T17:13:17+00:00,2026,4,prop,player_receptions,00-0038104,Tyquan Thornton,KC,LV,KC @ LV,2026-10-04T20:25:00Z,1.5,0.4796,,,,,0.5272,
2026-10-04T17:13:17+00:00,2026,4,prop,player_receptions,00-0035891,Cody White,LV,KC,KC @ LV,2026-10-04T20:25:00Z,1.5,0.3699,,,,,0.3141,
2026-10-04T17:13:17+00:00,2026,4,prop,player_receptions,00-0036637,Noah Gray,KC,LV,KC @ LV,2026-10-04T20:25:00Z,1.5,0.374,,,,,0.5235,
2026-10-04T17:13:17+00:00,2026,4,prop,player_receptions,00-0041013,Emmett Johnson,KC,LV,KC @ LV,2026-10-04T20:25:00Z,1.5,0.3725,,,,,0.4178,
2026-10-04T17:13:17+00:00,2026,4,prop,player_rush_yds,00-0038134,Kenneth Walker III,KC,LV,KC @ LV,2026-10-04T20:25:00Z,86.5,0.5012,,,,,0.3509,
2026-10-04T17:13:17+00:00,2026,4,prop,player_rush_yds,00-0040122,Ashton Jeanty,LV,KC,KC @ LV,2026-10-04T20:25:00Z,58.5,0.4962,,,,,0.3871,
2026-10-04T17:13:17+00:00,2026,4,prop,player_rush_yds,00-0040878,Mike Washington Jr.,LV,KC,KC @ LV,2026-10-04T20:25:00Z,16.5,0.5077,,,,,0.657,
2026-10-04T17:13:17+00:00,2026,4,prop,player_rush_yds,00-0041013,Emmett Johnson,KC,LV,KC @ LV,2026-10-04T20:25:00Z,15.5,0.5035,,,,,0.6866,
2026-10-04T17:13:17+00:00,2026,4,prop,player_rush_yds,00-0033873,Patrick Mahomes,KC,LV,KC @ LV,2026-10-04T20:25:00Z,15.5,0.4984,,,,,0.5492,
2026-10-04T17:13:17+00:00,2026,4,prop,player_pass_tds,00-0034869,Sam Darnold,SEA,LAC,LAC @ SEA,2026-10-04T20:25:00Z,1.5,0.5277,,,,,0.3432,
2026-10-04T17:13:17+00:00,2026,4,prop,player_pass_tds,00-0036355,Justin Herbert,LAC,SEA,LAC @ SEA,2026-10-04T20:25:00Z,0.5,0.6769,,,,,0.6762,
2026-10-04T17:13:17+00:00,2026,4,prop,player_pass_yds,00-0034869,Sam Darnold,SEA,LAC,LAC @ SEA,2026-10-04T20:25:00Z,233.5,0.5007,,,,,0.3431,
2026-10-04T17:13:17+00:00,2026,4,prop,player_pass_yds,00-0036355,Justin Herbert,LAC,SEA,LAC @ SEA,2026-10-04T20:25:00Z,200.5,0.4993,,,,,0.49,
2026-10-04T17:13:17+00:00,2026,4,prop,player_reception_yds,00-0038543,Jaxon Smith-Njigba,SEA,LAC,LAC @ SEA,2026-10-04T20:25:00Z,93.5,0.5027,,,,,0.5449,
2026-10-04T17:13:17+00:00,2026,4,prop,player_reception_yds,00-0039915,Ladd McConkey,LAC,SEA,LAC @ SEA,2026-10-04T20:25:00Z,47.5,0.5002,,,,,0.3006,
2026-10-04T17:13:17+00:00,2026,4,prop,player_reception_yds,00-0038544,Quentin Johnston,LAC,SEA,LAC @ SEA,2026-10-04T20:25:00Z,36.5,0.4979,,,,,0.3599,
2026-10-04T17:13:17+00:00,2026,4,prop,player_reception_yds,00-0040727,Tre Harris,LAC,SEA,LAC @ SEA,2026-10-04T20:25:00Z,35.5,0.5011,,,,,0.2965,
2026-10-04T17:13:17+00:00,2026,4,prop,player_reception_yds,00-0039793,AJ Barner,SEA,LAC,LAC @ SEA,2026-10-04T20:25:00Z,31.5,0.5011,,,,,0.3722,
2026-10-04T17:13:17+00:00,2026,4,prop,player_reception_yds,00-0040189,Oronde Gadsden II,LAC,SEA,LAC @ SEA,2026-10-04T20:25:00Z,27.5,0.4976,,,,,0.3417,
2026-10-04T17:13:17+00:00,2026,4,prop,player_reception_yds,00-0033908,Cooper Kupp,SEA,LAC,LAC @ SEA,2026-10-04T20:25:00Z,23.5,0.4982,,,,,0.6722,
2026-10-04T17:13:17+00:00,2026,4,prop,player_reception_yds,00-0037545,Rashid Shaheed,SEA,LAC,LAC @ SEA,2026-10-04T20:25:00Z,22.5,0.5018,,,,,0.3508,
2026-10-04T17:13:17+00:00,2026,4,prop,player_reception_yds,00-0039299,George Holani,SEA,LAC,LAC @ SEA,2026-10-04T20:25:00Z,12.5,0.4886,,,,,0.1958,
2026-10-04T17:13:17+00:00,2026,4,prop,player_reception_yds,00-0038454,Keaton Mitchell,LAC,SEA,LAC @ SEA,2026-10-04T20:25:00Z,10.5,0.496,,,,,0.1636,
2026-10-04T17:13:17+00:00,2026,4,prop,player_reception_yds,00-0040648,Tory Horton,SEA,LAC,LAC @ SEA,2026-10-04T20:25:00Z,7.5,0.5077,,,,,0.794,
2026-10-04T17:13:17+00:00,2026,4,prop,player_reception_yds,00-0040666,Omarion Hampton,LAC,SEA,LAC @ SEA,2026-10-04T20:25:00Z,5.5,0.5061,,,,,0.6464,
2026-10-04T17:13:17+00:00,2026,4,prop,player_receptions,00-0038543,Jaxon Smith-Njigba,SEA,LAC,LAC @ SEA,2026-10-04T20:25:00Z,6.5,0.5576,,,,,0.5553,
2026-10-04T17:13:17+00:00,2026,4,prop,player_receptions,00-0039915,Ladd McConkey,LAC,SEA,LAC @ SEA,2026-10-04T20:25:00Z,3.5,0.5856,,,,,0.4002,
2026-10-04T17:13:17+00:00,2026,4,prop,player_receptions,00-0040727,Tre Harris,LAC,SEA,LAC @ SEA,2026-10-04T20:25:00Z,3.5,0.4368,,,,,0.255,
2026-10-04T17:13:17+00:00,2026,4,prop,player_receptions,00-0038544,Quentin Johnston,LAC,SEA,LAC @ SEA,2026-10-04T20:25:00Z,3.5,0.4211,,,,,0.31,
2026-10-04T17:13:17+00:00,2026,4,prop,player_receptions,00-0039793,AJ Barner,SEA,LAC,LAC @ SEA,2026-10-04T20:25:00Z,3.5,0.4052,,,,,0.3141,
2026-10-04T17:13:17+00:00,2026,4,prop,player_receptions,00-0040189,Oronde Gadsden II,LAC,SEA,LAC @ SEA,2026-10-04T20:25:00Z,2.5,0.5486,,,,,0.3912,
2026-10-04T17:13:17+00:00,2026,4,prop,player_receptions,00-0033908,Cooper Kupp,SEA,LAC,LAC @ SEA,2026-10-04T20:25:00Z,2.5,0.4348,,,,,0.485,
2026-10-04T17:13:17+00:00,2026,4,prop,player_receptions,00-0037545,Rashid Shaheed,SEA,LAC,LAC @ SEA,2026-10-04T20:25:00Z,2.5,0.395,,,,,0.371,
2026-10-04T17:13:17+00:00,2026,4,prop,player_receptions,00-0039299,George Holani,SEA,LAC,LAC @ SEA,2026-10-04T20:25:00Z,1.5,0.5396,,,,,0.2372,
2026-10-04T17:13:17+00:00,2026,4,prop,player_receptions,00-0038454,Keaton Mitchell,LAC,SEA,LAC @ SEA,2026-10-04T20:25:00Z,1.5,0.5059,,,,,0.3318,
2026-10-04T17:13:17+00:00,2026,4,prop,player_receptions,00-0040666,Omarion Hampton,LAC,SEA,LAC @ SEA,2026-10-04T20:25:00Z,1.5,0.4503,,,,,0.5109,
2026-10-04T17:13:17+00:00,2026,4,prop,player_receptions,00-0040648,Tory Horton,SEA,LAC,LAC @ SEA,2026-10-04T20:25:00Z,0.5,0.6661,,,,,0.8341,
2026-10-04T17:13:17+00:00,2026,4,prop,player_rush_yds,00-0038797,Emanuel Wilson,SEA,LAC,LAC @ SEA,2026-10-04T20:25:00Z,49.5,0.5017,,,,,0.2418,
2026-10-04T17:13:17+00:00,2026,4,prop,player_rush_yds,00-0040666,Omarion Hampton,LAC,SEA,LAC @ SEA,2026-10-04T20:25:00Z,45.5,0.5,,,,,0.4986,
2026-10-04T17:13:17+00:00,2026,4,prop,player_rush_yds,00-0039299,George Holani,SEA,LAC,LAC @ SEA,2026-10-04T20:25:00Z,32.5,0.4959,,,,,0.0786,
2026-10-04T17:13:17+00:00,2026,4,prop,player_rush_yds,00-0036355,Justin Herbert,LAC,SEA,LAC @ SEA,2026-10-04T20:25:00Z,20.5,0.5018,,,,,0.4711,
2026-10-04T17:13:17+00:00,2026,4,prop,player_rush_yds,00-0038454,Keaton Mitchell,LAC,SEA,LAC @ SEA,2026-10-04T20:25:00Z,18.5,0.4959,,,,,0.485,
2026-10-04T17:13:17+00:00,2026,4,prop,player_rush_yds,00-0034869,Sam Darnold,SEA,LAC,LAC @ SEA,2026-10-04T20:25:00Z,4.5,0.5008,,,,,0.3954,
2026-10-04T17:13:17+00:00,2026,4,prop,player_reception_yds,00-0038797,Emanuel Wilson,SEA,LAC,LAC @ SEA,2026-10-04T20:25:00Z,6.5,0.5101,,,,,0.1993,
2026-10-04T17:13:17+00:00,2026,4,prop,player_receptions,00-0033576,Eric Saubert,SEA,LAC,LAC @ SEA,2026-10-04T20:25:00Z,0.5,0.4425,,,,,0.6231,
2026-10-04T17:13:17+00:00,2026,4,prop,player_pass_tds,00-0033106,Jared Goff,DET,CAR,DET @ CAR,2026-10-05T00:20:00Z,1.5,0.6066,,,,,0.5319,
2026-10-04T17:13:17+00:00,2026,4,prop,player_pass_tds,00-0039150,Bryce Young,CAR,DET,DET @ CAR,2026-10-05T00:20:00Z,1.5,0.5263,,,,,0.5971,
2026-10-04T17:13:17+00:00,2026,4,prop,player_pass_yds,00-0033106,Jared Goff,DET,CAR,DET @ CAR,2026-10-05T00:20:00Z,257.5,0.5008,,,,,0.4641,
2026-10-04T17:13:17+00:00,2026,4,prop,player_pass_yds,00-0039150,Bryce Young,CAR,DET,DET @ CAR,2026-10-05T00:20:00Z,242.5,0.5005,,,,,0.4372,
2026-10-04T17:13:17+00:00,2026,4,prop,player_reception_yds,00-0036963,Amon-Ra St. Brown,DET,CAR,DET @ CAR,2026-10-05T00:20:00Z,77.5,0.5018,,,,,0.3781,
2026-10-04T17:13:17+00:00,2026,4,prop,player_reception_yds,00-0040124,Tetairoa McMillan,CAR,DET,DET @ CAR,2026-10-05T00:20:00Z,72.5,0.5034,,,,,0.3184,
2026-10-04T17:13:17+00:00,2026,4,prop,player_reception_yds,00-0037240,Jameson Williams,DET,CAR,DET @ CAR,2026-10-05T00:20:00Z,50.5,0.4997,,,,,0.4572,
2026-10-04T17:13:17+00:00,2026,4,prop,player_reception_yds,00-0039065,Sam LaPorta,DET,CAR,DET @ CAR,2026-10-05T00:20:00Z,48.5,0.499,,,,,0.4612,
2026-10-04T17:13:17+00:00,2026,4,prop,player_reception_yds,00-0039139,Jahmyr Gibbs,DET,CAR,DET @ CAR,2026-10-05T00:20:00Z,37.5,0.5021,,,,,0.5095,
2026-10-04T17:13:17+00:00,2026,4,prop,player_reception_yds,00-0031610,Darren Waller,CAR,DET,DET @ CAR,2026-10-05T00:20:00Z,36.5,0.5011,,,,,0.4634,
2026-10-04T17:13:17+00:00,2026,4,prop,player_reception_yds,00-0038840,Brycen Tremayne,CAR,DET,DET @ CAR,2026-10-05T00:20:00Z,33.5,0.4979,,,,,0.1915,
2026-10-04T17:13:17+00:00,2026,4,prop,player_reception_yds,00-0036555,Chuba Hubbard,CAR,DET,DET @ CAR,2026-10-05T00:20:00Z,20.5,0.4973,,,,,0.5046,
2026-10-04T17:13:17+00:00,2026,4,prop,player_reception_yds,00-0040669,Isaac TeSlaa,DET,CAR,DET @ CAR,2026-10-05T00:20:00Z,17.5,0.5002,,,,,0.5022,
2026-10-04T17:13:17+00:00,2026,4,prop,player_reception_yds,00-0037005,Tommy Tremble,CAR,DET,DET @ CAR,2026-10-05T00:20:00Z,12.5,0.5005,,,,,0.6397,
2026-10-04T17:13:17+00:00,2026,4,prop,player_reception_yds,00-0036754,Brock Wright,DET,CAR,DET @ CAR,2026-10-05T00:20:00Z,5.5,0.4933,,,,,0.5611,
2026-10-04T17:13:17+00:00,2026,4,prop,player_receptions,00-0036963,Amon-Ra St. Brown,DET,CAR,DET @ CAR,2026-10-05T00:20:00Z,6.5,0.5571,,,,,0.4553,
2026-10-04T17:13:17+00:00,2026,4,prop,player_receptions,00-0040124,Tetairoa McMillan,CAR,DET,DET @ CAR,2026-10-05T00:20:00Z,5.5,0.4264,,,,,0.2416,
2026-10-04T17:13:17+00:00,2026,4,prop,player_receptions,00-0039139,Jahmyr Gibbs,DET,CAR,DET @ CAR,2026-10-05T00:20:00Z,4.5,0.5268,,,,,0.5354,
2026-10-04T17:13:17+00:00,2026,4,prop,player_receptions,00-0039065,Sam LaPorta,DET,CAR,DET @ CAR,2026-10-05T00:20:00Z,4.5,0.444,,,,,0.3992,
2026-10-04T17:13:17+00:00,2026,4,prop,player_receptions,00-0031610,Darren Waller,CAR,DET,DET @ CAR,2026-10-05T00:20:00Z,3.5,0.4822,,,,,0.4452,
2026-10-04T17:13:17+00:00,2026,4,prop,player_receptions,00-0037240,Jameson Williams,DET,CAR,DET @ CAR,2026-10-05T00:20:00Z,3.5,0.4671,,,,,0.5099,
2026-10-04T17:13:17+00:00,2026,4,prop,player_receptions,00-0036555,Chuba Hubbard,CAR,DET,DET @ CAR,2026-10-05T00:20:00Z,2.5,0.5748,,,,,0.7228,
2026-10-04T17:13:17+00:00,2026,4,prop,player_receptions,00-0038840,Brycen Tremayne,CAR,DET,DET @ CAR,2026-10-05T00:20:00Z,2.5,0.5139,,,,,0.2196,
2026-10-04T17:13:17+00:00,2026,4,prop,player_receptions,00-0037005,Tommy Tremble,CAR,DET,DET @ CAR,2026-10-05T00:20:00Z,1.5,0.5652,,,,,0.7125,
2026-10-04T17:13:17+00:00,2026,4,prop,player_receptions,00-0040669,Isaac TeSlaa,DET,CAR,DET @ CAR,2026-10-05T00:20:00Z,1.5,0.4724,,,,,0.5097,
2026-10-04T17:13:17+00:00,2026,4,prop,player_receptions,00-0036754,Brock Wright,DET,CAR,DET @ CAR,2026-10-05T00:20:00Z,0.5,0.5593,,,,,0.8171,
2026-10-04T17:13:17+00:00,2026,4,prop,player_rush_yds,00-0039139,Jahmyr Gibbs,DET,CAR,DET @ CAR,2026-10-05T00:20:00Z,94.5,0.5014,,,,,0.3402,
2026-10-04T17:13:17+00:00,2026,4,prop,player_rush_yds,00-0036555,Chuba Hubbard,CAR,DET,DET @ CAR,2026-10-05T00:20:00Z,66.5,0.5,,,,,0.4021,
2026-10-04T17:13:17+00:00,2026,4,prop,player_rush_yds,00-0036265,AJ Dillon,CAR,DET,DET @ CAR,2026-10-05T00:20:00Z,12.5,0.5039,,,,,0.3211,
2026-10-04T17:13:17+00:00,2026,4,prop,player_rush_yds,00-0039150,Bryce Young,CAR,DET,DET @ CAR,2026-10-05T00:20:00Z,11.5,0.5106,,,,,0.3748,
2026-10-04T17:13:17+00:00,2026,4,prop,player_rush_yds,00-0039364,Sione Vaki,DET,CAR,DET @ CAR,2026-10-05T00:20:00Z,11.5,0.5089,,,,,0.2308,
2026-10-04T17:13:17+00:00,2026,4,prop,player_rush_yds,00-0033106,Jared Goff,DET,CAR,DET @ CAR,2026-10-05T00:20:00Z,1.5,0.4914,,,,,0.4783,
2026-10-04T17:13:17+00:00,2026,4,game,game_spread,GAME_CHI_NYJ_spread,NYJ @ CHI,CHI,NYJ,NYJ @ CHI,2026-10-04T17:02:29Z,-3.5,0.4996,,,,,0.5216,
2026-10-04T17:13:17+00:00,2026,4,game,game_total,GAME_CHI_NYJ_total,NYJ @ CHI,CHI,NYJ,NYJ @ CHI,2026-10-04T17:02:29Z,44.0,0.5,,,,,0.6106,
2026-10-04T17:13:17+00:00,2026,4,game,game_spread,GAME_BAL_TEN_spread,TEN @ BAL,BAL,TEN,TEN @ BAL,2026-10-04T17:02:31Z,-17.5,0.4983,,,,,0.2978,
2026-10-04T17:13:17+00:00,2026,4,game,game_total,GAME_BAL_TEN_total,TEN @ BAL,BAL,TEN,TEN @ BAL,2026-10-04T17:02:31Z,46.5,0.5156,,,,,0.661,
2026-10-04T17:13:17+00:00,2026,4,game,game_spread,GAME_BUF_NE_spread,NE @ BUF,BUF,NE,NE @ BUF,2026-10-04T17:02:33Z,-4.5,0.4908,,,,,0.4374,
2026-10-04T17:13:17+00:00,2026,4,game,game_total,GAME_BUF_NE_total,NE @ BUF,BUF,NE,NE @ BUF,2026-10-04T17:02:33Z,46.5,0.4811,,,,,0.8242,
2026-10-04T17:13:17+00:00,2026,4,game,game_spread,GAME_TB_GB_spread,GB @ TB,TB,GB,GB @ TB,2026-10-04T17:02:33Z,3.0,0.5191,,,,,0.543,
2026-10-04T17:13:17+00:00,2026,4,game,game_total,GAME_TB_GB_total,GB @ TB,TB,GB,GB @ TB,2026-10-04T17:02:33Z,38.5,0.5,,,,,0.7837,
2026-10-04T17:13:17+00:00,2026,4,game,game_spread,GAME_NYG_ARI_spread,ARI @ NYG,NYG,ARI,ARI @ NYG,2026-10-04T17:02:35Z,5.0,0.5,,,,,0.666,
2026-10-04T17:13:17+00:00,2026,4,game,game_total,GAME_NYG_ARI_total,ARI @ NYG,NYG,ARI,ARI @ NYG,2026-10-04T17:02:35Z,48.5,0.4919,,,,,0.7696,
2026-10-04T17:13:17+00:00,2026,4,game,game_spread,GAME_CIN_JAX_spread,JAX @ CIN,CIN,JAX,JAX @ CIN,2026-10-04T17:02:35Z,-3.5,0.4885,,,,,0.2272,
2026-10-04T17:13:17+00:00,2026,4,game,game_total,GAME_CIN_JAX_total,JAX @ CIN,CIN,JAX,JAX @ CIN,2026-10-04T17:02:35Z,49.0,nan,,,,,0.6725,
2026-10-04T17:13:17+00:00,2026,4,game,game_spread,GAME_PHI_LA_spread,LA @ PHI,PHI,LA,LA @ PHI,2026-10-04T17:02:38Z,2.5,0.484,,,,,0.3453,
2026-10-04T17:13:17+00:00,2026,4,game,game_total,GAME_PHI_LA_total,LA @ PHI,PHI,LA,LA @ PHI,2026-10-04T17:02:38Z,43.5,0.5033,,,,,0.663,
2026-10-04T17:13:17+00:00,2026,4,game,game_spread,GAME_HOU_DAL_spread,DAL @ HOU,HOU,DAL,DAL @ HOU,2026-10-04T17:02:51Z,-3.0,0.48,,,,,0.482,
2026-10-04T17:13:17+00:00,2026,4,game,game_total,GAME_HOU_DAL_total,DAL @ HOU,HOU,DAL,DAL @ HOU,2026-10-04T17:02:51Z,49.0,0.4971,,,,,0.6754,
2026-10-04T17:13:17+00:00,2026,4,game,game_spread,GAME_MIN_MIA_spread,MIA @ MIN,MIN,MIA,MIA @ MIN,2026-10-04T20:05:00Z,-10.0,0.4905,,,,,0.2482,
2026-10-04T17:13:17+00:00,2026,4,game,game_total,GAME_MIN_MIA_total,MIA @ MIN,MIN,MIA,MIA @ MIN,2026-10-04T20:05:00Z,38.5,0.4963,,,,,0.7837,
2026-10-04T17:13:17+00:00,2026,4,game,game_spread,GAME_SF_DEN_spread,DEN @ SF,SF,DEN,DEN @ SF,2026-10-04T20:25:00Z,-3.0,0.494,,,,,0.6498,
2026-10-04T17:13:17+00:00,2026,4,game,game_total,GAME_SF_DEN_total,DEN @ SF,SF,DEN,DEN @ SF,2026-10-04T20:25:00Z,48.0,0.4996,,,,,0.7307,
2026-10-04T17:13:17+00:00,2026,4,game,game_spread,GAME_LV_KC_spread,KC @ LV,LV,KC,KC @ LV,2026-10-04T20:25:00Z,4.5,0.4936,,,,,0.5443,
2026-10-04T17:13:17+00:00,2026,4,game,game_total,GAME_LV_KC_total,KC @ LV,LV,KC,KC @ LV,2026-10-04T20:25:00Z,47.5,0.5031,,,,,0.5554,
2026-10-04T17:13:17+00:00,2026,4,game,game_spread,GAME_SEA_LAC_spread,LAC @ SEA,SEA,LAC,LAC @ SEA,2026-10-04T20:25:00Z,-7.0,0.5096,,,,,0.4061,
2026-10-04T17:13:17+00:00,2026,4,game,game_total,GAME_SEA_LAC_total,LAC @ SEA,SEA,LAC,LAC @ SEA,2026-10-04T20:25:00Z,42.5,0.5078,,,,,0.6651,
2026-10-04T17:13:17+00:00,2026,4,game,game_spread,GAME_CAR_DET_spread,DET @ CAR,CAR,DET,DET @ CAR,2026-10-05T00:20:00Z,3.5,0.4873,,,,,0.4394,
2026-10-04T17:13:17+00:00,2026,4,game,game_total,GAME_CAR_DET_total,DET @ CAR,CAR,DET,DET @ CAR,2026-10-05T00:20:00Z,51.5,0.5005,,,,,0.6608,
2026-10-05T22:19:01+00:00,2026,4,prop,player_reception_yds,00-0035644,Noah Fant,NO,ATL,ATL @ NO,2026-10-06T00:15:00Z,16.5,0.499,,,,,0.4438,
2026-10-05T22:19:01+00:00,2026,4,prop,player_receptions,00-0035644,Noah Fant,NO,ATL,ATL @ NO,2026-10-06T00:15:00Z,1.5,0.5917,,,,,0.5934,
2026-10-05T23:37:30+00:00,2026,4,prop,player_pass_tds,00-0040743,Tyler Shough,NO,ATL,ATL @ NO,2026-10-06T00:15:00Z,1.5,0.5365,,,,,0.5251,
2026-10-05T23:37:30+00:00,2026,4,prop,player_pass_tds,00-0039917,Michael Penix Jr.,ATL,NO,ATL @ NO,2026-10-06T00:15:00Z,1.5,0.439,,,,,0.3482,
2026-10-05T23:37:30+00:00,2026,4,prop,player_pass_yds,00-0040743,Tyler Shough,NO,ATL,ATL @ NO,2026-10-06T00:15:00Z,258.5,0.4993,,,,,0.4302,
2026-10-05T23:37:30+00:00,2026,4,prop,player_pass_yds,00-0039917,Michael Penix Jr.,ATL,NO,ATL @ NO,2026-10-06T00:15:00Z,225.5,0.5044,,,,,0.3234,
2026-10-05T23:37:30+00:00,2026,4,prop,player_reception_yds,00-0037239,Chris Olave,NO,ATL,ATL @ NO,2026-10-06T00:15:00Z,85.5,0.5048,,,,,0.5818,
2026-10-05T23:37:30+00:00,2026,4,prop,player_reception_yds,00-0037238,Drake London,ATL,NO,ATL @ NO,2026-10-06T00:15:00Z,80.5,0.5041,,,,,0.3409,
2026-10-05T23:37:30+00:00,2026,4,prop,player_reception_yds,00-0036040,Juwan Johnson,NO,ATL,ATL @ NO,2026-10-06T00:15:00Z,46.5,0.5041,,,,,0.5978,
2026-10-05T23:37:30+00:00,2026,4,prop,player_reception_yds,00-0039424,Devaughn Vele,NO,ATL,ATL @ NO,2026-10-06T00:15:00Z,46.5,0.4975,,,,,0.4682,
2026-10-05T23:37:30+00:00,2026,4,prop,player_reception_yds,00-0038542,Bijan Robinson,ATL,NO,ATL @ NO,2026-10-06T00:15:00Z,36.5,0.4987,,,,,0.4075,
2026-10-05T23:37:30+00:00,2026,4,prop,player_reception_yds,00-0036970,Kyle Pitts,ATL,NO,ATL @ NO,2026-10-06T00:15:00Z,31.5,0.4979,,,,,0.4418,
2026-10-05T23:37:30+00:00,2026,4,prop,player_reception_yds,00-0037741,Jahan Dotson,ATL,NO,ATL @ NO,2026-10-06T00:15:00Z,18.5,0.5062,,,,,0.2949,
2026-10-05T23:37:30+00:00,2026,4,prop,player_reception_yds,00-0033906,Alvin Kamara,NO,ATL,ATL @ NO,2026-10-06T00:15:00Z,16.5,0.4993,,,,,0.3041,
2026-10-05T23:37:30+00:00,2026,4,prop,player_reception_yds,00-0041067,Bryce Lance,NO,ATL,ATL @ NO,2026-10-06T00:15:00Z,15.5,0.5062,,,,,0.3054,
2026-10-05T23:37:30+00:00,2026,4,prop,player_reception_yds,00-0035208,Olamide Zaccheaus,ATL,NO,ATL @ NO,2026-10-06T00:15:00Z,9.5,0.4928,,,,,0.4985,
2026-10-05T23:37:30+00:00,2026,4,prop,player_reception_yds,00-0038551,Kendre Miller,NO,ATL,ATL @ NO,2026-10-06T00:15:00Z,6.5,0.4939,,,,,0.3216,
2026-10-05T23:37:30+00:00,2026,4,prop,player_reception_yds,00-0032392,Austin Hooper,ATL,NO,ATL @ NO,2026-10-06T00:15:00Z,6.5,0.4924,,,,,0.8427,
2026-10-05T23:37:30+00:00,2026,4,prop,player_reception_yds,00-0041044,Zachariah Branch,ATL,NO,ATL @ NO,2026-10-06T00:15:00Z,5.5,0.4985,,,,,0.5214,
2026-10-05T23:37:30+00:00,2026,4,prop,player_receptions,00-0037239,Chris Olave,NO,ATL,ATL @ NO,2026-10-06T00:15:00Z,6.5,0.5469,,,,,0.6157,
2026-10-05T23:37:30+00:00,2026,4,prop,player_receptions,00-0037238,Drake London,ATL,NO,ATL @ NO,2026-10-06T00:15:00Z,6.5,0.44,,,,,0.2327,
2026-10-05T23:37:30+00:00,2026,4,prop,player_receptions,00-0038542,Bijan Robinson,ATL,NO,ATL @ NO,2026-10-06T00:15:00Z,4.5,0.4435,,,,,0.3891,
2026-10-05T23:37:30+00:00,2026,4,prop,player_receptions,00-0036040,Juwan Johnson,NO,ATL,ATL @ NO,2026-10-06T00:15:00Z,4.5,0.4374,,,,,0.4649,
2026-10-05T23:37:30+00:00,2026,4,prop,player_receptions,00-0039424,Devaughn Vele,NO,ATL,ATL @ NO,2026-10-06T00:15:00Z,3.5,0.5797,,,,,0.5369,
2026-10-05T23:37:30+00:00,2026,4,prop,player_receptions,00-0033906,Alvin Kamara,NO,ATL,ATL @ NO,2026-10-06T00:15:00Z,2.5,0.5952,,,,,0.5228,
2026-10-05T23:37:30+00:00,2026,4,prop,player_receptions,00-0036970,Kyle Pitts,ATL,NO,ATL @ NO,2026-10-06T00:15:00Z,2.5,0.5862,,,,,0.5616,
2026-10-05T23:37:30+00:00,2026,4,prop,player_receptions,00-0037741,Jahan Dotson,ATL,NO,ATL @ NO,2026-10-06T00:15:00Z,1.5,0.5398,,,,,0.461,
2026-10-05T23:37:30+00:00,2026,4,prop,player_receptions,00-0041067,Bryce Lance,NO,ATL,ATL @ NO,2026-10-06T00:15:00Z,1.5,0.4441,,,,,0.519,
2026-10-05T23:37:30+00:00,2026,4,prop,player_receptions,00-0035208,Olamide Zaccheaus,ATL,NO,ATL @ NO,2026-10-06T00:15:00Z,1.5,0.4032,,,,,0.5704,
2026-10-05T23:37:30+00:00,2026,4,prop,player_receptions,00-0038551,Kendre Miller,NO,ATL,ATL @ NO,2026-10-06T00:15:00Z,1.5,0.3772,,,,,0.2919,
2026-10-05T23:37:30+00:00,2026,4,prop,player_receptions,00-0032392,Austin Hooper,ATL,NO,ATL @ NO,2026-10-06T00:15:00Z,0.5,0.6383,,,,,0.8776,
2026-10-05T23:37:30+00:00,2026,4,prop,player_receptions,00-0041044,Zachariah Branch,ATL,NO,ATL @ NO,2026-10-06T00:15:00Z,0.5,0.5776,,,,,0.8294,
2026-10-05T23:37:30+00:00,2026,4,prop,player_rush_yds,00-0038542,Bijan Robinson,ATL,NO,ATL @ NO,2026-10-06T00:15:00Z,87.5,0.5033,,,,,0.5464,
2026-10-05T23:37:30+00:00,2026,4,prop,player_rush_yds,00-0033906,Alvin Kamara,NO,ATL,ATL @ NO,2026-10-06T00:15:00Z,35.5,0.5,,,,,0.3609,
2026-10-05T23:37:30+00:00,2026,4,prop,player_rush_yds,00-0037746,Brian Robinson,ATL,NO,ATL @ NO,2026-10-06T00:15:00Z,29.5,0.4989,,,,,0.4894,
2026-10-05T23:37:30+00:00,2026,4,prop,player_rush_yds,00-0038551,Kendre Miller,NO,ATL,ATL @ NO,2026-10-06T00:15:00Z,27.5,0.4937,,,,,0.33,
2026-10-05T23:37:30+00:00,2026,4,prop,player_rush_yds,00-0040743,Tyler Shough,NO,ATL,ATL @ NO,2026-10-06T00:15:00Z,16.5,0.5059,,,,,0.4793,
2026-10-05T23:37:30+00:00,2026,4,prop,player_rush_yds,00-0039917,Michael Penix Jr.,ATL,NO,ATL @ NO,2026-10-06T00:15:00Z,4.5,0.4987,,,,,0.4103,
2026-10-05T23:37:30+00:00,2026,4,game,game_spread,GAME_NO_ATL_spread,ATL @ NO,NO,ATL,ATL @ NO,2026-10-06T00:15:00Z,-1.0,0.4965,,,,,0.5673,
2026-10-05T23:37:30+00:00,2026,4,game,game_total,GAME_NO_ATL_total,ATL @ NO,NO,ATL,ATL @ NO,2026-10-06T00:15:00Z,47.5,0.5018,,,,,0.7175,
2026-10-08T19:05:27+00:00,2026,5,prop,player_pass_tds,00-0033077,Dak Prescott,DAL,TB,TB @ DAL,2026-10-09T00:15:00Z,2.5,0.392,,,,,0.2348,
2026-10-08T19:05:27+00:00,2026,5,prop,player_pass_yds,00-0033077,Dak Prescott,DAL,TB,TB @ DAL,2026-10-09T00:15:00Z,268.5,0.5,,,,,0.3703,
2026-10-08T19:05:27+00:00,2026,5,prop,player_reception_yds,00-0036358,CeeDee Lamb,DAL,TB,TB @ DAL,2026-10-09T00:15:00Z,84.5,0.5049,,,,,0.4435,
2026-10-08T19:05:27+00:00,2026,5,prop,player_reception_yds,00-0037247,George Pickens,DAL,TB,TB @ DAL,2026-10-09T00:15:00Z,63.5,0.5054,,,,,0.3974,
2026-10-08T19:05:27+00:00,2026,5,prop,player_reception_yds,00-0040129,Emeka Egbuka,TB,DAL,TB @ DAL,2026-10-09T00:15:00Z,36.5,0.502,,,,,0.443,
2026-10-08T19:05:27+00:00,2026,5,prop,player_reception_yds,00-0033921,Chris Godwin Jr.,TB,DAL,TB @ DAL,2026-10-09T00:15:00Z,31.5,0.5,,,,,0.5334,
2026-10-08T19:05:27+00:00,2026,5,prop,player_reception_yds,00-0039410,Ryan Flournoy,DAL,TB,TB @ DAL,2026-10-09T00:15:00Z,31.5,0.4967,,,,,0.3788,
2026-10-08T19:05:27+00:00,2026,5,prop,player_reception_yds,00-0038129,Cade Otton,TB,DAL,TB @ DAL,2026-10-09T00:15:00Z,29.5,0.5012,,,,,0.5895,
2026-10-08T19:05:27+00:00,2026,5,prop,player_reception_yds,00-0038041,Jake Ferguson,DAL,TB,TB @ DAL,2026-10-09T00:15:00Z,26.5,0.5017,,,,,0.3542,
2026-10-08T19:05:27+00:00,2026,5,prop,player_reception_yds,00-0041048,Ted Hurst III,TB,DAL,TB @ DAL,2026-10-09T00:15:00Z,16.5,0.5015,,,,,0.9935,
2026-10-08T19:05:27+00:00,2026,5,prop,player_reception_yds,00-0036997,Javonte Williams,DAL,TB,TB @ DAL,2026-10-09T00:15:00Z,13.5,0.5024,,,,,0.4193,
2026-10-08T19:05:27+00:00,2026,5,prop,player_reception_yds,00-0040237,Tez Johnson,TB,DAL,TB @ DAL,2026-10-09T00:15:00Z,13.5,0.5006,,,,,0.5228,
2026-10-08T19:05:27+00:00,2026,5,prop,player_reception_yds,00-0039361,Bucky Irving,TB,DAL,TB @ DAL,2026-10-09T00:15:00Z,12.5,0.4945,,,,,0.4319,
2026-10-08T19:05:27+00:00,2026,5,prop,player_reception_yds,00-0036919,Kenny Gainwell,TB,DAL,TB @ DAL,2026-10-09T00:15:00Z,11.5,0.5044,,,,,0.662,
2026-10-08T19:05:27+00:00,2026,5,prop,player_reception_yds,00-0039530,Brevyn Spann-Ford,DAL,TB,TB @ DAL,2026-10-09T00:15:00Z,2.5,0.4989,,,,,0.6683,
2026-10-08T19:05:27+00:00,2026,5,prop,player_reception_yds,00-0037801,KaVontae Turpin,DAL,TB,TB @ DAL,2026-10-09T00:15:00Z,0.5,0.5,,,,,0.7863,
2026-10-08T19:05:27+00:00,2026,5,prop,player_receptions,00-0036358,CeeDee Lamb,DAL,TB,TB @ DAL,2026-10-09T00:15:00Z,6.5,0.489,,,,,0.4323,
2026-10-08T19:05:27+00:00,2026,5,prop,player_receptions,00-0037247,George Pickens,DAL,TB,TB @ DAL,2026-10-09T00:15:00Z,4.5,0.5227,,,,,0.4066,
2026-10-08T19:05:27+00:00,2026,5,prop,player_receptions,00-0033921,Chris Godwin Jr.,TB,DAL,TB @ DAL,2026-10-09T00:15:00Z,3.5,0.5478,,,,,0.5883,
2026-10-08T19:05:27+00:00,2026,5,prop,player_receptions,00-0038129,Cade Otton,TB,DAL,TB @ DAL,2026-10-09T00:15:00Z,3.5,0.485,,,,,0.5757,
2026-10-08T19:05:27+00:00,2026,5,prop,player_receptions,00-0040129,Emeka Egbuka,TB,DAL,TB @ DAL,2026-10-09T00:15:00Z,3.5,0.434,,,,,0.4631,
2026-10-08T19:05:27+00:00,2026,5,prop,player_receptions,00-0038041,Jake Ferguson,DAL,TB,TB @ DAL,2026-10-09T00:15:00Z,3.5,0.4486,,,,,0.3899,
2026-10-08T19:05:27+00:00,2026,5,prop,player_receptions,00-0039410,Ryan Flournoy,DAL,TB,TB @ DAL,2026-10-09T00:15:00Z,3.5,0.4279,,,,,0.3605,
2026-10-08T19:05:27+00:00,2026,5,prop,player_receptions,00-0036997,Javonte Williams,DAL,TB,TB @ DAL,2026-10-09T00:15:00Z,2.5,0.5265,,,,,0.4716,
2026-10-08T19:05:27+00:00,2026,5,prop,player_receptions,00-0039361,Bucky Irving,TB,DAL,TB @ DAL,2026-10-09T00:15:00Z,2.5,0.4067,,,,,0.4476,
2026-10-08T19:05:27+00:00,2026,5,prop,player_receptions,00-0036919,Kenny Gainwell,TB,DAL,TB @ DAL,2026-10-09T00:15:00Z,1.5,0.6,,,,,0.8125,
2026-10-08T19:05:27+00:00,2026,5,prop,player_receptions,00-0041048,Ted Hurst III,TB,DAL,TB @ DAL,2026-10-09T00:15:00Z,1.5,0.4735,,,,,0.7221,
2026-10-08T19:05:27+00:00,2026,5,prop,player_receptions,00-0040237,Tez Johnson,TB,DAL,TB @ DAL,2026-10-09T00:15:00Z,1.5,0.4151,,,,,0.5406,
2026-10-08T19:05:27+00:00,2026,5,prop,player_receptions,00-0039530,Brevyn Spann-Ford,DAL,TB,TB @ DAL,2026-10-09T00:15:00Z,0.5,0.5225,,,,,0.6729,
2026-10-08T19:05:27+00:00,2026,5,prop,player_receptions,00-0037801,KaVontae Turpin,DAL,TB,TB @ DAL,2026-10-09T00:15:00Z,0.5,0.4934,,,,,0.7036,
2026-10-08T19:05:27+00:00,2026,5,prop,player_rush_yds,00-0036997,Javonte Williams,DAL,TB,TB @ DAL,2026-10-09T00:15:00Z,68.5,0.4922,,,,,0.2749,
2026-10-08T19:05:27+00:00,2026,5,prop,player_rush_yds,00-0039361,Bucky Irving,TB,DAL,TB @ DAL,2026-10-09T00:15:00Z,52.5,0.4983,,,,,0.4899,
2026-10-08T19:05:27+00:00,2026,5,prop,player_rush_yds,00-0037120,Tyler Goodson,DAL,TB,TB @ DAL,2026-10-09T00:15:00Z,15.5,0.4995,,,,,0.1508,
2026-10-08T19:05:27+00:00,2026,5,prop,player_rush_yds,00-0036919,Kenny Gainwell,TB,DAL,TB @ DAL,2026-10-09T00:15:00Z,12.5,0.4949,,,,,0.4294,
2026-10-08T19:05:27+00:00,2026,5,prop,player_rush_yds,00-0038951,Sean Tucker,TB,DAL,TB @ DAL,2026-10-09T00:15:00Z,11.5,0.5059,,,,,0.3538,
2026-10-08T19:05:27+00:00,2026,5,prop,player_rush_yds,00-0033077,Dak Prescott,DAL,TB,TB @ DAL,2026-10-09T00:15:00Z,9.5,0.5008,,,,,0.5596,
2026-10-08T19:05:27+00:00,2026,5,game,game_spread,GAME_DAL_TB_spread,TB @ DAL,DAL,TB,TB @ DAL,2026-10-09T00:15:00Z,-9.0,0.4966,,,,,0.3517,
2026-10-08T19:05:27+00:00,2026,5,game,game_total,GAME_DAL_TB_total,TB @ DAL,DAL,TB,TB @ DAL,2026-10-09T00:15:00Z,48.5,0.504,,,,,0.6023,
2026-10-08T19:05:27+00:00,2026,5,game,game_rank_spread,GAME_DAL_TB_rankspread,TB @ DAL,DAL,TB,TB @ DAL,2026-10-09T00:15:00Z,-9.0,0.4966,,,,,0.3602,
2026-10-08T19:05:27+00:00,2026,5,game,game_spread,GAME_JAX_PHI_spread,PHI @ JAX,JAX,PHI,PHI @ JAX,2026-10-11T13:30:00Z,-7.5,0.4979,,,,,0.4721,
2026-10-08T19:05:27+00:00,2026,5,game,game_total,GAME_JAX_PHI_total,PHI @ JAX,JAX,PHI,PHI @ JAX,2026-10-11T13:30:00Z,42.0,0.4973,,,,,0.7927,
2026-10-08T19:05:27+00:00,2026,5,game,game_rank_spread,GAME_JAX_PHI_rankspread,PHI @ JAX,JAX,PHI,PHI @ JAX,2026-10-11T13:30:00Z,-7.5,0.4979,,,,,0.4854,
2026-10-08T19:05:27+00:00,2026,5,game,game_spread,GAME_GB_CHI_spread,CHI @ GB,GB,CHI,CHI @ GB,2026-10-11T17:00:00Z,1.5,0.4913,,,,,0.5152,
2026-10-08T19:05:27+00:00,2026,5,game,game_total,GAME_GB_CHI_total,CHI @ GB,GB,CHI,CHI @ GB,2026-10-11T17:00:00Z,45.5,0.5052,,,,,0.8231,
2026-10-08T19:05:27+00:00,2026,5,game,game_rank_spread,GAME_GB_CHI_rankspread,CHI @ GB,GB,CHI,CHI @ GB,2026-10-11T17:00:00Z,1.5,0.4913,,,,,0.4467,
2026-10-08T19:05:27+00:00,2026,5,game,game_spread,GAME_MIA_CIN_spread,CIN @ MIA,MIA,CIN,CIN @ MIA,2026-10-11T17:00:00Z,6.5,0.4865,,,,,0.6986,
2026-10-08T19:05:27+00:00,2026,5,game,game_total,GAME_MIA_CIN_total,CIN @ MIA,MIA,CIN,CIN @ MIA,2026-10-11T17:00:00Z,42.5,0.5008,,,,,0.8125,
2026-10-08T19:05:27+00:00,2026,5,game,game_rank_spread,GAME_MIA_CIN_rankspread,CIN @ MIA,MIA,CIN,CIN @ MIA,2026-10-11T17:00:00Z,6.5,0.4865,,,,,0.5457,
2026-10-08T19:05:27+00:00,2026,5,game,game_spread,GAME_NYJ_CLE_spread,CLE @ NYJ,NYJ,CLE,CLE @ NYJ,2026-10-11T17:00:00Z,-2.0,0.5035,,,,,0.4531,
2026-10-08T19:05:27+00:00,2026,5,game,game_total,GAME_NYJ_CLE_total,CLE @ NYJ,NYJ,CLE,CLE @ NYJ,2026-10-11T17:00:00Z,39.5,0.503,,,,,0.6603,
2026-10-08T19:05:27+00:00,2026,5,game,game_rank_spread,GAME_NYJ_CLE_rankspread,CLE @ NYJ,NYJ,CLE,CLE @ NYJ,2026-10-11T17:00:00Z,-2.0,0.5035,,,,,0.4064,
2026-10-08T19:05:27+00:00,2026,5,game,game_spread,GAME_TEN_HOU_spread,HOU @ TEN,TEN,HOU,HOU @ TEN,2026-10-11T17:00:00Z,7.5,0.5023,,,,,0.5383,
2026-10-08T19:05:27+00:00,2026,5,game,game_total,GAME_TEN_HOU_total,HOU @ TEN,TEN,HOU,HOU @ TEN,2026-10-11T17:00:00Z,38.0,0.5053,,,,,0.7533,
2026-10-08T19:05:27+00:00,2026,5,game,game_rank_spread,GAME_TEN_HOU_rankspread,HOU @ TEN,TEN,HOU,HOU @ TEN,2026-10-11T17:00:00Z,7.5,0.5023,,,,,0.5371,
2026-10-08T19:05:27+00:00,2026,5,game,game_spread,GAME_PIT_IND_spread,IND @ PIT,PIT,IND,IND @ PIT,2026-10-11T17:00:00Z,-2.5,0.5071,,,,,0.3959,
2026-10-08T19:05:27+00:00,2026,5,game,game_total,GAME_PIT_IND_total,IND @ PIT,PIT,IND,IND @ PIT,2026-10-11T17:00:00Z,44.5,0.4982,,,,,0.6593,
2026-10-08T19:05:27+00:00,2026,5,game,game_rank_spread,GAME_PIT_IND_rankspread,IND @ PIT,PIT,IND,IND @ PIT,2026-10-11T17:00:00Z,-2.5,0.5071,,,,,0.4553,
2026-10-08T19:05:27+00:00,2026,5,game,game_spread,GAME_NE_LV_spread,LV @ NE,NE,LV,LV @ NE,2026-10-11T17:00:00Z,-3.5,0.5018,,,,,0.5661,
2026-10-08T19:05:27+00:00,2026,5,game,game_total,GAME_NE_LV_total,LV @ NE,NE,LV,LV @ NE,2026-10-11T17:00:00Z,45.0,0.5001,,,,,0.7109,
2026-10-08T19:05:27+00:00,2026,5,game,game_rank_spread,GAME_NE_LV_rankspread,LV @ NE,NE,LV,LV @ NE,2026-10-11T17:00:00Z,-3.5,0.5018,,,,,0.7118,
2026-10-08T19:05:27+00:00,2026,5,game,game_spread,GAME_NO_MIN_spread,MIN @ NO,NO,MIN,MIN @ NO,2026-10-11T17:00:00Z,2.0,0.4984,,,,,0.6508,
2026-10-08T19:05:27+00:00,2026,5,game,game_total,GAME_NO_MIN_total,MIN @ NO,NO,MIN,MIN @ NO,2026-10-11T17:00:00Z,42.0,0.4932,,,,,0.786,
2026-10-08T19:05:27+00:00,2026,5,game,game_rank_spread,GAME_NO_MIN_rankspread,MIN @ NO,NO,MIN,MIN @ NO,2026-10-11T17:00:00Z,2.0,0.4984,,,,,0.3732,
2026-10-08T19:05:27+00:00,2026,5,game,game_spread,GAME_WAS_NYG_spread,NYG @ WAS,WAS,NYG,NYG @ WAS,2026-10-11T17:00:00Z,-4.0,0.5011,,,,,0.4188,
2026-10-08T19:05:27+00:00,2026,5,game,game_total,GAME_WAS_NYG_total,NYG @ WAS,WAS,NYG,NYG @ WAS,2026-10-11T17:00:00Z,41.5,0.5017,,,,,0.8869,
2026-10-08T19:05:27+00:00,2026,5,game,game_rank_spread,GAME_WAS_NYG_rankspread,NYG @ WAS,WAS,NYG,NYG @ WAS,2026-10-11T17:00:00Z,-4.0,0.5011,,,,,0.3489,
2026-10-08T19:05:27+00:00,2026,5,game,game_spread,GAME_LAC_DEN_spread,DEN @ LAC,LAC,DEN,DEN @ LAC,2026-10-11T20:05:00Z,3.5,0.5128,,,,,0.5816,
2026-10-08T19:05:27+00:00,2026,5,game,game_total,GAME_LAC_DEN_total,DEN @ LAC,LAC,DEN,DEN @ LAC,2026-10-11T20:05:00Z,42.0,0.4942,,,,,0.6523,
2026-10-08T19:05:27+00:00,2026,5,game,game_rank_spread,GAME_LAC_DEN_rankspread,DEN @ LAC,LAC,DEN,DEN @ LAC,2026-10-11T20:05:00Z,3.5,0.5128,,,,,0.5457,
2026-10-08T19:05:27+00:00,2026,5,game,game_spread,GAME_ARI_DET_spread,DET @ ARI,ARI,DET,DET @ ARI,2026-10-11T20:25:00Z,5.5,0.4997,,,,,0.54,
2026-10-08T19:05:27+00:00,2026,5,game,game_total,GAME_ARI_DET_total,DET @ ARI,ARI,DET,DET @ ARI,2026-10-11T20:25:00Z,54.5,0.4992,,,,,0.7141,
2026-10-08T19:05:27+00:00,2026,5,game,game_rank_spread,GAME_ARI_DET_rankspread,DET @ ARI,ARI,DET,DET @ ARI,2026-10-11T20:25:00Z,5.5,0.4997,,,,,0.4897,
2026-10-08T19:05:27+00:00,2026,5,game,game_spread,GAME_SEA_SF_spread,SF @ SEA,SEA,SF,SF @ SEA,2026-10-11T20:25:00Z,-3.0,0.5129,,,,,0.4295,
2026-10-08T19:05:27+00:00,2026,5,game,game_total,GAME_SEA_SF_total,SF @ SEA,SEA,SF,SF @ SEA,2026-10-11T20:25:00Z,46.0,0.5042,,,,,0.8893,
2026-10-08T19:05:27+00:00,2026,5,game,game_rank_spread,GAME_SEA_SF_rankspread,SF @ SEA,SEA,SF,SF @ SEA,2026-10-11T20:25:00Z,-3.0,0.5129,,,,,0.4919,
2026-10-08T19:05:27+00:00,2026,5,game,game_spread,GAME_ATL_BAL_spread,BAL @ ATL,ATL,BAL,BAL @ ATL,2026-10-12T00:20:00Z,-3.0,0.5194,,,,,0.4125,
2026-10-08T19:05:27+00:00,2026,5,game,game_total,GAME_ATL_BAL_total,BAL @ ATL,ATL,BAL,BAL @ ATL,2026-10-12T00:20:00Z,43.5,0.5063,,,,,0.8151,
2026-10-08T19:05:27+00:00,2026,5,game,game_rank_spread,GAME_ATL_BAL_rankspread,BAL @ ATL,ATL,BAL,BAL @ ATL,2026-10-12T00:20:00Z,-3.0,0.5194,,,,,0.3174,
2026-10-08T19:05:27+00:00,2026,5,game,game_spread,GAME_LA_BUF_spread,BUF @ LA,LA,BUF,BUF @ LA,2026-10-13T00:15:00Z,-3.0,0.5144,,,,,0.4567,
2026-10-08T19:05:27+00:00,2026,5,game,game_total,GAME_LA_BUF_total,BUF @ LA,LA,BUF,BUF @ LA,2026-10-13T00:15:00Z,54.5,0.5012,,,,,0.7036,
2026-10-08T19:05:27+00:00,2026,5,game,game_rank_spread,GAME_LA_BUF_rankspread,BUF @ LA,LA,BUF,BUF @ LA,2026-10-13T00:15:00Z,-3.0,0.5144,,,,,0.466,
2026-10-08T19:05:27+00:00,2026,6,game,game_spread,GAME_DEN_SEA_spread,SEA @ DEN,DEN,SEA,SEA @ DEN,2026-10-16T00:15:00Z,1.5,0.5,,,,,0.2709,
2026-10-08T19:05:27+00:00,2026,6,game,game_total,GAME_DEN_SEA_total,SEA @ DEN,DEN,SEA,SEA @ DEN,2026-10-16T00:15:00Z,42.0,0.5,,,,,0.7875,
2026-10-08T19:05:27+00:00,2026,6,game,game_rank_spread,GAME_DEN_SEA_rankspread,SEA @ DEN,DEN,SEA,SEA @ DEN,2026-10-16T00:15:00Z,1.5,0.5,,,,,0.4854,
2026-10-08T19:05:27+00:00,2026,6,game,game_spread,GAME_JAX_HOU_spread,HOU @ JAX,JAX,HOU,HOU @ JAX,2026-10-18T13:30:00Z,-3.0,0.5025,,,,,0.5935,
2026-10-08T19:05:27+00:00,2026,6,game,game_total,GAME_JAX_HOU_total,HOU @ JAX,JAX,HOU,HOU @ JAX,2026-10-18T13:30:00Z,43.0,0.5,,,,,0.7633,
2026-10-08T19:05:27+00:00,2026,6,game,game_rank_spread,GAME_JAX_HOU_rankspread,HOU @ JAX,JAX,HOU,HOU @ JAX,2026-10-18T13:30:00Z,-3.0,0.5025,,,,,0.6071,
2026-10-08T19:05:27+00:00,2026,6,game,game_spread,GAME_ATL_CHI_spread,CHI @ ATL,ATL,CHI,CHI @ ATL,2026-10-18T17:00:00Z,1.5,0.4973,,,,,0.5081,
2026-10-08T19:05:27+00:00,2026,6,game,game_total,GAME_ATL_CHI_total,CHI @ ATL,ATL,CHI,CHI @ ATL,2026-10-18T17:00:00Z,48.5,0.4973,,,,,0.684,
2026-10-08T19:05:27+00:00,2026,6,game,game_rank_spread,GAME_ATL_CHI_rankspread,CHI @ ATL,ATL,CHI,CHI @ ATL,2026-10-18T17:00:00Z,1.5,0.4973,,,,,0.4339,
2026-10-08T19:05:27+00:00,2026,6,game,game_spread,GAME_CLE_BAL_spread,BAL @ CLE,CLE,BAL,BAL @ CLE,2026-10-18T17:00:00Z,3.0,0.494,,,,,0.3825,
2026-10-08T19:05:27+00:00,2026,6,game,game_total,GAME_CLE_BAL_total,BAL @ CLE,CLE,BAL,BAL @ CLE,2026-10-18T17:00:00Z,40.5,0.5044,,,,,0.7584,
2026-10-08T19:05:27+00:00,2026,6,game,game_rank_spread,GAME_CLE_BAL_rankspread,BAL @ CLE,CLE,BAL,BAL @ CLE,2026-10-18T17:00:00Z,3.0,0.494,,,,,0.4148,
2026-10-08T19:05:27+00:00,2026,6,game,game_spread,GAME_PHI_CAR_spread,CAR @ PHI,PHI,CAR,CAR @ PHI,2026-10-18T17:00:00Z,-1.5,0.4917,,,,,0.4512,
2026-10-08T19:05:27+00:00,2026,6,game,game_total,GAME_PHI_CAR_total,CAR @ PHI,PHI,CAR,CAR @ PHI,2026-10-18T17:00:00Z,42.5,0.5017,,,,,0.7781,
2026-10-08T19:05:27+00:00,2026,6,game,game_rank_spread,GAME_PHI_CAR_rankspread,CAR @ PHI,PHI,CAR,CAR @ PHI,2026-10-18T17:00:00Z,-1.5,0.4917,,,,,0.6009,
2026-10-08T19:05:27+00:00,2026,6,game,game_spread,GAME_IND_TEN_spread,TEN @ IND,IND,TEN,TEN @ IND,2026-10-18T17:00:00Z,-6.5,0.5061,,,,,0.4798,
2026-10-08T19:05:27+00:00,2026,6,game,game_total,GAME_IND_TEN_total,TEN @ IND,IND,TEN,TEN @ IND,2026-10-18T17:00:00Z,43.5,0.4994,,,,,0.655,
2026-10-08T19:05:27+00:00,2026,6,game,game_rank_spread,GAME_IND_TEN_rankspread,TEN @ IND,IND,TEN,TEN @ IND,2026-10-18T17:00:00Z,-6.5,0.5061,,,,,0.5414,
2026-10-08T19:05:27+00:00,2026,6,game,game_spread,GAME_NE_NYJ_spread,NYJ @ NE,NE,NYJ,NYJ @ NE,2026-10-18T17:00:00Z,-7.0,0.4908,,,,,0.5346,
2026-10-08T19:05:27+00:00,2026,6,game,game_total,GAME_NE_NYJ_total,NYJ @ NE,NE,NYJ,NYJ @ NE,2026-10-18T17:00:00Z,43.5,0.4992,,,,,0.72,
2026-10-08T19:05:27+00:00,2026,6,game,game_rank_spread,GAME_NE_NYJ_rankspread,NYJ @ NE,NE,NYJ,NYJ @ NE,2026-10-18T17:00:00Z,-7.0,0.4908,,,,,0.664,
2026-10-08T19:05:27+00:00,2026,6,game,game_spread,GAME_NYG_NO_spread,NO @ NYG,NYG,NO,NO @ NYG,2026-10-18T17:00:00Z,1.0,0.5,,,,,0.4268,
2026-10-08T19:05:27+00:00,2026,6,game,game_total,GAME_NYG_NO_total,NO @ NYG,NYG,NO,NO @ NYG,2026-10-18T17:00:00Z,44.5,0.5011,,,,,0.8909,
2026-10-08T19:05:27+00:00,2026,6,game,game_rank_spread,GAME_NYG_NO_rankspread,NO @ NYG,NYG,NO,NO @ NYG,2026-10-18T17:00:00Z,1.0,0.5,,,,,0.6237,
2026-10-08T19:05:27+00:00,2026,6,game,game_spread,GAME_TB_PIT_spread,PIT @ TB,TB,PIT,PIT @ TB,2026-10-18T17:00:00Z,2.5,0.4923,,,,,0.508,
2026-10-08T19:05:27+00:00,2026,6,game,game_total,GAME_TB_PIT_total,PIT @ TB,TB,PIT,PIT @ TB,2026-10-18T17:00:00Z,39.0,0.5074,,,,,0.646,
2026-10-08T19:05:27+00:00,2026,6,game,game_rank_spread,GAME_TB_PIT_rankspread,PIT @ TB,TB,PIT,PIT @ TB,2026-10-18T17:00:00Z,2.5,0.4923,,,,,0.4561,
2026-10-08T19:05:27+00:00,2026,6,game,game_spread,GAME_LA_ARI_spread,ARI @ LA,LA,ARI,ARI @ LA,2026-10-18T20:05:00Z,-10.5,0.5,,,,,0.4546,
2026-10-08T19:05:27+00:00,2026,6,game,game_total,GAME_LA_ARI_total,ARI @ LA,LA,ARI,ARI @ LA,2026-10-18T20:05:00Z,50.5,0.5,,,,,0.7209,
2026-10-08T19:05:27+00:00,2026,6,game,game_rank_spread,GAME_LA_ARI_rankspread,ARI @ LA,LA,ARI,ARI @ LA,2026-10-18T20:05:00Z,-10.5,0.5,,,,,0.5628,
2026-10-08T19:05:27+00:00,2026,6,game,game_spread,GAME_LV_BUF_spread,BUF @ LV,LV,BUF,BUF @ LV,2026-10-18T20:25:00Z,4.5,0.4965,,,,,0.3991,
2026-10-08T19:05:27+00:00,2026,6,game,game_total,GAME_LV_BUF_total,BUF @ LV,LV,BUF,BUF @ LV,2026-10-18T20:25:00Z,51.5,0.4981,,,,,0.7135,
2026-10-08T19:05:27+00:00,2026,6,game,game_rank_spread,GAME_LV_BUF_rankspread,BUF @ LV,LV,BUF,BUF @ LV,2026-10-18T20:25:00Z,4.5,0.4965,,,,,0.3711,
2026-10-08T19:05:27+00:00,2026,6,game,game_spread,GAME_KC_LAC_spread,LAC @ KC,KC,LAC,LAC @ KC,2026-10-18T20:25:00Z,-7.5,0.5041,,,,,0.4993,
2026-10-08T19:05:27+00:00,2026,6,game,game_total,GAME_KC_LAC_total,LAC @ KC,KC,LAC,LAC @ KC,2026-10-18T20:25:00Z,45.5,0.5008,,,,,0.7081,
2026-10-08T19:05:27+00:00,2026,6,game,game_rank_spread,GAME_KC_LAC_rankspread,LAC @ KC,KC,LAC,LAC @ KC,2026-10-18T20:25:00Z,-7.5,0.5041,,,,,0.4085,
2026-10-08T19:05:27+00:00,2026,6,game,game_spread,GAME_GB_DAL_spread,DAL @ GB,GB,DAL,DAL @ GB,2026-10-19T00:20:00Z,2.0,0.5008,,,,,0.6205,
2026-10-08T19:05:27+00:00,2026,6,game,game_total,GAME_GB_DAL_total,DAL @ GB,GB,DAL,DAL @ GB,2026-10-19T00:20:00Z,50.0,0.5008,,,,,0.8103,
2026-10-08T19:05:27+00:00,2026,6,game,game_rank_spread,GAME_GB_DAL_rankspread,DAL @ GB,GB,DAL,DAL @ GB,2026-10-19T00:20:00Z,2.0,0.5008,,,,,0.6521,
2026-10-08T19:05:27+00:00,2026,6,game,game_spread,GAME_SF_WAS_spread,WAS @ SF,SF,WAS,WAS @ SF,2026-10-20T00:15:00Z,-7.5,0.4991,,,,,0.6075,
2026-10-08T19:05:27+00:00,2026,6,game,game_total,GAME_SF_WAS_total,WAS @ SF,SF,WAS,WAS @ SF,2026-10-20T00:15:00Z,49.5,0.4978,,,,,0.851,
2026-10-08T19:05:27+00:00,2026,6,game,game_rank_spread,GAME_SF_WAS_rankspread,WAS @ SF,SF,WAS,WAS @ SF,2026-10-20T00:15:00Z,-7.5,0.4991,,,,,0.6009,
2026-10-09T19:58:57+00:00,2026,5,game,game_spread,GAME_JAX_PHI_spread,PHI @ JAX,JAX,PHI,PHI @ JAX,2026-10-11T13:30:00Z,-7.5,0.5018,-108,-102,,,,
2026-10-09T19:58:57+00:00,2026,5,game,game_total,GAME_JAX_PHI_total,PHI @ JAX,JAX,PHI,PHI @ JAX,2026-10-11T13:30:00Z,42.0,0.4973,-104,-110,,,,
2026-10-09T19:58:57+00:00,2026,5,game,game_spread,GAME_GB_CHI_spread,CHI @ GB,GB,CHI,CHI @ GB,2026-10-11T17:00:00Z,1.5,0.5004,-110,-108,,,,
2026-10-09T19:58:57+00:00,2026,5,game,game_total,GAME_GB_CHI_total,CHI @ GB,GB,CHI,CHI @ GB,2026-10-11T17:00:00Z,45.5,0.5052,-110,-102,,,,
2026-10-09T19:58:57+00:00,2026,5,game,game_spread,GAME_MIA_CIN_spread,CIN @ MIA,MIA,CIN,CIN @ MIA,2026-10-11T17:00:00Z,7.0,0.5104,-110,100,,,,
2026-10-09T19:58:57+00:00,2026,5,game,game_total,GAME_MIA_CIN_total,CIN @ MIA,MIA,CIN,CIN @ MIA,2026-10-11T17:00:00Z,43.5,0.4989,-108,-110,,,,
2026-10-09T19:58:57+00:00,2026,5,game,game_spread,GAME_NYJ_CLE_spread,CLE @ NYJ,NYJ,CLE,CLE @ NYJ,2026-10-11T17:00:00Z,-2.5,0.4994,-105,-105,,,,
2026-10-09T19:58:57+00:00,2026,5,game,game_total,GAME_NYJ_CLE_total,CLE @ NYJ,NYJ,CLE,CLE @ NYJ,2026-10-11T17:00:00Z,39.5,0.5009,-105,-105,,,,
2026-10-09T19:58:57+00:00,2026,5,game,game_spread,GAME_TEN_HOU_spread,HOU @ TEN,TEN,HOU,HOU @ TEN,2026-10-11T17:00:00Z,7.0,0.4947,-104,-105,,,,
2026-10-09T19:58:57+00:00,2026,5,game,game_total,GAME_TEN_HOU_total,HOU @ TEN,TEN,HOU,HOU @ TEN,2026-10-11T17:00:00Z,38.0,0.5044,-110,-104,,,,
2026-10-09T19:58:57+00:00,2026,5,game,game_spread,GAME_PIT_IND_spread,IND @ PIT,PIT,IND,IND @ PIT,2026-10-11T17:00:00Z,-2.5,0.5065,-110,-102,,,,
2026-10-09T19:58:57+00:00,2026,5,game,game_total,GAME_PIT_IND_total,IND @ PIT,PIT,IND,IND @ PIT,2026-10-11T17:00:00Z,44.0,0.4933,-102,-108,,,,
2026-10-09T19:58:57+00:00,2026,5,game,game_spread,GAME_NE_LV_spread,LV @ NE,NE,LV,LV @ NE,2026-10-11T17:00:00Z,-3.5,0.5009,-103,-105,,,,
2026-10-09T19:58:57+00:00,2026,5,game,game_total,GAME_NE_LV_total,LV @ NE,NE,LV,LV @ NE,2026-10-11T17:00:00Z,45.0,0.5009,-107,-107,,,,
2026-10-09T19:58:57+00:00,2026,5,game,game_spread,GAME_NO_MIN_spread,MIN @ NO,NO,MIN,MIN @ NO,2026-10-11T17:00:00Z,2.5,0.4999,-107,-103,,,,
2026-10-09T19:58:57+00:00,2026,5,game,game_total,GAME_NO_MIN_total,MIN @ NO,NO,MIN,MIN @ NO,2026-10-11T17:00:00Z,41.5,0.5009,-108,-108,,,,
2026-10-09T19:58:57+00:00,2026,5,game,game_spread,GAME_WAS_NYG_spread,NYG @ WAS,WAS,NYG,NYG @ WAS,2026-10-11T17:00:00Z,-4.0,0.5029,-107,-103,,,,
2026-10-09T19:58:57+00:00,2026,5,game,game_total,GAME_WAS_NYG_total,NYG @ WAS,WAS,NYG,NYG @ WAS,2026-10-11T17:00:00Z,42.0,0.4932,-104,-110,,,,
2026-10-09T19:58:57+00:00,2026,5,game,game_spread,GAME_LAC_DEN_spread,DEN @ LAC,LAC,DEN,DEN @ LAC,2026-10-11T20:05:00Z,3.5,0.5146,-112,100,,,,
2026-10-09T19:58:57+00:00,2026,5,game,game_total,GAME_LAC_DEN_total,DEN @ LAC,LAC,DEN,DEN @ LAC,2026-10-11T20:05:00Z,42.0,0.495,-102,-108,,,,
2026-10-09T19:58:57+00:00,2026,5,game,game_spread,GAME_ARI_DET_spread,DET @ ARI,ARI,DET,DET @ ARI,2026-10-11T20:25:00Z,5.5,0.5005,-103,-105,,,,
2026-10-09T19:58:57+00:00,2026,5,game,game_total,GAME_ARI_DET_total,DET @ ARI,ARI,DET,DET @ ARI,2026-10-11T20:25:00Z,54.5,0.4992,-105,-105,,,,
2026-10-09T19:58:57+00:00,2026,5,game,game_spread,GAME_SEA_SF_spread,SF @ SEA,SEA,SF,SF @ SEA,2026-10-11T20:25:00Z,-3.0,0.5187,-110,110,,,,
2026-10-09T19:58:57+00:00,2026,5,game,game_total,GAME_SEA_SF_total,SF @ SEA,SEA,SF,SF @ SEA,2026-10-11T20:25:00Z,46.0,0.5048,-110,-104,,,,
2026-10-09T19:58:57+00:00,2026,5,game,game_spread,GAME_ATL_BAL_spread,BAL @ ATL,ATL,BAL,BAL @ ATL,2026-10-12T00:20:00Z,-3.5,0.4841,100,-110,,,,
2026-10-09T19:58:57+00:00,2026,5,game,game_total,GAME_ATL_BAL_total,BAL @ ATL,ATL,BAL,BAL @ ATL,2026-10-12T00:20:00Z,43.5,0.5049,-109,-102,,,,
2026-10-09T19:58:57+00:00,2026,5,game,game_spread,GAME_LA_BUF_spread,BUF @ LA,LA,BUF,BUF @ LA,2026-10-13T00:15:00Z,-3.0,0.5211,-115,104,,,,
2026-10-09T19:58:57+00:00,2026,5,game,game_total,GAME_LA_BUF_total,BUF @ LA,LA,BUF,BUF @ LA,2026-10-13T00:15:00Z,54.5,0.5012,-107,-102,,,,
2026-10-09T19:58:57+00:00,2026,6,game,game_spread,GAME_DEN_SEA_spread,SEA @ DEN,DEN,SEA,SEA @ DEN,2026-10-16T00:15:00Z,2.0,0.5,-105,-105,,,,
2026-10-09T19:58:57+00:00,2026,6,game,game_total,GAME_DEN_SEA_total,SEA @ DEN,DEN,SEA,SEA @ DEN,2026-10-16T00:15:00Z,42.0,0.5,-107,-107,,,,
2026-10-09T19:58:57+00:00,2026,6,game,game_spread,GAME_JAX_HOU_spread,HOU @ JAX,JAX,HOU,HOU @ JAX,2026-10-18T13:30:00Z,-3.0,0.5088,-110,100,,,,
2026-10-09T19:58:57+00:00,2026,6,game,game_total,GAME_JAX_HOU_total,HOU @ JAX,JAX,HOU,HOU @ JAX,2026-10-18T13:30:00Z,43.0,0.5,-107,-107,,,,
2026-10-09T19:58:57+00:00,2026,6,game,game_spread,GAME_ATL_CHI_spread,CHI @ ATL,ATL,CHI,CHI @ ATL,2026-10-18T17:00:00Z,1.5,0.4973,-105,-110,,,,
2026-10-09T19:58:57+00:00,2026,6,game,game_total,GAME_ATL_CHI_total,CHI @ ATL,ATL,CHI,CHI @ ATL,2026-10-18T17:00:00Z,48.5,0.5,-110,-110,,,,
2026-10-09T19:58:57+00:00,2026,6,game,game_spread,GAME_CLE_BAL_spread,BAL @ CLE,CLE,BAL,BAL @ CLE,2026-10-18T17:00:00Z,3.0,0.4914,100,-109,,,,
2026-10-09T19:58:57+00:00,2026,6,game,game_total,GAME_CLE_BAL_total,BAL @ CLE,CLE,BAL,BAL @ CLE,2026-10-18T17:00:00Z,40.5,0.5053,-107,-102,,,,
2026-10-09T19:58:57+00:00,2026,6,game,game_spread,GAME_PHI_CAR_spread,CAR @ PHI,PHI,CAR,CAR @ PHI,2026-10-18T17:00:00Z,-1.5,0.4917,100,-110,,,,
2026-10-09T19:58:57+00:00,2026,6,game,game_total,GAME_PHI_CAR_total,CAR @ PHI,PHI,CAR,CAR @ PHI,2026-10-18T17:00:00Z,42.5,0.5017,-107,-106,,,,
2026-10-09T19:58:57+00:00,2026,6,game,game_spread,GAME_IND_TEN_spread,TEN @ IND,IND,TEN,TEN @ IND,2026-10-18T17:00:00Z,-6.5,0.5061,-110,100,,,,
2026-10-09T19:58:57+00:00,2026,6,game,game_total,GAME_IND_TEN_total,TEN @ IND,IND,TEN,TEN @ IND,2026-10-18T17:00:00Z,43.5,0.4994,-107,-107,,,,
2026-10-09T19:58:57+00:00,2026,6,game,game_spread,GAME_NE_NYJ_spread,NYJ @ NE,NE,NYJ,NYJ @ NE,2026-10-18T17:00:00Z,-7.0,0.4908,100,-110,,,,
2026-10-09T19:58:57+00:00,2026,6,game,game_total,GAME_NE_NYJ_total,NYJ @ NE,NE,NYJ,NYJ @ NE,2026-10-18T17:00:00Z,43.5,0.4992,-105,-105,,,,
2026-10-09T19:58:57+00:00,2026,6,game,game_spread,GAME_NYG_NO_spread,NO @ NYG,NYG,NO,NO @ NYG,2026-10-18T17:00:00Z,1.0,0.5,-105,-105,,,,
2026-10-09T19:58:57+00:00,2026,6,game,game_total,GAME_NYG_NO_total,NO @ NYG,NYG,NO,NO @ NYG,2026-10-18T17:00:00Z,44.5,0.5011,-107,-105,,,,
2026-10-09T19:58:57+00:00,2026,6,game,game_spread,GAME_LA_ARI_spread,ARI @ LA,LA,ARI,ARI @ LA,2026-10-18T20:05:00Z,-10.5,0.5,-105,-105,,,,
2026-10-09T19:58:57+00:00,2026,6,game,game_total,GAME_LA_ARI_total,ARI @ LA,LA,ARI,ARI @ LA,2026-10-18T20:05:00Z,50.5,0.5,-107,-107,,,,
2026-10-09T19:58:57+00:00,2026,6,game,game_spread,GAME_LV_BUF_spread,BUF @ LV,LV,BUF,BUF @ LV,2026-10-18T20:25:00Z,4.5,0.4938,-102,-110,,,,
2026-10-09T19:58:57+00:00,2026,6,game,game_total,GAME_LV_BUF_total,BUF @ LV,LV,BUF,BUF @ LV,2026-10-18T20:25:00Z,51.5,0.4981,-108,-110,,,,
2026-10-09T19:58:57+00:00,2026,6,game,game_spread,GAME_KC_LAC_spread,LAC @ KC,KC,LAC,LAC @ KC,2026-10-18T20:25:00Z,-7.5,0.5041,-108,100,,,,
2026-10-09T19:58:57+00:00,2026,6,game,game_total,GAME_KC_LAC_total,LAC @ KC,KC,LAC,LAC @ KC,2026-10-18T20:25:00Z,45.5,0.5008,-110,-109,,,,
2026-10-09T19:58:57+00:00,2026,6,game,game_spread,GAME_SF_WAS_spread,WAS @ SF,SF,WAS,WAS @ SF,2026-10-20T00:15:00Z,-7.5,0.4991,-105,-105,,,,
2026-10-09T19:58:57+00:00,2026,6,game,game_total,GAME_SF_WAS_total,WAS @ SF,SF,WAS,WAS @ SF,2026-10-20T00:15:00Z,49.5,0.4978,-105,-107,,,,
