season,through_week,computed_at,team,rank,prev_rank,rating,record,pd_per_game,sos,off_epa,def_epa,hfa
2021,1,2026-10-09T19:55:12+00:00,NO,1,2,7.94,1-0,35.0,2.41,0.321,-0.389,-0.25
2021,1,2026-10-09T19:55:12+00:00,BAL,2,1,5.72,0-1,-6.0,-0.98,-0.048,0.017,-0.25
2021,1,2026-10-09T19:55:12+00:00,BUF,3,3,5.18,0-1,-7.0,2.45,-0.098,-0.061,-0.25
2021,1,2026-10-09T19:55:12+00:00,TB,4,4,4.46,1-0,2.0,-0.41,0.05,0.123,-0.25
2021,1,2026-10-09T19:55:12+00:00,LA,5,8,3.77,1-0,20.0,-1.1,0.444,-0.096,-0.25
2021,1,2026-10-09T19:55:12+00:00,SEA,6,7,3.75,1-0,12.0,1.02,0.198,-0.096,-0.25
2021,1,2026-10-09T19:55:12+00:00,KC,7,6,3.11,1-0,4.0,-0.69,0.339,0.275,-0.25
2021,1,2026-10-09T19:55:12+00:00,PIT,8,9,2.45,1-0,7.0,5.18,-0.061,-0.098,-0.25
2021,1,2026-10-09T19:55:12+00:00,GB,9,5,2.41,0-1,-35.0,7.94,-0.389,0.321,-0.25
2021,1,2026-10-09T19:55:12+00:00,ARI,10,16,1.79,1-0,25.0,-0.31,0.185,-0.326,-0.25
2021,1,2026-10-09T19:55:12+00:00,IND,11,10,1.02,0-1,-12.0,3.75,-0.096,0.198,-0.25
2021,1,2026-10-09T19:55:12+00:00,SF,12,12,0.88,1-0,8.0,-5.79,0.25,-0.077,-0.25
2021,1,2026-10-09T19:55:12+00:00,NE,13,15,0.26,0-1,-1.0,-0.03,0.026,0.033,-0.25
2021,1,2026-10-09T19:55:12+00:00,MIA,14,17,-0.03,1-0,1.0,0.26,0.033,0.026,-0.25
2021,1,2026-10-09T19:55:12+00:00,TEN,15,11,-0.31,0-1,-25.0,1.79,-0.326,0.185,-0.25
2021,1,2026-10-09T19:55:12+00:00,DAL,16,19,-0.41,0-1,-2.0,4.46,0.123,0.05,-0.25
2021,1,2026-10-09T19:55:12+00:00,PHI,17,24,-0.43,1-0,26.0,-1.09,0.22,-0.279,-0.25
2021,1,2026-10-09T19:55:12+00:00,CLE,18,18,-0.69,0-1,-4.0,3.11,0.275,0.339,-0.25
2021,1,2026-10-09T19:55:12+00:00,WAS,19,20,-0.79,0-1,-4.0,-0.91,-0.099,0.112,-0.25
2021,1,2026-10-09T19:55:12+00:00,LAC,20,22,-0.91,1-0,4.0,-0.79,0.112,-0.099,-0.25
2021,1,2026-10-09T19:55:12+00:00,LV,21,23,-0.98,1-0,6.0,5.72,0.017,-0.048,-0.25
2021,1,2026-10-09T19:55:12+00:00,ATL,22,13,-1.09,0-1,-26.0,-0.43,-0.279,0.22,-0.25
2021,1,2026-10-09T19:55:12+00:00,CHI,23,14,-1.1,0-1,-20.0,3.77,-0.096,0.444,-0.25
2021,1,2026-10-09T19:55:12+00:00,MIN,24,21,-1.65,0-1,-3.0,-4.22,0.047,-0.03,-0.25
2021,1,2026-10-09T19:55:12+00:00,HOU,25,27,-2.31,1-0,16.0,-7.89,0.157,-0.042,-0.25
2021,1,2026-10-09T19:55:12+00:00,CAR,26,25,-2.39,1-0,5.0,-5.74,-0.015,-0.185,-0.25
2021,1,2026-10-09T19:55:12+00:00,DEN,27,28,-2.81,1-0,14.0,-3.2,0.281,-0.029,-0.25
2021,1,2026-10-09T19:55:12+00:00,NYG,28,26,-3.2,0-1,-14.0,-2.81,-0.029,0.281,-0.25
2021,1,2026-10-09T19:55:12+00:00,CIN,29,29,-4.22,1-0,3.0,-1.65,-0.03,0.047,-0.25
2021,1,2026-10-09T19:55:12+00:00,NYJ,30,31,-5.74,0-1,-5.0,-2.39,-0.185,-0.015,-0.25
2021,1,2026-10-09T19:55:12+00:00,DET,31,30,-5.79,0-1,-8.0,0.88,-0.077,0.25,-0.25
2021,1,2026-10-09T19:55:12+00:00,JAX,32,32,-7.89,0-1,-16.0,-2.31,-0.042,0.157,-0.25
2021,2,2026-10-09T19:55:12+00:00,BUF,1,3,6.56,1-1,14.0,0.17,0.031,-0.258,-0.36
2021,2,2026-10-09T19:55:12+00:00,NO,2,1,6.18,1-1,8.0,1.03,-0.106,-0.162,-0.36
2021,2,2026-10-09T19:55:12+00:00,BAL,3,2,5.51,1-1,-2.5,1.43,0.064,0.154,-0.36
2021,2,2026-10-09T19:55:12+00:00,TB,4,4,5.24,2-0,12.5,-1.15,0.057,-0.074,-0.36
2021,2,2026-10-09T19:55:12+00:00,LA,5,5,3.61,2-0,11.5,-0.05,0.26,-0.088,-0.36
2021,2,2026-10-09T19:55:12+00:00,SEA,6,6,3.24,1-1,4.5,0.51,0.176,0.033,-0.36
2021,2,2026-10-09T19:55:12+00:00,KC,7,7,3.08,1-1,1.5,2.64,0.315,0.226,-0.36
2021,2,2026-10-09T19:55:12+00:00,GB,8,9,2.86,1-1,-8.5,0.05,-0.046,0.156,-0.36
2021,2,2026-10-09T19:55:12+00:00,PIT,9,8,1.84,1-1,-1.0,3.16,-0.03,0.06,-0.36
2021,2,2026-10-09T19:55:12+00:00,ARI,10,10,1.61,2-0,13.0,-0.73,0.151,-0.067,-0.36
2021,2,2026-10-09T19:55:12+00:00,SF,11,12,0.97,2-0,7.0,-3.43,0.174,-0.045,-0.36
2021,2,2026-10-09T19:55:12+00:00,IND,12,11,0.96,0-2,-7.5,3.42,-0.088,0.137,-0.36
2021,2,2026-10-09T19:55:12+00:00,NE,13,13,0.86,1-1,9.0,-3.84,-0.014,-0.144,-0.36
2021,2,2026-10-09T19:55:12+00:00,TEN,14,15,0.06,1-1,-11.0,2.43,-0.081,0.17,-0.36
2021,2,2026-10-09T19:55:12+00:00,LV,15,21,-0.23,2-0,7.5,3.68,0.117,-0.023,-0.36
2021,2,2026-10-09T19:55:12+00:00,CLE,16,18,-0.24,1-1,3.0,0.21,0.212,0.218,-0.36
2021,2,2026-10-09T19:55:12+00:00,DAL,17,16,-0.28,1-1,0.5,2.15,0.113,0.072,-0.36
2021,2,2026-10-09T19:55:12+00:00,WAS,18,19,-0.78,1-1,-1.5,-1.99,0.0,0.096,-0.36
2021,2,2026-10-09T19:55:12+00:00,PHI,19,17,-0.78,1-1,10.0,-0.52,0.103,-0.091,-0.36
2021,2,2026-10-09T19:55:12+00:00,CAR,20,26,-0.8,2-0,12.0,0.01,0.025,-0.359,-0.36
2021,2,2026-10-09T19:55:12+00:00,LAC,21,20,-0.95,1-1,0.5,-0.53,0.103,0.002,-0.36
2021,2,2026-10-09T19:55:12+00:00,CHI,22,23,-1.05,1-1,-8.5,-0.29,-0.166,0.05,-0.36
2021,2,2026-10-09T19:55:12+00:00,MIA,23,14,-1.51,1-1,-17.0,3.71,-0.211,0.094,-0.36
2021,2,2026-10-09T19:55:12+00:00,MIN,24,24,-1.52,0-2,-2.0,-1.28,0.12,0.043,-0.36
2021,2,2026-10-09T19:55:12+00:00,ATL,25,22,-2.02,0-2,-24.5,2.23,-0.276,0.142,-0.36
2021,2,2026-10-09T19:55:12+00:00,DEN,26,27,-2.38,2-0,12.0,-5.48,0.212,-0.141,-0.36
2021,2,2026-10-09T19:55:12+00:00,HOU,27,25,-2.66,1-1,3.0,-4.08,0.126,0.053,-0.36
2021,2,2026-10-09T19:55:12+00:00,NYG,28,28,-3.02,0-2,-7.5,-1.58,0.026,0.19,-0.36
2021,2,2026-10-09T19:55:12+00:00,CIN,29,29,-4.18,1-1,0.0,-1.29,-0.187,-0.094,-0.36
2021,2,2026-10-09T19:55:12+00:00,DET,30,31,-6.08,0-2,-13.0,1.91,-0.042,0.274,-0.36
2021,2,2026-10-09T19:55:12+00:00,NYJ,31,30,-6.16,0-2,-12.0,0.03,-0.253,-0.035,-0.36
2021,2,2026-10-09T19:55:12+00:00,JAX,32,32,-7.93,0-2,-13.0,-2.52,-0.147,0.15,-0.36
2021,3,2026-10-09T19:55:12+00:00,BUF,1,1,7.02,2-1,16.7,-0.78,0.099,-0.236,0.1
2021,3,2026-10-09T19:55:12+00:00,NO,2,2,6.65,2-1,10.3,0.98,-0.049,-0.197,0.1
2021,3,2026-10-09T19:55:12+00:00,BAL,3,3,4.82,2-1,-1.0,-1.0,0.063,0.089,0.1
2021,3,2026-10-09T19:55:12+00:00,TB,4,4,4.54,2-1,5.0,0.92,0.099,0.026,0.1
2021,3,2026-10-09T19:55:12+00:00,LA,5,5,3.87,3-0,11.0,0.97,0.249,0.002,0.1
2021,3,2026-10-09T19:55:12+00:00,GB,6,8,2.81,2-1,-5.0,0.74,0.01,0.119,0.1
2021,3,2026-10-09T19:55:12+00:00,KC,7,7,2.53,1-2,-1.0,1.74,0.233,0.229,0.1
2021,3,2026-10-09T19:55:12+00:00,SEA,8,6,2.12,1-2,-1.3,0.14,0.15,0.099,0.1
2021,3,2026-10-09T19:55:12+00:00,ARI,9,10,1.73,3-0,12.7,-2.55,0.173,-0.097,0.1
2021,3,2026-10-09T19:55:12+00:00,SF,10,11,0.94,2-1,4.0,-1.46,0.13,0.01,0.1
2021,3,2026-10-09T19:55:12+00:00,PIT,11,9,0.81,1-2,-5.3,1.28,-0.075,0.087,0.1
2021,3,2026-10-09T19:55:12+00:00,DAL,12,17,0.76,2-1,7.0,0.82,0.108,-0.02,0.1
2021,3,2026-10-09T19:55:12+00:00,CLE,13,16,0.66,2-1,8.7,-0.87,0.156,-0.057,0.1
2021,3,2026-10-09T19:55:12+00:00,TEN,14,14,0.54,2-1,-4.3,1.37,-0.05,0.098,0.1
2021,3,2026-10-09T19:55:12+00:00,IND,15,12,0.27,0-3,-8.0,2.18,-0.074,0.096,0.1
2021,3,2026-10-09T19:55:12+00:00,NE,16,13,0.19,1-2,1.0,-0.7,-0.098,-0.074,0.1
2021,3,2026-10-09T19:55:12+00:00,CAR,17,20,-0.06,3-0,13.0,-1.26,0.081,-0.337,0.1
2021,3,2026-10-09T19:55:12+00:00,LV,18,15,-0.15,3-0,6.0,1.36,0.083,-0.039,0.1
2021,3,2026-10-09T19:55:12+00:00,LAC,19,21,-0.28,2-1,2.3,0.56,0.147,0.024,0.1
2021,3,2026-10-09T19:55:12+00:00,MIN,20,24,-0.38,1-2,3.0,0.27,0.157,0.061,0.1
2021,3,2026-10-09T19:55:12+00:00,DEN,21,26,-0.96,3-0,16.7,-6.02,0.137,-0.264,0.1
2021,3,2026-10-09T19:55:12+00:00,MIA,22,23,-1.55,1-2,-12.3,2.35,-0.165,0.068,0.1
2021,3,2026-10-09T19:55:12+00:00,WAS,23,18,-1.6,1-2,-8.3,1.22,-0.064,0.142,0.1
2021,3,2026-10-09T19:55:12+00:00,PHI,24,19,-1.81,1-2,0.0,-0.05,0.001,-0.028,0.1
2021,3,2026-10-09T19:55:12+00:00,ATL,25,25,-1.86,1-2,-15.3,-0.12,-0.173,0.109,0.1
2021,3,2026-10-09T19:55:12+00:00,CHI,26,22,-1.9,1-2,-12.3,0.5,-0.313,0.048,0.1
2021,3,2026-10-09T19:55:12+00:00,CIN,27,29,-3.03,2-1,4.7,-0.49,-0.078,-0.119,0.1
2021,3,2026-10-09T19:55:12+00:00,NYG,28,28,-3.08,0-3,-6.0,-1.47,0.031,0.138,0.1
2021,3,2026-10-09T19:55:12+00:00,HOU,29,27,-3.25,1-2,-3.0,-2.4,-0.013,0.1,0.1
2021,3,2026-10-09T19:55:12+00:00,DET,30,30,-5.38,0-3,-9.3,2.86,-0.042,0.203,0.1
2021,3,2026-10-09T19:55:12+00:00,NYJ,31,31,-7.18,0-3,-16.7,-0.28,-0.339,-0.028,0.1
2021,3,2026-10-09T19:55:12+00:00,JAX,32,32,-7.8,0-3,-12.7,-0.83,-0.151,0.172,0.1
2021,4,2026-10-09T19:55:12+00:00,BUF,1,1,8.45,3-1,22.5,-1.81,0.104,-0.385,0.09
2021,4,2026-10-09T19:55:12+00:00,NO,2,2,5.48,2-2,6.2,0.17,-0.005,-0.089,0.09
2021,4,2026-10-09T19:55:12+00:00,BAL,3,3,5.26,3-1,3.2,-1.25,0.073,0.012,0.09
2021,4,2026-10-09T19:55:12+00:00,TB,4,4,4.12,3-1,4.2,0.57,0.099,-0.002,0.09
2021,4,2026-10-09T19:55:12+00:00,GB,5,6,3.01,3-1,-1.2,0.25,0.017,0.053,0.09
2021,4,2026-10-09T19:55:12+00:00,KC,6,7,2.92,2-2,2.2,1.17,0.308,0.235,0.09
2021,4,2026-10-09T19:55:12+00:00,LA,7,5,2.82,3-1,4.0,1.43,0.189,0.078,0.09
2021,4,2026-10-09T19:55:12+00:00,ARI,8,9,2.68,4-0,13.8,-1.36,0.206,-0.07,0.09
2021,4,2026-10-09T19:55:12+00:00,SEA,9,8,2.38,2-2,0.8,0.11,0.095,0.095,0.09
2021,4,2026-10-09T19:55:12+00:00,DAL,10,12,1.18,3-1,7.2,0.49,0.146,0.005,0.09
2021,4,2026-10-09T19:55:12+00:00,CLE,11,13,0.95,3-1,8.2,-1.04,0.099,-0.108,0.09
2021,4,2026-10-09T19:55:12+00:00,SF,12,10,0.63,2-2,1.2,-0.58,0.118,-0.01,0.09
2021,4,2026-10-09T19:55:12+00:00,LAC,13,19,0.55,3-1,5.2,0.5,0.122,-0.04,0.09
2021,4,2026-10-09T19:55:12+00:00,IND,14,15,0.52,1-3,-3.5,0.84,-0.009,0.047,0.09
2021,4,2026-10-09T19:55:12+00:00,PIT,15,11,0.48,1-3,-6.5,1.87,-0.092,0.075,0.09
2021,4,2026-10-09T19:55:12+00:00,NE,16,16,0.37,1-3,0.2,0.37,-0.095,-0.03,0.09
2021,4,2026-10-09T19:55:12+00:00,TEN,17,14,-0.03,2-2,-4.0,-0.2,-0.032,0.081,0.09
2021,4,2026-10-09T19:55:12+00:00,CAR,18,17,-0.64,3-1,7.8,-1.12,0.081,-0.188,0.09
2021,4,2026-10-09T19:55:12+00:00,MIN,19,20,-0.69,1-3,0.5,0.74,0.052,0.028,0.09
2021,4,2026-10-09T19:55:12+00:00,LV,20,18,-0.94,3-1,1.0,1.12,0.004,-0.018,0.09
2021,4,2026-10-09T19:55:12+00:00,WAS,21,23,-1.15,2-2,-5.2,1.21,0.013,0.133,0.09
2021,4,2026-10-09T19:55:12+00:00,DEN,22,21,-1.4,3-1,8.5,-2.67,0.047,-0.173,0.09
2021,4,2026-10-09T19:55:12+00:00,CHI,23,26,-1.6,2-2,-6.8,-1.22,-0.186,0.023,0.09
2021,4,2026-10-09T19:55:12+00:00,MIA,24,22,-1.8,1-3,-11.8,2.1,-0.148,0.097,0.09
2021,4,2026-10-09T19:55:12+00:00,NYG,25,28,-2.07,1-3,-3.0,0.21,0.083,0.135,0.09
2021,4,2026-10-09T19:55:12+00:00,PHI,26,24,-2.08,1-3,-3.0,0.66,0.064,0.112,0.09
2021,4,2026-10-09T19:55:12+00:00,ATL,27,25,-2.09,1-3,-12.5,-0.29,-0.103,0.143,0.09
2021,4,2026-10-09T19:55:12+00:00,CIN,28,27,-3.03,3-1,4.2,-2.34,0.024,-0.043,0.09
2021,4,2026-10-09T19:55:12+00:00,HOU,29,29,-4.79,1-3,-12.2,0.31,-0.217,0.104,0.09
2021,4,2026-10-09T19:55:12+00:00,DET,30,30,-5.6,0-4,-9.5,1.82,-0.044,0.2,0.09
2021,4,2026-10-09T19:55:12+00:00,NYJ,31,31,-6.35,1-3,-11.8,-0.42,-0.247,-0.015,0.09
2021,4,2026-10-09T19:55:12+00:00,JAX,32,32,-7.53,0-4,-10.2,-1.63,-0.067,0.211,0.09
2021,5,2026-10-09T19:55:12+00:00,BUF,1,1,8.73,4-1,21.6,-1.21,0.153,-0.339,0.13
2021,5,2026-10-09T19:55:12+00:00,NO,2,2,5.53,3-2,7.2,-0.42,0.023,-0.1,0.13
2021,5,2026-10-09T19:55:12+00:00,TB,3,4,5.27,4-1,9.0,0.19,0.184,-0.007,0.13
2021,5,2026-10-09T19:55:12+00:00,BAL,4,3,5.09,4-1,3.8,-1.24,0.116,0.071,0.13
2021,5,2026-10-09T19:55:12+00:00,LA,5,7,3.29,4-1,5.0,1.91,0.194,0.046,0.13
2021,5,2026-10-09T19:55:12+00:00,GB,6,5,2.88,4-1,-0.4,-0.26,0.041,0.045,0.13
2021,5,2026-10-09T19:55:12+00:00,ARI,7,8,2.87,5-0,12.4,-0.87,0.162,-0.091,0.13
2021,5,2026-10-09T19:55:12+00:00,DAL,8,10,2.31,4-1,10.6,0.07,0.152,-0.022,0.13
2021,5,2026-10-09T19:55:12+00:00,KC,9,6,2.08,2-3,-1.8,2.68,0.215,0.259,0.13
2021,5,2026-10-09T19:55:12+00:00,SEA,10,9,1.84,2-3,-1.2,0.78,0.059,0.119,0.13
2021,5,2026-10-09T19:55:12+00:00,PIT,11,15,0.77,2-3,-3.6,1.06,-0.046,0.087,0.13
2021,5,2026-10-09T19:55:12+00:00,LAC,12,13,0.67,4-1,5.2,0.39,0.158,0.029,0.13
2021,5,2026-10-09T19:55:12+00:00,CLE,13,11,0.64,3-2,5.6,-0.67,0.14,-0.026,0.13
2021,5,2026-10-09T19:55:12+00:00,TEN,14,17,0.56,3-2,0.4,-1.82,0.027,0.052,0.13
2021,5,2026-10-09T19:55:12+00:00,IND,15,14,0.42,1-4,-4.0,1.55,0.055,0.096,0.13
2021,5,2026-10-09T19:55:12+00:00,SF,16,12,0.35,2-3,-0.4,0.14,0.06,-0.01,0.13
2021,5,2026-10-09T19:55:12+00:00,NE,17,16,0.21,2-3,0.8,-0.62,-0.073,0.014,0.13
2021,5,2026-10-09T19:55:12+00:00,MIN,18,19,-0.73,2-3,0.8,-0.51,0.03,-0.018,0.13
2021,5,2026-10-09T19:55:12+00:00,CAR,19,18,-0.76,3-2,5.6,-0.96,0.005,-0.201,0.13
2021,5,2026-10-09T19:55:12+00:00,CHI,20,23,-0.85,3-2,-3.2,-1.14,-0.148,-0.017,0.13
2021,5,2026-10-09T19:55:12+00:00,WAS,21,21,-1.36,2-3,-6.4,2.01,-0.019,0.133,0.13
2021,5,2026-10-09T19:55:12+00:00,LV,22,20,-1.71,3-2,-1.4,0.53,-0.032,-0.013,0.13
2021,5,2026-10-09T19:55:12+00:00,PHI,23,26,-1.75,2-3,-1.8,0.43,0.0,0.03,0.13
2021,5,2026-10-09T19:55:12+00:00,ATL,24,27,-1.81,2-3,-8.6,-1.46,-0.043,0.108,0.13
2021,5,2026-10-09T19:55:12+00:00,DEN,25,22,-1.81,3-2,5.2,-2.28,0.065,-0.111,0.13
2021,5,2026-10-09T19:55:12+00:00,CIN,26,28,-2.77,3-2,2.8,-1.15,0.021,-0.007,0.13
2021,5,2026-10-09T19:55:12+00:00,MIA,27,24,-3.02,1-4,-15.0,2.58,-0.124,0.182,0.13
2021,5,2026-10-09T19:55:12+00:00,NYG,28,25,-3.06,1-4,-7.2,0.57,0.04,0.143,0.13
2021,5,2026-10-09T19:55:12+00:00,HOU,29,29,-4.5,1-4,-10.4,0.2,-0.136,0.087,0.13
2021,5,2026-10-09T19:55:12+00:00,DET,30,30,-5.16,0-5,-8.0,1.35,-0.076,0.148,0.13
2021,5,2026-10-09T19:55:12+00:00,NYJ,31,31,-6.39,1-4,-10.8,-0.72,-0.204,0.027,0.13
2021,5,2026-10-09T19:55:12+00:00,JAX,32,32,-7.81,0-5,-11.8,-1.13,-0.066,0.221,0.13
2021,6,2026-10-09T19:55:12+00:00,BUF,1,1,7.79,4-2,17.5,-1.02,0.148,-0.241,-0.1
2021,6,2026-10-09T19:55:12+00:00,BAL,2,4,6.29,5-1,7.8,-0.96,0.107,0.005,-0.1
2021,6,2026-10-09T19:55:12+00:00,NO,3,2,5.16,3-2,7.2,-0.91,0.023,-0.1,-0.1
2021,6,2026-10-09T19:55:12+00:00,TB,4,3,5.04,5-1,8.5,-0.05,0.198,-0.002,-0.1
2021,6,2026-10-09T19:55:12+00:00,LA,5,5,4.43,5-1,8.7,1.23,0.189,-0.006,-0.1
2021,6,2026-10-09T19:55:12+00:00,ARI,6,7,4.02,6-0,14.2,-0.3,0.173,-0.121,-0.1
2021,6,2026-10-09T19:55:12+00:00,GB,7,6,3.13,5-1,1.3,-0.33,0.075,0.041,-0.1
2021,6,2026-10-09T19:55:12+00:00,KC,8,9,2.6,3-3,1.5,1.49,0.2,0.187,-0.1
2021,6,2026-10-09T19:55:12+00:00,DAL,9,8,2.3,5-1,9.8,-0.46,0.154,-0.02,-0.1
2021,6,2026-10-09T19:55:12+00:00,IND,10,15,1.83,2-4,1.3,0.82,0.093,0.043,-0.1
2021,6,2026-10-09T19:55:12+00:00,SEA,11,10,1.77,2-4,-1.5,1.43,0.041,0.099,-0.1
2021,6,2026-10-09T19:55:12+00:00,TEN,12,14,1.29,4-2,0.8,0.36,0.064,0.064,-0.1
2021,6,2026-10-09T19:55:12+00:00,PIT,13,11,1.08,3-3,-2.5,1.29,-0.038,0.064,-0.1
2021,6,2026-10-09T19:55:12+00:00,SF,14,16,0.39,2-3,-0.4,0.24,0.06,-0.01,-0.1
2021,6,2026-10-09T19:55:12+00:00,NE,15,17,-0.12,2-4,-0.3,-0.43,-0.063,0.039,-0.1
2021,6,2026-10-09T19:55:12+00:00,MIN,16,18,-0.46,3-3,1.7,-0.56,0.037,-0.061,-0.1
2021,6,2026-10-09T19:55:12+00:00,CLE,17,13,-0.49,3-3,0.8,-0.2,0.072,0.016,-0.1
2021,6,2026-10-09T19:55:12+00:00,LAC,18,12,-0.67,4-2,-0.3,1.21,0.077,0.034,-0.1
2021,6,2026-10-09T19:55:12+00:00,CHI,19,20,-1.13,3-3,-4.3,-0.27,-0.12,0.026,-0.1
2021,6,2026-10-09T19:55:12+00:00,CAR,20,19,-1.16,3-3,3.7,-1.08,-0.041,-0.155,-0.1
2021,6,2026-10-09T19:55:12+00:00,LV,21,22,-1.19,4-2,0.5,-0.0,0.027,-0.011,-0.1
2021,6,2026-10-09T19:55:12+00:00,CIN,22,26,-1.47,4-2,6.2,-1.73,0.051,-0.033,-0.1
2021,6,2026-10-09T19:55:12+00:00,PHI,23,23,-1.71,2-4,-2.5,1.21,0.004,0.069,-0.1
2021,6,2026-10-09T19:55:12+00:00,ATL,24,24,-1.91,2-3,-8.6,-1.87,-0.043,0.108,-0.1
2021,6,2026-10-09T19:55:12+00:00,WAS,25,21,-2.28,2-4,-8.3,1.47,-0.044,0.132,-0.1
2021,6,2026-10-09T19:55:12+00:00,DEN,26,25,-2.3,3-3,2.7,-1.86,0.054,-0.038,-0.1
2021,6,2026-10-09T19:55:12+00:00,MIA,27,27,-3.29,1-5,-13.0,1.06,-0.081,0.167,-0.1
2021,6,2026-10-09T19:55:12+00:00,NYG,28,28,-4.14,1-5,-10.5,0.9,-0.011,0.147,-0.1
2021,6,2026-10-09T19:55:12+00:00,HOU,29,29,-5.54,1-5,-13.3,0.15,-0.15,0.119,-0.1
2021,6,2026-10-09T19:55:12+00:00,DET,30,30,-6.03,0-6,-10.5,1.12,-0.091,0.156,-0.1
2021,6,2026-10-09T19:55:12+00:00,NYJ,31,31,-6.25,1-4,-10.8,-0.84,-0.204,0.027,-0.1
2021,6,2026-10-09T19:55:12+00:00,JAX,32,32,-6.97,1-5,-9.3,-1.22,-0.041,0.206,-0.1
2021,7,2026-10-09T19:55:12+00:00,BUF,1,1,7.54,4-2,17.5,-1.19,0.148,-0.241,0.49
2021,7,2026-10-09T19:55:12+00:00,TB,2,4,6.45,6-1,12.3,-0.18,0.189,-0.064,0.49
2021,7,2026-10-09T19:55:12+00:00,NO,3,3,5.03,4-2,6.5,-0.23,-0.006,-0.104,0.49
2021,7,2026-10-09T19:55:12+00:00,ARI,4,6,4.86,7-0,15.9,-0.98,0.167,-0.169,0.49
2021,7,2026-10-09T19:55:12+00:00,BAL,5,2,4.46,5-2,3.3,-0.89,0.071,0.047,0.49
2021,7,2026-10-09T19:55:12+00:00,LA,6,5,4.37,6-1,8.7,0.62,0.188,0.006,0.49
2021,7,2026-10-09T19:55:12+00:00,GB,7,7,3.43,6-1,3.1,-0.68,0.077,0.02,0.49
2021,7,2026-10-09T19:55:12+00:00,TEN,8,12,2.55,5-2,4.1,0.43,0.082,0.04,0.49
2021,7,2026-10-09T19:55:12+00:00,DAL,9,9,2.35,5-1,9.8,-0.07,0.154,-0.02,0.49
2021,7,2026-10-09T19:55:12+00:00,IND,10,10,2.35,3-4,2.9,0.56,0.066,-0.003,0.49
2021,7,2026-10-09T19:55:12+00:00,SEA,11,11,1.75,2-5,-1.7,2.12,0.017,0.064,0.49
2021,7,2026-10-09T19:55:12+00:00,NE,12,15,1.55,3-4,5.6,-1.56,0.014,0.017,0.49
2021,7,2026-10-09T19:55:12+00:00,PIT,13,13,1.11,3-3,-2.5,1.63,-0.038,0.064,0.49
2021,7,2026-10-09T19:55:12+00:00,KC,14,8,1.01,3-4,-2.1,1.17,0.157,0.188,0.49
2021,7,2026-10-09T19:55:12+00:00,CIN,15,22,0.25,5-2,8.7,-0.91,0.087,-0.049,0.49
2021,7,2026-10-09T19:55:12+00:00,SF,16,14,-0.12,2-4,-2.3,0.73,0.004,-0.025,0.49
2021,7,2026-10-09T19:55:12+00:00,MIN,17,16,-0.45,3-3,1.7,-0.34,0.037,-0.061,0.49
2021,7,2026-10-09T19:55:12+00:00,CLE,18,17,-0.52,4-3,1.1,-0.91,0.095,0.03,0.49
2021,7,2026-10-09T19:55:12+00:00,LV,19,21,-0.76,5-2,2.0,-0.78,0.06,-0.006,0.49
2021,7,2026-10-09T19:55:12+00:00,LAC,20,18,-0.85,4-2,-0.3,0.63,0.077,0.034,0.49
2021,7,2026-10-09T19:55:12+00:00,ATL,21,24,-1.77,3-3,-6.8,-2.03,-0.017,0.107,0.49
2021,7,2026-10-09T19:55:12+00:00,PHI,22,23,-2.23,2-5,-3.7,0.65,0.007,0.096,0.49
2021,7,2026-10-09T19:55:12+00:00,DEN,23,26,-2.41,3-4,1.9,-1.85,0.062,0.001,0.49
2021,7,2026-10-09T19:55:12+00:00,CHI,24,19,-2.49,3-4,-8.7,1.06,-0.165,0.042,0.49
2021,7,2026-10-09T19:55:12+00:00,CAR,25,20,-2.59,3-4,0.0,-1.71,-0.086,-0.148,0.49
2021,7,2026-10-09T19:55:12+00:00,NYG,26,28,-2.75,2-5,-5.9,0.32,-0.024,0.075,0.49
2021,7,2026-10-09T19:55:12+00:00,WAS,27,25,-2.77,2-5,-9.1,1.66,-0.052,0.127,0.49
2021,7,2026-10-09T19:55:12+00:00,MIA,28,27,-3.02,1-6,-11.4,1.25,-0.054,0.16,0.49
2021,7,2026-10-09T19:55:12+00:00,DET,29,30,-5.79,0-7,-10.3,1.35,-0.067,0.159,0.49
2021,7,2026-10-09T19:55:12+00:00,HOU,30,29,-6.05,1-6,-15.1,0.94,-0.194,0.122,0.49
2021,7,2026-10-09T19:55:12+00:00,JAX,31,32,-6.6,1-5,-9.3,-0.64,-0.041,0.206,0.49
2021,7,2026-10-09T19:55:12+00:00,NYJ,32,31,-7.86,1-5,-15.8,-0.19,-0.189,0.102,0.49
2021,8,2026-10-09T19:55:12+00:00,BUF,1,1,7.56,5-2,17.1,-1.54,0.133,-0.223,0.36
2021,8,2026-10-09T19:55:12+00:00,TB,2,2,5.73,6-2,9.6,0.7,0.162,-0.05,0.36
2021,8,2026-10-09T19:55:12+00:00,NO,3,3,5.5,5-2,6.9,0.87,0.002,-0.093,0.36
2021,8,2026-10-09T19:55:12+00:00,LA,4,6,4.51,7-1,9.6,-0.58,0.191,-0.01,0.36
2021,8,2026-10-09T19:55:12+00:00,ARI,5,4,4.5,7-1,13.5,-0.52,0.153,-0.138,0.36
2021,8,2026-10-09T19:55:12+00:00,BAL,6,5,4.21,5-2,3.3,-1.21,0.071,0.047,0.36
2021,8,2026-10-09T19:55:12+00:00,GB,7,7,3.43,7-1,3.1,-0.29,0.078,0.024,0.36
2021,8,2026-10-09T19:55:12+00:00,SEA,8,11,2.64,3-5,1.5,1.04,0.019,0.037,0.36
2021,8,2026-10-09T19:55:12+00:00,TEN,9,8,2.54,6-2,4.0,0.68,0.084,0.017,0.36
2021,8,2026-10-09T19:55:12+00:00,DAL,10,9,2.53,6-1,9.0,0.15,0.135,-0.05,0.36
2021,8,2026-10-09T19:55:12+00:00,IND,11,10,2.05,3-5,2.1,0.92,0.04,0.01,0.36
2021,8,2026-10-09T19:55:12+00:00,NE,12,12,1.67,4-4,5.2,-1.32,0.009,0.011,0.36
2021,8,2026-10-09T19:55:12+00:00,PIT,13,13,1.29,4-3,-1.4,1.41,-0.025,0.04,0.36
2021,8,2026-10-09T19:55:12+00:00,KC,14,14,1.0,4-4,-1.5,0.89,0.139,0.157,0.36
2021,8,2026-10-09T19:55:12+00:00,SF,15,16,0.46,3-4,-0.4,0.24,0.07,-0.008,0.36
2021,8,2026-10-09T19:55:12+00:00,PHI,16,22,-0.26,3-5,1.5,-0.32,0.036,0.033,0.36
2021,8,2026-10-09T19:55:12+00:00,CIN,17,15,-0.48,5-3,7.2,-2.1,0.079,-0.036,0.36
2021,8,2026-10-09T19:55:12+00:00,LV,18,19,-0.61,5-2,2.0,-0.56,0.06,-0.006,0.36
2021,8,2026-10-09T19:55:12+00:00,MIN,19,17,-0.7,3-4,0.9,-0.16,-0.001,-0.048,0.36
2021,8,2026-10-09T19:55:12+00:00,CLE,20,18,-0.72,4-4,0.4,-0.77,0.07,0.033,0.36
2021,8,2026-10-09T19:55:12+00:00,LAC,21,20,-0.88,4-3,-0.7,0.74,0.062,0.025,0.36
2021,8,2026-10-09T19:55:12+00:00,DEN,22,23,-1.97,4-4,2.5,-1.94,0.064,-0.002,0.36
2021,8,2026-10-09T19:55:12+00:00,CAR,23,25,-2.03,4-4,0.8,-1.34,-0.068,-0.158,0.36
2021,8,2026-10-09T19:55:12+00:00,ATL,24,21,-2.06,3-4,-6.7,-1.73,-0.047,0.101,0.36
2021,8,2026-10-09T19:55:12+00:00,NYG,25,26,-2.48,2-6,-5.5,0.58,-0.028,0.068,0.36
2021,8,2026-10-09T19:55:12+00:00,WAS,26,27,-2.89,2-6,-8.9,1.26,-0.048,0.121,0.36
2021,8,2026-10-09T19:55:12+00:00,CHI,27,24,-3.11,3-5,-9.0,0.59,-0.133,0.096,0.36
2021,8,2026-10-09T19:55:12+00:00,MIA,28,28,-3.2,1-7,-11.9,1.82,-0.062,0.145,0.36
2021,8,2026-10-09T19:55:12+00:00,HOU,29,30,-6.34,1-7,-15.2,1.27,-0.185,0.134,0.36
2021,8,2026-10-09T19:55:12+00:00,NYJ,30,32,-6.96,2-5,-13.1,-0.09,-0.155,0.091,0.36
2021,8,2026-10-09T19:55:12+00:00,JAX,31,31,-7.37,1-6,-11.4,-0.33,-0.056,0.181,0.36
2021,8,2026-10-09T19:55:12+00:00,DET,32,29,-7.59,0-8,-13.8,1.01,-0.109,0.169,0.36
2021,9,2026-10-09T19:55:12+00:00,BUF,1,1,6.5,5-3,14.6,-1.87,0.096,-0.222,0.0
2021,9,2026-10-09T19:55:12+00:00,TB,2,2,5.48,6-2,9.6,0.51,0.162,-0.05,0.0
2021,9,2026-10-09T19:55:12+00:00,ARI,3,5,4.86,8-1,13.6,-0.32,0.163,-0.135,0.0
2021,9,2026-10-09T19:55:12+00:00,NO,4,3,4.74,5-3,5.8,0.48,-0.008,-0.07,0.0
2021,9,2026-10-09T19:55:12+00:00,BAL,5,6,4.04,6-2,3.2,-1.03,0.076,0.063,0.0
2021,9,2026-10-09T19:55:12+00:00,LA,6,4,3.64,7-2,7.2,-0.03,0.143,-0.017,0.0
2021,9,2026-10-09T19:55:12+00:00,TEN,7,9,3.31,7-2,4.9,1.2,0.066,-0.011,0.0
2021,9,2026-10-09T19:55:12+00:00,GB,8,7,2.8,7-2,2.1,-0.35,0.069,0.004,0.0
2021,9,2026-10-09T19:55:12+00:00,SEA,9,8,2.5,3-5,1.5,1.04,0.019,0.037,0.0
2021,9,2026-10-09T19:55:12+00:00,IND,10,11,2.39,4-5,3.6,0.05,0.085,0.031,0.0
2021,9,2026-10-09T19:55:12+00:00,NE,11,12,2.32,5-4,6.7,-1.64,0.003,-0.045,0.0
2021,9,2026-10-09T19:55:12+00:00,KC,12,14,1.5,5-4,-0.7,1.27,0.107,0.139,0.0
2021,9,2026-10-09T19:55:12+00:00,DAL,13,10,1.38,6-2,6.1,0.05,0.098,-0.024,0.0
2021,9,2026-10-09T19:55:12+00:00,PIT,14,13,1.14,5-3,-1.0,0.76,-0.019,0.05,0.0
2021,9,2026-10-09T19:55:12+00:00,CLE,15,20,0.78,5-4,3.1,-0.61,0.097,-0.006,0.0
2021,9,2026-10-09T19:55:12+00:00,SF,16,15,-0.23,3-5,-2.1,0.79,0.047,0.024,0.0
2021,9,2026-10-09T19:55:12+00:00,LAC,17,21,-0.51,5-3,-0.2,0.7,0.091,0.049,0.0
2021,9,2026-10-09T19:55:12+00:00,PHI,18,16,-0.6,3-6,1.0,-0.57,0.056,0.062,0.0
2021,9,2026-10-09T19:55:12+00:00,MIN,19,19,-0.64,3-5,0.4,0.19,0.021,-0.029,0.0
2021,9,2026-10-09T19:55:12+00:00,DEN,20,22,-0.82,5-4,3.8,-1.28,0.075,-0.019,0.0
2021,9,2026-10-09T19:55:12+00:00,LV,21,18,-0.95,5-3,0.9,-0.58,0.046,-0.011,0.0
2021,9,2026-10-09T19:55:12+00:00,ATL,22,24,-1.55,4-4,-5.6,-0.99,-0.029,0.079,0.0
2021,9,2026-10-09T19:55:12+00:00,CIN,23,17,-1.77,5-4,3.7,-1.71,0.035,0.003,0.0
2021,9,2026-10-09T19:55:12+00:00,NYG,24,25,-2.05,3-6,-4.1,0.26,-0.031,0.055,0.0
2021,9,2026-10-09T19:55:12+00:00,CAR,25,23,-2.78,4-5,-1.3,-1.07,-0.115,-0.145,0.0
2021,9,2026-10-09T19:55:12+00:00,MIA,26,28,-2.86,2-7,-9.7,0.93,-0.077,0.095,0.0
2021,9,2026-10-09T19:55:12+00:00,WAS,27,26,-2.87,2-6,-8.9,1.33,-0.048,0.121,0.0
2021,9,2026-10-09T19:55:12+00:00,CHI,28,27,-2.99,3-6,-8.2,0.38,-0.105,0.087,0.0
2021,9,2026-10-09T19:55:12+00:00,JAX,29,31,-6.04,2-6,-9.6,0.68,-0.075,0.138,0.0
2021,9,2026-10-09T19:55:12+00:00,HOU,30,29,-6.28,1-8,-14.4,0.98,-0.198,0.098,0.0
2021,9,2026-10-09T19:55:12+00:00,NYJ,31,30,-6.98,2-6,-13.4,0.43,-0.11,0.134,0.0
2021,9,2026-10-09T19:55:12+00:00,DET,32,32,-7.49,0-8,-13.8,0.53,-0.109,0.169,0.0
2021,10,2026-10-09T19:55:12+00:00,BUF,1,1,7.34,6-3,16.1,-2.03,0.136,-0.216,0.29
2021,10,2026-10-09T19:55:12+00:00,NO,2,4,4.44,5-4,4.9,1.02,0.006,-0.069,0.29
2021,10,2026-10-09T19:55:12+00:00,TB,3,2,4.34,6-3,7.4,0.55,0.142,-0.04,0.29
2021,10,2026-10-09T19:55:12+00:00,NE,4,11,4.25,6-4,9.8,-1.36,0.052,-0.059,0.29
2021,10,2026-10-09T19:55:12+00:00,GB,5,8,3.75,8-2,3.6,-0.01,0.069,-0.027,0.29
2021,10,2026-10-09T19:55:12+00:00,DAL,6,13,3.54,7-2,9.9,0.02,0.108,-0.072,0.29
2021,10,2026-10-09T19:55:12+00:00,TEN,7,7,3.28,8-2,4.6,1.2,0.053,0.001,0.29
2021,10,2026-10-09T19:55:12+00:00,ARI,8,3,3.1,8-2,9.8,-0.32,0.089,-0.121,0.29
2021,10,2026-10-09T19:55:12+00:00,BAL,9,5,2.83,6-3,1.6,-1.19,0.037,0.05,0.29
2021,10,2026-10-09T19:55:12+00:00,KC,10,12,2.76,6-4,2.1,0.95,0.135,0.109,0.29
2021,10,2026-10-09T19:55:12+00:00,IND,11,10,2.09,5-5,3.8,-0.73,0.071,0.027,0.29
2021,10,2026-10-09T19:55:12+00:00,LA,12,6,2.07,7-3,4.4,-0.24,0.107,0.0,0.29
2021,10,2026-10-09T19:55:12+00:00,SEA,13,9,1.45,3-6,-0.6,1.22,-0.017,0.04,0.29
2021,10,2026-10-09T19:55:12+00:00,SF,14,16,0.97,4-5,0.4,0.71,0.059,-0.003,0.29
2021,10,2026-10-09T19:55:12+00:00,PHI,15,18,0.46,4-6,2.6,-0.43,0.064,0.03,0.29
2021,10,2026-10-09T19:55:12+00:00,PIT,16,14,0.37,5-3-1,-0.9,-0.5,-0.032,0.033,0.29
2021,10,2026-10-09T19:55:12+00:00,MIN,17,19,-0.14,4-5,1.1,-0.08,0.034,-0.04,0.29
2021,10,2026-10-09T19:55:12+00:00,LAC,18,17,-0.8,5-4,-1.0,0.92,0.067,0.059,0.29
2021,10,2026-10-09T19:55:12+00:00,CAR,19,25,-0.91,5-5,1.2,-0.32,-0.103,-0.189,0.29
2021,10,2026-10-09T19:55:12+00:00,CLE,20,15,-1.34,5-5,-1.0,-0.31,0.069,0.044,0.29
2021,10,2026-10-09T19:55:12+00:00,WAS,21,27,-1.65,3-6,-6.8,1.64,-0.038,0.105,0.29
2021,10,2026-10-09T19:55:12+00:00,DEN,22,20,-1.73,5-5,1.7,-1.35,0.041,-0.004,0.29
2021,10,2026-10-09T19:55:12+00:00,MIA,23,26,-1.82,3-7,-7.5,1.05,-0.075,0.058,0.29
2021,10,2026-10-09T19:55:12+00:00,CIN,24,23,-1.88,5-4,3.7,-1.94,0.035,0.003,0.29
2021,10,2026-10-09T19:55:12+00:00,NYG,25,24,-1.96,3-6,-4.1,0.3,-0.031,0.055,0.29
2021,10,2026-10-09T19:55:12+00:00,LV,26,21,-2.43,5-4,-2.2,-0.32,0.023,0.034,0.29
2021,10,2026-10-09T19:55:12+00:00,CHI,27,28,-2.94,3-6,-8.2,-0.1,-0.105,0.087,0.29
2021,10,2026-10-09T19:55:12+00:00,ATL,28,22,-3.37,4-5,-9.4,-0.12,-0.077,0.091,0.29
2021,10,2026-10-09T19:55:12+00:00,JAX,29,29,-5.81,2-7,-9.2,0.64,-0.068,0.117,0.29
2021,10,2026-10-09T19:55:12+00:00,HOU,30,30,-6.06,1-8,-14.4,1.0,-0.198,0.098,0.29
2021,10,2026-10-09T19:55:12+00:00,DET,31,32,-6.71,0-8-1,-12.2,0.61,-0.109,0.135,0.29
2021,10,2026-10-09T19:55:12+00:00,NYJ,32,31,-7.48,2-7,-15.0,1.48,-0.116,0.171,0.29
2021,11,2026-10-09T19:55:12+00:00,BUF,1,1,5.4,6-4,11.9,-1.41,0.124,-0.167,-0.1
2021,11,2026-10-09T19:55:12+00:00,NE,2,4,5.05,7-4,11.2,-1.59,0.042,-0.109,-0.1
2021,11,2026-10-09T19:55:12+00:00,TB,3,3,4.88,7-3,8.7,0.16,0.138,-0.074,-0.1
2021,11,2026-10-09T19:55:12+00:00,IND,4,11,3.67,6-5,5.8,-0.24,0.089,0.026,-0.1
2021,11,2026-10-09T19:55:12+00:00,ARI,5,8,3.5,9-2,9.8,-0.11,0.097,-0.121,-0.1
2021,11,2026-10-09T19:55:12+00:00,GB,6,5,3.36,8-3,3.0,0.17,0.103,0.002,-0.1
2021,11,2026-10-09T19:55:12+00:00,NO,7,2,3.33,5-5,3.3,0.79,-0.012,-0.062,-0.1
2021,11,2026-10-09T19:55:12+00:00,KC,8,10,3.05,7-4,2.8,0.79,0.116,0.075,-0.1
2021,11,2026-10-09T19:55:12+00:00,DAL,9,6,2.86,7-3,7.9,0.37,0.071,-0.072,-0.1
2021,11,2026-10-09T19:55:12+00:00,BAL,10,9,2.77,7-3,1.7,-1.01,0.024,0.041,-0.1
2021,11,2026-10-09T19:55:12+00:00,TEN,11,7,2.28,8-3,3.4,0.66,0.031,-0.007,-0.1
2021,11,2026-10-09T19:55:12+00:00,LA,12,12,2.13,7-3,4.4,0.05,0.107,0.0,-0.1
2021,11,2026-10-09T19:55:12+00:00,SF,13,14,1.74,5-5,2.4,0.3,0.074,-0.013,-0.1
2021,11,2026-10-09T19:55:12+00:00,PHI,14,15,1.14,5-6,3.4,-0.15,0.059,0.011,-0.1
2021,11,2026-10-09T19:55:12+00:00,SEA,15,13,0.92,3-7,-1.5,1.41,-0.026,0.054,-0.1
2021,11,2026-10-09T19:55:12+00:00,MIN,16,17,0.22,5-5,1.3,0.34,0.059,0.009,-0.1
2021,11,2026-10-09T19:55:12+00:00,PIT,17,16,0.11,5-4-1,-1.2,-0.69,-0.031,0.063,-0.1
2021,11,2026-10-09T19:55:12+00:00,LAC,18,18,-0.46,6-4,-0.5,0.93,0.094,0.051,-0.1
2021,11,2026-10-09T19:55:12+00:00,CIN,19,24,-0.78,6-4,5.2,-2.06,0.033,-0.025,-0.1
2021,11,2026-10-09T19:55:12+00:00,CLE,20,20,-1.24,6-5,-0.6,-0.43,0.057,0.018,-0.1
2021,11,2026-10-09T19:55:12+00:00,CAR,21,19,-1.27,5-6,0.5,-0.41,-0.08,-0.154,-0.1
2021,11,2026-10-09T19:55:12+00:00,WAS,22,21,-1.34,4-6,-5.5,0.94,-0.014,0.11,-0.1
2021,11,2026-10-09T19:55:12+00:00,MIA,23,23,-1.76,4-7,-6.2,0.1,-0.051,0.059,-0.1
2021,11,2026-10-09T19:55:12+00:00,DEN,24,22,-1.79,5-5,1.7,-1.54,0.041,-0.004,-0.1
2021,11,2026-10-09T19:55:12+00:00,CHI,25,27,-2.65,3-7,-7.7,0.33,-0.099,0.07,-0.1
2021,11,2026-10-09T19:55:12+00:00,NYG,26,25,-2.75,3-7,-5.7,0.41,-0.066,0.06,-0.1
2021,11,2026-10-09T19:55:12+00:00,LV,27,26,-3.35,5-5,-3.9,-0.31,-0.007,0.032,-0.1
2021,11,2026-10-09T19:55:12+00:00,ATL,28,28,-4.37,4-6,-11.0,0.28,-0.13,0.076,-0.1
2021,11,2026-10-09T19:55:12+00:00,HOU,29,30,-4.78,2-8,-12.1,1.15,-0.187,0.069,-0.1
2021,11,2026-10-09T19:55:12+00:00,DET,30,31,-6.26,0-9-1,-11.3,0.68,-0.122,0.115,-0.1
2021,11,2026-10-09T19:55:12+00:00,JAX,31,29,-6.27,2-8,-10.3,0.84,-0.071,0.126,-0.1
2021,11,2026-10-09T19:55:12+00:00,NYJ,32,32,-7.32,2-8,-14.2,1.15,-0.098,0.172,-0.1
2021,12,2026-10-09T19:55:12+00:00,BUF,1,1,6.59,7-4,13.1,-1.06,0.126,-0.183,0.29
2021,12,2026-10-09T19:55:12+00:00,NE,2,2,6.0,8-4,12.2,-1.39,0.058,-0.107,0.29
2021,12,2026-10-09T19:55:12+00:00,TB,3,3,5.03,8-3,8.5,0.49,0.134,-0.069,0.29
2021,12,2026-10-09T19:55:12+00:00,GB,4,6,3.5,9-3,3.4,0.13,0.101,-0.008,0.29
2021,12,2026-10-09T19:55:12+00:00,ARI,5,5,3.27,9-2,9.8,-0.45,0.097,-0.121,0.29
2021,12,2026-10-09T19:55:12+00:00,IND,6,4,3.21,6-6,4.8,0.23,0.08,0.031,0.29
2021,12,2026-10-09T19:55:12+00:00,KC,7,8,2.96,7-4,2.8,0.75,0.116,0.075,0.29
2021,12,2026-10-09T19:55:12+00:00,BAL,8,10,2.9,8-3,2.1,-0.73,0.01,0.019,0.29
2021,12,2026-10-09T19:55:12+00:00,DAL,9,9,2.29,7-4,6.9,0.07,0.072,-0.059,0.29
2021,12,2026-10-09T19:55:12+00:00,SF,10,13,1.93,6-5,2.9,0.05,0.078,-0.024,0.29
2021,12,2026-10-09T19:55:12+00:00,NO,11,7,1.89,5-6,0.7,1.21,-0.042,-0.043,0.29
2021,12,2026-10-09T19:55:12+00:00,LA,12,12,1.66,7-4,3.3,0.22,0.087,0.007,0.29
2021,12,2026-10-09T19:55:12+00:00,TEN,13,11,1.04,8-4,1.2,0.96,0.021,0.014,0.29
2021,12,2026-10-09T19:55:12+00:00,CIN,14,19,1.04,7-4,7.5,-2.0,0.048,-0.051,0.29
2021,12,2026-10-09T19:55:12+00:00,PHI,15,14,0.52,5-7,2.6,-0.45,0.038,0.006,0.29
2021,12,2026-10-09T19:55:12+00:00,SEA,16,15,0.49,3-8,-1.5,0.66,-0.033,0.051,0.29
2021,12,2026-10-09T19:55:12+00:00,MIA,17,23,-0.2,5-7,-3.8,0.3,-0.041,0.028,0.29
2021,12,2026-10-09T19:55:12+00:00,MIN,18,16,-0.25,5-6,0.5,0.39,0.041,0.02,0.29
2021,12,2026-10-09T19:55:12+00:00,DEN,19,24,-0.88,6-5,2.9,-1.54,0.049,-0.004,0.29
2021,12,2026-10-09T19:55:12+00:00,WAS,20,22,-1.16,5-6,-4.8,0.87,-0.011,0.091,0.29
2021,12,2026-10-09T19:55:12+00:00,CLE,21,20,-1.26,6-6,-1.1,-0.14,0.036,0.006,0.29
2021,12,2026-10-09T19:55:12+00:00,LAC,22,18,-1.35,6-5,-1.8,0.64,0.085,0.058,0.29
2021,12,2026-10-09T19:55:12+00:00,PIT,23,17,-1.5,5-5-1,-3.9,-0.2,-0.056,0.075,0.29
2021,12,2026-10-09T19:55:12+00:00,NYG,24,26,-2.2,4-7,-4.6,0.3,-0.065,0.037,0.29
2021,12,2026-10-09T19:55:12+00:00,CAR,25,21,-2.49,5-7,-1.4,-0.43,-0.1,-0.135,0.29
2021,12,2026-10-09T19:55:12+00:00,LV,26,27,-2.59,6-5,-3.3,0.08,0.0,0.037,0.29
2021,12,2026-10-09T19:55:12+00:00,CHI,27,25,-2.67,4-7,-6.8,-0.13,-0.085,0.06,0.29
2021,12,2026-10-09T19:55:12+00:00,ATL,28,28,-3.97,5-6,-9.4,-0.26,-0.108,0.068,0.29
2021,12,2026-10-09T19:55:12+00:00,HOU,29,29,-5.14,2-9,-11.6,0.47,-0.195,0.058,0.29
2021,12,2026-10-09T19:55:12+00:00,DET,30,30,-6.08,0-10-1,-10.5,0.29,-0.114,0.109,0.29
2021,12,2026-10-09T19:55:12+00:00,NYJ,31,32,-6.26,3-8,-12.3,1.02,-0.093,0.131,0.29
2021,12,2026-10-09T19:55:12+00:00,JAX,32,31,-6.34,2-9,-10.0,0.67,-0.066,0.124,0.29
2021,13,2026-10-09T19:55:12+00:00,BUF,1,1,6.11,7-5,11.7,-0.51,0.1,-0.167,0.19
2021,13,2026-10-09T19:55:12+00:00,NE,2,2,6.06,9-4,11.5,-0.83,0.054,-0.114,0.19
2021,13,2026-10-09T19:55:12+00:00,TB,3,3,5.18,9-3,8.9,0.3,0.14,-0.068,0.19
2021,13,2026-10-09T19:55:12+00:00,IND,4,6,4.17,7-6,6.8,-0.4,0.087,-0.019,0.19
2021,13,2026-10-09T19:55:12+00:00,ARI,5,5,3.46,10-2,9.9,-0.8,0.099,-0.125,0.19
2021,13,2026-10-09T19:55:12+00:00,GB,6,4,3.43,9-3,3.4,0.16,0.101,-0.008,0.19
2021,13,2026-10-09T19:55:12+00:00,KC,7,7,3.42,8-4,3.7,0.67,0.103,0.058,0.19
2021,13,2026-10-09T19:55:12+00:00,LA,8,12,2.81,8-4,5.5,-0.4,0.1,-0.025,0.19
2021,13,2026-10-09T19:55:12+00:00,DAL,9,9,2.77,8-4,7.2,0.29,0.057,-0.077,0.19
2021,13,2026-10-09T19:55:12+00:00,BAL,10,8,2.53,8-4,1.8,-0.65,0.014,0.027,0.19
2021,13,2026-10-09T19:55:12+00:00,SF,11,10,1.52,6-6,2.1,0.32,0.072,-0.027,0.19
2021,13,2026-10-09T19:55:12+00:00,NO,12,11,1.31,5-7,-0.2,1.36,-0.061,-0.048,0.19
2021,13,2026-10-09T19:55:12+00:00,PHI,13,15,0.98,6-7,3.5,-0.83,0.053,0.006,0.19
2021,13,2026-10-09T19:55:12+00:00,TEN,14,13,0.97,8-4,1.2,1.03,0.021,0.014,0.19
2021,13,2026-10-09T19:55:12+00:00,SEA,15,16,0.94,4-8,-0.8,0.74,-0.035,0.047,0.19
2021,13,2026-10-09T19:55:12+00:00,MIA,16,17,0.17,6-7,-2.6,-0.12,-0.041,0.013,0.19
2021,13,2026-10-09T19:55:12+00:00,LAC,17,22,-0.14,7-5,-0.1,0.64,0.079,0.029,0.19
2021,13,2026-10-09T19:55:12+00:00,CIN,18,14,-0.21,7-5,5.3,-1.95,0.02,-0.046,0.19
2021,13,2026-10-09T19:55:12+00:00,MIN,19,18,-0.61,5-7,0.2,-0.04,0.042,0.012,0.19
2021,13,2026-10-09T19:55:12+00:00,WAS,20,20,-1.03,6-6,-4.2,0.62,-0.008,0.082,0.19
2021,13,2026-10-09T19:55:12+00:00,DEN,21,19,-1.23,6-6,1.6,-1.08,0.033,-0.007,0.19
2021,13,2026-10-09T19:55:12+00:00,PIT,22,23,-1.25,6-5-1,-3.5,-0.08,-0.042,0.073,0.19
2021,13,2026-10-09T19:55:12+00:00,CLE,23,21,-1.3,6-6,-1.1,-0.21,0.036,0.006,0.19
2021,13,2026-10-09T19:55:12+00:00,CAR,24,25,-2.43,5-7,-1.4,-0.52,-0.1,-0.135,0.19
2021,13,2026-10-09T19:55:12+00:00,LV,25,26,-2.49,6-6,-3.2,0.05,-0.002,0.035,0.19
2021,13,2026-10-09T19:55:12+00:00,NYG,26,24,-2.51,4-8,-5.2,0.45,-0.073,0.032,0.19
2021,13,2026-10-09T19:55:12+00:00,CHI,27,27,-2.88,4-8,-7.2,0.22,-0.092,0.065,0.19
2021,13,2026-10-09T19:55:12+00:00,ATL,28,28,-4.11,5-7,-9.7,0.15,-0.104,0.079,0.19
2021,13,2026-10-09T19:55:12+00:00,DET,29,30,-5.51,1-10-1,-9.4,0.13,-0.111,0.104,0.19
2021,13,2026-10-09T19:55:12+00:00,HOU,30,29,-6.21,2-10,-13.2,0.86,-0.23,0.067,0.19
2021,13,2026-10-09T19:55:12+00:00,NYJ,31,31,-6.56,3-9,-12.5,0.86,-0.085,0.139,0.19
2021,13,2026-10-09T19:55:12+00:00,JAX,32,32,-7.36,2-10,-11.7,0.7,-0.092,0.134,0.19
2021,14,2026-10-09T19:55:12+00:00,NE,1,2,5.88,9-4,11.5,-0.78,0.054,-0.114,0.53
2021,14,2026-10-09T19:55:12+00:00,BUF,2,1,5.58,7-6,10.3,-0.04,0.098,-0.141,0.53
2021,14,2026-10-09T19:55:12+00:00,TB,3,3,5.45,10-3,8.7,0.78,0.143,-0.057,0.53
2021,14,2026-10-09T19:55:12+00:00,KC,4,7,5.15,9-4,6.4,0.34,0.122,0.03,0.53
2021,14,2026-10-09T19:55:12+00:00,IND,5,4,3.93,7-6,6.8,-0.46,0.087,-0.019,0.53
2021,14,2026-10-09T19:55:12+00:00,GB,6,6,3.81,10-3,4.3,-0.03,0.118,-0.018,0.53
2021,14,2026-10-09T19:55:12+00:00,LA,7,8,3.1,9-4,5.6,-0.29,0.109,-0.028,0.53
2021,14,2026-10-09T19:55:12+00:00,DAL,8,9,3.0,9-4,7.2,0.43,0.042,-0.106,0.53
2021,14,2026-10-09T19:55:12+00:00,ARI,9,5,2.93,10-3,8.6,-0.44,0.087,-0.098,0.53
2021,14,2026-10-09T19:55:12+00:00,BAL,10,10,2.15,8-5,1.5,-0.67,0.005,0.02,0.53
2021,14,2026-10-09T19:55:12+00:00,NO,11,12,2.1,6-7,1.5,0.8,-0.045,-0.07,0.53
2021,14,2026-10-09T19:55:12+00:00,SEA,12,15,1.63,5-8,0.8,0.23,-0.006,0.033,0.53
2021,14,2026-10-09T19:55:12+00:00,SF,13,11,1.58,7-6,2.2,0.2,0.075,-0.016,0.53
2021,14,2026-10-09T19:55:12+00:00,TEN,14,14,1.55,9-4,2.6,0.38,0.022,-0.021,0.53
2021,14,2026-10-09T19:55:12+00:00,PHI,15,13,1.03,6-7,3.5,-0.7,0.053,0.006,0.53
2021,14,2026-10-09T19:55:12+00:00,LAC,16,17,0.68,8-5,1.2,0.43,0.09,0.021,0.53
2021,14,2026-10-09T19:55:12+00:00,DEN,17,21,0.15,7-6,3.6,-1.57,0.05,-0.017,0.53
2021,14,2026-10-09T19:55:12+00:00,MIA,18,16,-0.06,6-7,-2.6,-0.5,-0.041,0.013,0.53
2021,14,2026-10-09T19:55:12+00:00,MIN,19,19,-0.25,6-7,0.8,-0.26,0.039,0.005,0.53
2021,14,2026-10-09T19:55:12+00:00,CIN,20,18,-0.46,7-6,4.7,-1.95,0.027,-0.033,0.53
2021,14,2026-10-09T19:55:12+00:00,CLE,21,23,-1.05,7-6,-0.8,-0.01,0.028,-0.003,0.53
2021,14,2026-10-09T19:55:12+00:00,WAS,22,20,-1.14,6-7,-4.5,1.09,-0.043,0.065,0.53
2021,14,2026-10-09T19:55:12+00:00,PIT,23,22,-1.64,6-6-1,-3.8,-0.18,-0.045,0.068,0.53
2021,14,2026-10-09T19:55:12+00:00,CAR,24,24,-2.86,5-8,-1.9,-0.79,-0.105,-0.122,0.53
2021,14,2026-10-09T19:55:12+00:00,NYG,25,26,-3.08,4-9,-6.0,0.7,-0.073,0.046,0.53
2021,14,2026-10-09T19:55:12+00:00,ATL,26,28,-3.38,6-7,-8.3,-0.15,-0.093,0.06,0.53
2021,14,2026-10-09T19:55:12+00:00,CHI,27,27,-3.4,4-9,-7.8,0.18,-0.095,0.085,0.53
2021,14,2026-10-09T19:55:12+00:00,LV,28,25,-4.12,6-7,-5.9,0.58,-0.024,0.06,0.53
2021,14,2026-10-09T19:55:12+00:00,DET,29,29,-6.6,1-11-1,-10.8,0.11,-0.112,0.116,0.53
2021,14,2026-10-09T19:55:12+00:00,HOU,30,30,-6.83,2-11,-13.8,0.75,-0.224,0.089,0.53
2021,14,2026-10-09T19:55:12+00:00,NYJ,31,31,-7.14,3-10,-13.2,0.96,-0.104,0.14,0.53
2021,14,2026-10-09T19:55:12+00:00,JAX,32,32,-7.69,2-11,-12.3,0.87,-0.118,0.126,0.53
2021,15,2026-10-09T19:55:12+00:00,BUF,1,2,5.77,8-6,10.8,-0.31,0.099,-0.145,0.67
2021,15,2026-10-09T19:55:12+00:00,KC,2,4,5.08,10-4,6.4,0.35,0.125,0.027,0.67
2021,15,2026-10-09T19:55:12+00:00,NE,3,1,5.04,9-5,10.0,-0.44,0.044,-0.105,0.67
2021,15,2026-10-09T19:55:12+00:00,TB,4,3,4.54,10-4,7.4,0.84,0.111,-0.073,0.67
2021,15,2026-10-09T19:55:12+00:00,IND,5,5,4.45,8-6,7.0,-0.06,0.081,-0.023,0.67
2021,15,2026-10-09T19:55:12+00:00,GB,6,6,3.74,11-3,4.1,0.27,0.135,-0.001,0.67
2021,15,2026-10-09T19:55:12+00:00,DAL,7,8,3.39,10-4,7.7,-0.02,0.041,-0.121,0.67
2021,15,2026-10-09T19:55:12+00:00,LA,8,7,3.28,10-4,5.9,-0.35,0.095,-0.042,0.67
2021,15,2026-10-09T19:55:12+00:00,NO,9,11,2.64,7-7,2.0,0.81,-0.062,-0.086,0.67
2021,15,2026-10-09T19:55:12+00:00,BAL,10,10,2.17,8-6,1.4,-0.13,0.019,0.044,0.67
2021,15,2026-10-09T19:55:12+00:00,SF,11,13,2.13,8-6,3.3,-0.17,0.09,-0.031,0.67
2021,15,2026-10-09T19:55:12+00:00,PHI,12,15,1.42,7-7,4.0,-0.7,0.058,-0.004,0.67
2021,15,2026-10-09T19:55:12+00:00,ARI,13,9,1.4,10-4,6.7,-0.72,0.066,-0.088,0.67
2021,15,2026-10-09T19:55:12+00:00,SEA,14,12,1.17,5-9,0.0,0.55,-0.022,0.025,0.67
2021,15,2026-10-09T19:55:12+00:00,TEN,15,14,1.07,9-5,2.0,0.22,0.006,-0.036,0.67
2021,15,2026-10-09T19:55:12+00:00,LAC,16,16,0.53,8-6,0.6,0.81,0.083,0.032,0.67
2021,15,2026-10-09T19:55:12+00:00,MIN,17,19,0.24,7-7,1.4,-0.31,0.029,-0.007,0.67
2021,15,2026-10-09T19:55:12+00:00,CIN,18,20,0.02,8-6,4.7,-1.55,0.023,-0.042,0.67
2021,15,2026-10-09T19:55:12+00:00,DEN,19,17,-0.09,7-7,3.0,-1.31,0.035,-0.018,0.67
2021,15,2026-10-09T19:55:12+00:00,MIA,20,18,-0.15,7-7,-1.9,-1.06,-0.04,0.0,0.67
2021,15,2026-10-09T19:55:12+00:00,PIT,21,23,-1.03,7-6-1,-3.1,0.1,-0.059,0.049,0.67
2021,15,2026-10-09T19:55:12+00:00,CLE,22,21,-1.25,7-7,-0.9,-0.17,0.024,-0.003,0.67
2021,15,2026-10-09T19:55:12+00:00,WAS,23,22,-1.53,6-8,-4.9,0.97,-0.049,0.069,0.67
2021,15,2026-10-09T19:55:12+00:00,CAR,24,24,-3.35,5-9,-3.0,-0.45,-0.112,-0.105,0.67
2021,15,2026-10-09T19:55:12+00:00,CHI,25,27,-3.47,4-10,-7.8,0.39,-0.1,0.072,0.67
2021,15,2026-10-09T19:55:12+00:00,NYG,26,25,-3.55,4-10,-6.6,0.81,-0.09,0.045,0.67
2021,15,2026-10-09T19:55:12+00:00,LV,27,28,-3.68,7-7,-5.4,0.47,-0.023,0.054,0.67
2021,15,2026-10-09T19:55:12+00:00,ATL,28,26,-4.08,6-8,-9.0,-0.24,-0.103,0.076,0.67
2021,15,2026-10-09T19:55:12+00:00,DET,29,29,-4.89,2-11-1,-8.8,0.38,-0.101,0.093,0.67
2021,15,2026-10-09T19:55:12+00:00,HOU,30,30,-5.93,3-11,-11.8,-0.1,-0.209,0.077,0.67
2021,15,2026-10-09T19:55:12+00:00,NYJ,31,31,-6.88,3-11,-12.7,0.84,-0.109,0.128,0.67
2021,15,2026-10-09T19:55:12+00:00,JAX,32,32,-8.19,2-12,-12.4,0.3,-0.115,0.116,0.67
2021,16,2026-10-09T19:55:12+00:00,BUF,1,1,6.23,9-6,10.9,0.04,0.113,-0.129,0.96
2021,16,2026-10-09T19:55:12+00:00,KC,2,2,5.88,11-4,7.7,0.05,0.132,0.007,0.96
2021,16,2026-10-09T19:55:12+00:00,TB,3,4,5.36,11-4,8.7,0.5,0.116,-0.091,0.96
2021,16,2026-10-09T19:55:12+00:00,DAL,4,7,5.05,11-4,10.0,-0.53,0.061,-0.135,0.96
2021,16,2026-10-09T19:55:12+00:00,IND,5,5,4.64,9-6,6.9,0.25,0.08,-0.018,0.96
2021,16,2026-10-09T19:55:12+00:00,NE,6,3,4.36,9-6,8.5,0.28,0.048,-0.078,0.96
2021,16,2026-10-09T19:55:12+00:00,LA,7,8,3.41,11-4,6.0,-0.33,0.086,-0.044,0.96
2021,16,2026-10-09T19:55:12+00:00,GB,8,6,3.31,12-3,3.9,-0.08,0.137,0.009,0.96
2021,16,2026-10-09T19:55:12+00:00,PHI,9,12,2.24,8-7,5.3,-1.03,0.056,-0.028,0.96
2021,16,2026-10-09T19:55:12+00:00,SF,10,11,1.92,8-7,2.9,-0.03,0.089,-0.025,0.96
2021,16,2026-10-09T19:55:12+00:00,NO,11,9,1.6,7-8,0.7,0.85,-0.103,-0.088,0.96
2021,16,2026-10-09T19:55:12+00:00,TEN,12,15,1.22,10-5,2.1,0.37,0.01,-0.029,0.96
2021,16,2026-10-09T19:55:12+00:00,ARI,13,13,1.14,10-5,5.9,-0.38,0.065,-0.077,0.96
2021,16,2026-10-09T19:55:12+00:00,CIN,14,18,1.01,9-6,5.7,-1.63,0.054,-0.033,0.96
2021,16,2026-10-09T19:55:12+00:00,MIA,15,20,1.0,8-7,-0.7,-0.77,-0.044,-0.045,0.96
2021,16,2026-10-09T19:55:12+00:00,BAL,16,10,0.98,8-7,-0.1,0.03,0.025,0.074,0.96
2021,16,2026-10-09T19:55:12+00:00,SEA,17,14,0.69,5-10,-0.1,0.08,-0.01,0.028,0.96
2021,16,2026-10-09T19:55:12+00:00,MIN,18,17,-0.1,7-8,0.8,-0.22,0.023,-0.01,0.96
2021,16,2026-10-09T19:55:12+00:00,LAC,19,16,-0.41,8-7,-0.2,0.41,0.081,0.05,0.96
2021,16,2026-10-09T19:55:12+00:00,DEN,20,19,-0.41,7-8,2.5,-1.43,0.016,-0.023,0.96
2021,16,2026-10-09T19:55:12+00:00,CLE,21,22,-1.15,7-8,-1.0,-0.08,0.033,0.008,0.96
2021,16,2026-10-09T19:55:12+00:00,PIT,22,21,-2.06,7-7-1,-4.7,0.47,-0.074,0.06,0.96
2021,16,2026-10-09T19:55:12+00:00,LV,23,27,-3.12,8-7,-4.7,0.46,-0.028,0.033,0.96
2021,16,2026-10-09T19:55:12+00:00,CHI,24,25,-3.12,5-10,-7.2,0.32,-0.088,0.078,0.96
2021,16,2026-10-09T19:55:12+00:00,WAS,25,23,-3.34,6-9,-7.3,1.27,-0.068,0.087,0.96
2021,16,2026-10-09T19:55:12+00:00,ATL,26,28,-3.82,7-8,-8.1,-0.57,-0.09,0.077,0.96
2021,16,2026-10-09T19:55:12+00:00,NYG,27,26,-4.25,4-11,-7.8,1.09,-0.108,0.044,0.96
2021,16,2026-10-09T19:55:12+00:00,CAR,28,24,-4.31,5-10,-4.5,0.04,-0.126,-0.086,0.96
2021,16,2026-10-09T19:55:12+00:00,HOU,29,30,-4.75,4-11,-10.2,-0.05,-0.174,0.075,0.96
2021,16,2026-10-09T19:55:12+00:00,DET,30,29,-4.91,2-12-1,-8.5,0.01,-0.088,0.092,0.96
2021,16,2026-10-09T19:55:12+00:00,NYJ,31,31,-6.36,4-11,-11.5,0.43,-0.092,0.126,0.96
2021,16,2026-10-09T19:55:12+00:00,JAX,32,32,-7.93,2-13,-11.9,0.16,-0.102,0.118,0.96
2021,17,2026-10-09T19:55:12+00:00,BUF,1,1,6.21,10-6,11.1,-0.3,0.111,-0.135,1.78
2021,17,2026-10-09T19:55:12+00:00,NE,2,6,5.61,10-6,10.5,-0.41,0.071,-0.088,1.78
2021,17,2026-10-09T19:55:12+00:00,KC,3,2,5.35,11-5,7.0,0.3,0.147,0.028,1.78
2021,17,2026-10-09T19:55:12+00:00,TB,4,3,4.82,12-4,8.4,-0.04,0.124,-0.077,1.78
2021,17,2026-10-09T19:55:12+00:00,GB,5,8,4.48,13-3,5.4,0.07,0.143,-0.009,1.78
2021,17,2026-10-09T19:55:12+00:00,DAL,6,4,4.35,11-5,9.2,-0.58,0.063,-0.117,1.78
2021,17,2026-10-09T19:55:12+00:00,IND,7,5,3.89,9-7,6.3,0.24,0.074,-0.012,1.78
2021,17,2026-10-09T19:55:12+00:00,LA,8,7,3.47,12-4,5.7,-0.11,0.086,-0.043,1.78
2021,17,2026-10-09T19:55:12+00:00,TEN,9,12,2.71,11-5,3.9,0.29,0.013,-0.049,1.78
2021,17,2026-10-09T19:55:12+00:00,SF,10,10,2.48,9-7,3.7,-0.11,0.086,-0.043,1.78
2021,17,2026-10-09T19:55:12+00:00,PHI,11,9,2.04,9-7,5.2,-1.39,0.062,-0.028,1.78
2021,17,2026-10-09T19:55:12+00:00,ARI,12,13,1.63,11-5,5.7,0.05,0.071,-0.067,1.78
2021,17,2026-10-09T19:55:12+00:00,SEA,13,17,1.61,6-10,1.3,-0.04,0.017,0.028,1.78
2021,17,2026-10-09T19:55:12+00:00,NO,14,11,1.52,8-8,1.2,0.53,-0.105,-0.101,1.78
2021,17,2026-10-09T19:55:12+00:00,CIN,15,14,1.27,10-6,5.6,-1.05,0.073,-0.008,1.78
2021,17,2026-10-09T19:55:12+00:00,BAL,16,16,0.99,8-8,-0.1,0.17,0.021,0.075,1.78
2021,17,2026-10-09T19:55:12+00:00,LAC,17,19,0.47,9-7,1.1,0.11,0.085,0.039,1.78
2021,17,2026-10-09T19:55:12+00:00,MIA,18,15,-0.71,8-8,-2.6,-0.65,-0.064,-0.038,1.78
2021,17,2026-10-09T19:55:12+00:00,MIN,19,18,-1.07,7-9,-0.9,0.33,0.004,0.006,1.78
2021,17,2026-10-09T19:55:12+00:00,PIT,20,22,-1.32,8-7-1,-3.6,0.56,-0.075,0.041,1.78
2021,17,2026-10-09T19:55:12+00:00,DEN,21,20,-1.48,7-9,1.1,-1.4,0.007,-0.012,1.78
2021,17,2026-10-09T19:55:12+00:00,CLE,22,21,-1.59,7-9,-1.7,0.05,0.016,0.002,1.78
2021,17,2026-10-09T19:55:12+00:00,CHI,23,24,-1.67,6-10,-5.1,0.14,-0.093,0.03,1.78
2021,17,2026-10-09T19:55:12+00:00,LV,24,23,-2.56,9-7,-4.2,0.42,-0.021,0.03,1.78
2021,17,2026-10-09T19:55:12+00:00,WAS,25,25,-3.27,6-10,-7.1,1.22,-0.065,0.092,1.78
2021,17,2026-10-09T19:55:12+00:00,ATL,26,26,-3.9,7-9,-8.5,-0.42,-0.098,0.077,1.78
2021,17,2026-10-09T19:55:12+00:00,CAR,27,28,-4.34,5-11,-4.8,-0.1,-0.138,-0.089,1.78
2021,17,2026-10-09T19:55:12+00:00,HOU,28,29,-5.01,4-12,-10.6,0.08,-0.182,0.072,1.78
2021,17,2026-10-09T19:55:12+00:00,NYG,29,27,-5.43,4-12,-8.9,0.66,-0.144,0.03,1.78
2021,17,2026-10-09T19:55:12+00:00,DET,30,30,-5.47,2-13-1,-9.3,0.26,-0.081,0.112,1.78
2021,17,2026-10-09T19:55:12+00:00,NYJ,31,31,-6.09,4-12,-11.1,0.53,-0.078,0.133,1.78
2021,17,2026-10-09T19:55:12+00:00,JAX,32,32,-8.97,2-14,-13.7,0.59,-0.111,0.137,1.78
2021,18,2026-10-09T19:55:12+00:00,BUF,1,1,6.14,11-6,11.4,-0.57,0.107,-0.157,1.96
2021,18,2026-10-09T19:55:12+00:00,DAL,2,6,5.5,12-5,10.1,-0.59,0.097,-0.104,1.96
2021,18,2026-10-09T19:55:12+00:00,TB,3,4,5.3,13-4,9.3,-0.48,0.134,-0.084,1.96
2021,18,2026-10-09T19:55:12+00:00,KC,4,3,5.13,12-5,6.8,0.14,0.152,0.029,1.96
2021,18,2026-10-09T19:55:12+00:00,NE,5,2,4.75,10-7,9.4,-0.25,0.063,-0.082,1.96
2021,18,2026-10-09T19:55:12+00:00,GB,6,5,3.56,13-4,4.6,-0.09,0.136,0.002,1.96
2021,18,2026-10-09T19:55:12+00:00,LA,7,8,3.08,12-5,5.2,0.04,0.084,-0.034,1.96
2021,18,2026-10-09T19:55:12+00:00,SF,8,10,2.7,10-7,3.6,-0.03,0.087,-0.038,1.96
2021,18,2026-10-09T19:55:12+00:00,TEN,9,9,2.54,12-5,3.8,0.02,0.028,-0.036,1.96
2021,18,2026-10-09T19:55:12+00:00,IND,10,7,2.42,9-8,5.1,-0.11,0.053,-0.006,1.96
2021,18,2026-10-09T19:55:12+00:00,SEA,11,13,2.12,7-10,1.7,0.08,0.026,0.025,1.96
2021,18,2026-10-09T19:55:12+00:00,NO,12,14,1.83,9-8,1.7,0.22,-0.091,-0.112,1.96
2021,18,2026-10-09T19:55:12+00:00,ARI,13,12,1.07,11-6,4.9,0.26,0.066,-0.052,1.96
2021,18,2026-10-09T19:55:12+00:00,CIN,14,15,0.94,10-7,4.9,-0.94,0.058,-0.008,1.96
2021,18,2026-10-09T19:55:12+00:00,PHI,15,11,0.75,9-8,3.5,-0.82,0.064,0.012,1.96
2021,18,2026-10-09T19:55:12+00:00,BAL,16,16,0.54,8-9,-0.3,0.06,0.006,0.067,1.96
2021,18,2026-10-09T19:55:12+00:00,LAC,17,17,0.21,9-8,0.9,-0.03,0.087,0.032,1.96
2021,18,2026-10-09T19:55:12+00:00,MIA,18,18,-0.03,9-8,-1.9,-0.42,-0.059,-0.04,1.96
2021,18,2026-10-09T19:55:12+00:00,MIN,19,19,-0.43,8-9,-0.1,0.16,0.01,-0.011,1.96
2021,18,2026-10-09T19:55:12+00:00,PIT,20,20,-0.91,9-7-1,-3.2,0.54,-0.074,0.025,1.96
2021,18,2026-10-09T19:55:12+00:00,CLE,21,22,-1.27,8-9,-1.3,0.01,0.014,-0.009,1.96
2021,18,2026-10-09T19:55:12+00:00,DEN,22,21,-1.36,7-10,0.8,-0.88,0.009,0.002,1.96
2021,18,2026-10-09T19:55:12+00:00,CHI,23,23,-2.22,6-11,-5.6,0.14,-0.104,0.035,1.96
2021,18,2026-10-09T19:55:12+00:00,LV,24,24,-2.32,10-7,-3.8,0.31,-0.024,0.036,1.96
2021,18,2026-10-09T19:55:12+00:00,WAS,25,25,-2.41,7-10,-5.8,0.72,-0.063,0.06,1.96
2021,18,2026-10-09T19:55:12+00:00,ATL,26,26,-3.98,7-10,-8.6,-0.12,-0.109,0.081,1.96
2021,18,2026-10-09T19:55:12+00:00,DET,27,30,-4.53,3-13-1,-8.4,0.32,-0.066,0.107,1.96
2021,18,2026-10-09T19:55:12+00:00,HOU,28,28,-4.74,4-13,-10.1,0.17,-0.161,0.084,1.96
2021,18,2026-10-09T19:55:12+00:00,CAR,29,27,-4.85,5-12,-5.9,0.28,-0.141,-0.066,1.96
2021,18,2026-10-09T19:55:12+00:00,NYJ,30,31,-6.06,4-13,-11.4,0.78,-0.104,0.127,1.96
2021,18,2026-10-09T19:55:12+00:00,NYG,31,29,-6.06,4-13,-9.3,0.5,-0.162,0.027,1.96
2021,18,2026-10-09T19:55:12+00:00,JAX,32,32,-7.41,3-14,-12.0,0.58,-0.099,0.112,1.96
2022,1,2026-10-09T19:55:12+00:00,BUF,1,1,6.98,1-0,21.0,1.75,0.175,-0.273,1.75
2022,1,2026-10-09T19:55:12+00:00,TB,2,3,6.14,1-0,16.0,4.41,0.014,-0.343,1.75
2022,1,2026-10-09T19:55:12+00:00,KC,3,4,6.13,1-0,23.0,-0.32,0.422,0.007,1.75
2022,1,2026-10-09T19:55:12+00:00,DAL,4,2,4.41,0-1,-16.0,6.14,-0.343,0.014,1.75
2022,1,2026-10-09T19:55:12+00:00,NE,5,5,3.85,0-1,-13.0,0.83,-0.247,0.039,1.75
2022,1,2026-10-09T19:55:12+00:00,GB,6,6,2.55,0-1,-16.0,0.44,-0.192,0.129,1.75
2022,1,2026-10-09T19:55:12+00:00,IND,7,10,2.0,0-0-1,0.0,-4.48,-0.009,-0.176,1.75
2022,1,2026-10-09T19:55:12+00:00,TEN,8,9,1.85,0-1,-1.0,-5.27,0.028,0.019,1.75
2022,1,2026-10-09T19:55:12+00:00,LA,9,7,1.75,0-1,-21.0,6.98,-0.273,0.175,1.75
2022,1,2026-10-09T19:55:12+00:00,SF,10,8,1.74,0-1,-9.0,-1.53,-0.164,-0.05,1.75
2022,1,2026-10-09T19:55:12+00:00,NO,11,12,1.71,1-0,1.0,-3.65,0.116,-0.025,1.75
2022,1,2026-10-09T19:55:12+00:00,SEA,12,11,1.59,1-0,1.0,-0.95,0.02,0.084,1.75
2022,1,2026-10-09T19:55:12+00:00,BAL,13,16,1.1,1-0,15.0,-6.28,0.055,-0.201,1.75
2022,1,2026-10-09T19:55:12+00:00,MIA,14,18,0.83,1-0,13.0,3.85,0.039,-0.247,1.75
2022,1,2026-10-09T19:55:12+00:00,CIN,15,14,0.7,0-1,-3.0,-0.42,-0.218,-0.133,1.75
2022,1,2026-10-09T19:55:12+00:00,PHI,16,15,0.7,1-0,3.0,-4.42,0.281,0.125,1.75
2022,1,2026-10-09T19:55:12+00:00,MIN,17,19,0.44,1-0,16.0,2.55,0.129,-0.192,1.75
2022,1,2026-10-09T19:55:12+00:00,LAC,18,17,0.44,1-0,5.0,-2.14,0.085,-0.14,1.75
2022,1,2026-10-09T19:55:12+00:00,ARI,19,13,-0.32,0-1,-23.0,6.13,0.007,0.422,1.75
2022,1,2026-10-09T19:55:12+00:00,PIT,20,20,-0.42,1-0,3.0,0.7,-0.133,-0.218,1.75
2022,1,2026-10-09T19:55:12+00:00,DEN,21,22,-0.95,0-1,-1.0,1.59,0.084,0.02,1.75
2022,1,2026-10-09T19:55:12+00:00,CLE,22,21,-1.17,1-0,2.0,-4.6,0.015,0.016,1.75
2022,1,2026-10-09T19:55:12+00:00,CHI,23,23,-1.53,1-0,9.0,1.74,-0.05,-0.164,1.75
2022,1,2026-10-09T19:55:12+00:00,LV,24,24,-2.14,0-1,-5.0,0.44,-0.14,0.085,1.75
2022,1,2026-10-09T19:55:12+00:00,WAS,25,25,-2.4,1-0,6.0,-7.3,0.048,0.055,1.75
2022,1,2026-10-09T19:55:12+00:00,ATL,26,26,-3.65,0-1,-1.0,1.71,-0.025,0.116,1.75
2022,1,2026-10-09T19:55:12+00:00,DET,27,27,-4.42,0-1,-3.0,0.7,0.125,0.281,1.75
2022,1,2026-10-09T19:55:12+00:00,HOU,28,28,-4.48,0-0-1,0.0,2.0,-0.176,-0.009,1.75
2022,1,2026-10-09T19:55:12+00:00,CAR,29,29,-4.6,0-1,-2.0,-1.17,0.016,0.015,1.75
2022,1,2026-10-09T19:55:12+00:00,NYG,30,31,-5.27,1-0,1.0,1.85,0.019,0.028,1.75
2022,1,2026-10-09T19:55:12+00:00,NYJ,31,30,-6.28,0-1,-15.0,1.1,-0.201,0.055,1.75
2022,1,2026-10-09T19:55:12+00:00,JAX,32,32,-7.3,0-1,-6.0,-2.4,0.055,0.048,1.75
2022,2,2026-10-09T19:55:12+00:00,BUF,1,1,8.23,2-0,27.5,0.99,0.201,-0.327,2.17
2022,2,2026-10-09T19:55:12+00:00,TB,2,2,6.44,2-0,13.0,2.79,-0.124,-0.374,2.17
2022,2,2026-10-09T19:55:12+00:00,KC,3,3,5.7,2-0,13.0,0.23,0.253,0.008,2.17
2022,2,2026-10-09T19:55:12+00:00,DAL,4,4,4.17,1-1,-6.5,3.59,-0.173,0.029,2.17
2022,2,2026-10-09T19:55:12+00:00,NE,5,5,3.95,1-1,-5.0,0.29,-0.052,-0.012,2.17
2022,2,2026-10-09T19:55:12+00:00,GB,6,6,2.9,1-1,0.5,-1.21,0.009,0.026,2.17
2022,2,2026-10-09T19:55:12+00:00,SF,7,10,2.54,1-1,5.5,-0.72,-0.068,-0.201,2.17
2022,2,2026-10-09T19:55:12+00:00,LA,8,9,1.58,1-1,-8.5,2.52,-0.131,0.012,2.17
2022,2,2026-10-09T19:55:12+00:00,PHI,9,16,1.52,2-0,10.0,-2.1,0.264,-0.045,2.17
2022,2,2026-10-09T19:55:12+00:00,NO,10,11,1.41,1-1,-4.5,1.62,-0.145,-0.144,2.17
2022,2,2026-10-09T19:55:12+00:00,MIA,11,14,1.16,2-0,8.5,2.31,0.244,0.01,2.17
2022,2,2026-10-09T19:55:12+00:00,CIN,12,15,0.75,0-2,-3.0,1.8,-0.087,-0.068,2.17
2022,2,2026-10-09T19:55:12+00:00,BAL,13,13,0.68,1-1,5.5,-2.2,0.161,0.124,2.17
2022,2,2026-10-09T19:55:12+00:00,SEA,14,12,0.63,1-1,-9.5,0.82,-0.166,0.056,2.17
2022,2,2026-10-09T19:55:12+00:00,LAC,15,18,0.58,1-1,1.0,1.6,0.047,-0.028,2.17
2022,2,2026-10-09T19:55:12+00:00,TEN,16,8,0.4,0-2,-17.5,1.59,-0.176,0.123,2.17
2022,2,2026-10-09T19:55:12+00:00,IND,17,7,0.4,0-1-1,-12.0,-5.1,-0.223,-0.032,2.17
2022,2,2026-10-09T19:55:12+00:00,ARI,18,19,-0.12,1-1,-8.5,1.6,0.019,0.171,2.17
2022,2,2026-10-09T19:55:12+00:00,MIN,19,17,-0.34,1-1,-0.5,2.21,-0.043,0.028,2.17
2022,2,2026-10-09T19:55:12+00:00,PIT,20,20,-0.58,1-1,0.0,2.35,-0.098,-0.038,2.17
2022,2,2026-10-09T19:55:12+00:00,DEN,21,21,-0.9,1-1,3.0,-2.0,0.032,-0.081,2.17
2022,2,2026-10-09T19:55:12+00:00,CLE,22,22,-1.57,1-1,0.5,-5.0,0.155,0.145,2.17
2022,2,2026-10-09T19:55:12+00:00,CHI,23,23,-2.08,1-1,-4.0,2.72,-0.063,0.022,2.17
2022,2,2026-10-09T19:55:12+00:00,LV,24,24,-2.51,0-2,-5.5,0.23,-0.11,0.058,2.17
2022,2,2026-10-09T19:55:12+00:00,WAS,25,25,-2.63,1-1,-1.5,-4.71,0.049,0.057,2.17
2022,2,2026-10-09T19:55:12+00:00,ATL,26,26,-3.2,0-2,-2.5,1.49,-0.088,0.063,2.17
2022,2,2026-10-09T19:55:12+00:00,DET,27,27,-3.85,1-1,3.0,-0.56,0.092,0.166,2.17
2022,2,2026-10-09T19:55:12+00:00,CAR,28,29,-4.45,0-2,-2.5,-3.31,-0.016,-0.061,2.17
2022,2,2026-10-09T19:55:12+00:00,HOU,29,28,-4.63,0-1-1,-3.5,-0.25,-0.179,-0.015,2.17
2022,2,2026-10-09T19:55:12+00:00,NYG,30,30,-5.04,2-0,2.0,-2.02,-0.06,-0.01,2.17
2022,2,2026-10-09T19:55:12+00:00,NYJ,31,31,-5.56,1-1,-7.0,-0.45,0.037,0.174,2.17
2022,2,2026-10-09T19:55:12+00:00,JAX,32,32,-5.57,1-1,9.0,-1.12,0.083,-0.195,2.17
2022,3,2026-10-09T19:55:12+00:00,BUF,1,1,7.56,2-1,17.7,1.26,0.17,-0.173,1.78
2022,3,2026-10-09T19:55:12+00:00,TB,2,2,5.79,2-1,8.0,2.65,-0.151,-0.283,1.78
2022,3,2026-10-09T19:55:12+00:00,KC,3,3,4.97,2-1,7.7,-0.33,0.18,-0.048,1.78
2022,3,2026-10-09T19:55:12+00:00,DAL,4,4,3.99,2-1,-2.0,0.73,-0.054,-0.003,1.78
2022,3,2026-10-09T19:55:12+00:00,GB,5,6,3.26,2-1,1.0,1.15,-0.028,-0.051,1.78
2022,3,2026-10-09T19:55:12+00:00,NE,6,5,2.96,1-2,-7.0,0.65,-0.034,0.066,1.78
2022,3,2026-10-09T19:55:12+00:00,SF,7,7,2.36,1-2,3.3,-0.93,-0.146,-0.216,1.78
2022,3,2026-10-09T19:55:12+00:00,PHI,8,9,2.11,3-0,12.0,-2.36,0.186,-0.133,1.78
2022,3,2026-10-09T19:55:12+00:00,LA,9,8,2.01,2-1,-3.0,1.45,-0.013,-0.004,1.78
2022,3,2026-10-09T19:55:12+00:00,BAL,10,13,1.58,2-1,7.3,-0.47,0.182,0.084,1.78
2022,3,2026-10-09T19:55:12+00:00,MIA,11,11,1.46,3-0,6.3,4.03,0.207,0.043,1.78
2022,3,2026-10-09T19:55:12+00:00,CIN,12,12,1.31,1-2,3.0,-0.98,-0.038,-0.152,1.78
2022,3,2026-10-09T19:55:12+00:00,IND,13,17,0.91,1-1-1,-7.0,-0.96,-0.202,-0.01,1.78
2022,3,2026-10-09T19:55:12+00:00,NO,14,10,0.72,1-2,-5.7,-0.23,-0.117,-0.139,1.78
2022,3,2026-10-09T19:55:12+00:00,TEN,15,16,0.31,1-2,-11.0,0.05,-0.055,0.115,1.78
2022,3,2026-10-09T19:55:12+00:00,SEA,16,14,0.11,1-2,-7.7,-0.4,-0.047,0.144,1.78
2022,3,2026-10-09T19:55:12+00:00,MIN,17,19,-0.32,2-1,1.0,0.6,-0.034,0.033,1.78
2022,3,2026-10-09T19:55:12+00:00,ARI,18,18,-0.52,1-2,-8.3,1.49,0.001,0.188,1.78
2022,3,2026-10-09T19:55:12+00:00,CLE,19,22,-0.86,2-1,4.3,-3.57,0.14,0.085,1.78
2022,3,2026-10-09T19:55:12+00:00,DEN,20,21,-0.88,2-1,2.3,-0.62,-0.061,-0.155,1.78
2022,3,2026-10-09T19:55:12+00:00,PIT,21,20,-1.09,1-2,-4.0,1.14,-0.077,0.012,1.78
2022,3,2026-10-09T19:55:12+00:00,LAC,22,15,-1.37,1-2,-8.7,-0.35,-0.054,0.054,1.78
2022,3,2026-10-09T19:55:12+00:00,CHI,23,23,-2.03,2-1,-1.7,0.43,-0.052,-0.017,1.78
2022,3,2026-10-09T19:55:12+00:00,LV,24,24,-2.5,0-3,-4.3,-0.53,-0.04,0.101,1.78
2022,3,2026-10-09T19:55:12+00:00,ATL,25,26,-2.68,1-2,-0.3,0.95,0.048,0.106,1.78
2022,3,2026-10-09T19:55:12+00:00,WAS,26,25,-3.19,1-2,-6.3,-1.66,-0.071,0.048,1.78
2022,3,2026-10-09T19:55:12+00:00,JAX,27,32,-3.51,2-1,15.3,-1.22,0.128,-0.215,1.78
2022,3,2026-10-09T19:55:12+00:00,DET,28,27,-3.57,1-2,0.7,-0.47,0.076,0.105,1.78
2022,3,2026-10-09T19:55:12+00:00,CAR,29,28,-3.79,1-2,1.0,-1.69,-0.053,-0.061,1.78
2022,3,2026-10-09T19:55:12+00:00,HOU,30,29,-4.33,0-2-1,-3.3,-0.67,-0.151,-0.019,1.78
2022,3,2026-10-09T19:55:12+00:00,NYG,31,30,-4.92,2-1,-1.0,0.17,-0.062,0.054,1.78
2022,3,2026-10-09T19:55:12+00:00,NYJ,32,31,-5.83,1-2,-9.7,0.68,-0.083,0.136,1.78
2022,4,2026-10-09T19:55:12+00:00,BUF,1,1,7.19,3-1,14.0,1.12,0.134,-0.14,1.78
2022,4,2026-10-09T19:55:12+00:00,KC,2,3,5.55,3-1,8.2,1.12,0.198,-0.001,1.78
2022,4,2026-10-09T19:55:12+00:00,TB,3,2,4.88,2-2,3.5,3.33,-0.078,-0.149,1.78
2022,4,2026-10-09T19:55:12+00:00,DAL,4,4,4.27,3-1,2.2,-0.22,-0.086,-0.069,1.78
2022,4,2026-10-09T19:55:12+00:00,GB,5,5,3.13,3-1,1.5,1.26,-0.018,-0.032,1.78
2022,4,2026-10-09T19:55:12+00:00,SF,6,7,2.92,2-2,6.2,-0.51,-0.061,-0.217,1.78
2022,4,2026-10-09T19:55:12+00:00,NE,7,6,2.71,1-3,-6.0,0.99,-0.02,0.053,1.78
2022,4,2026-10-09T19:55:12+00:00,PHI,8,8,2.15,4-0,11.0,-2.63,0.131,-0.183,1.78
2022,4,2026-10-09T19:55:12+00:00,CIN,9,12,1.88,2-2,5.2,-0.4,-0.0,-0.124,1.78
2022,4,2026-10-09T19:55:12+00:00,BAL,10,10,1.53,2-2,4.8,1.39,0.126,0.069,1.78
2022,4,2026-10-09T19:55:12+00:00,LA,11,9,1.33,2-2,-6.0,1.87,-0.064,0.046,1.78
2022,4,2026-10-09T19:55:12+00:00,MIA,12,11,0.85,3-1,1.8,3.33,0.146,0.061,1.78
2022,4,2026-10-09T19:55:12+00:00,TEN,13,15,0.77,2-2,-6.5,0.37,-0.031,0.066,1.78
2022,4,2026-10-09T19:55:12+00:00,IND,14,13,0.41,1-2-1,-7.0,-0.45,-0.172,0.003,1.78
2022,4,2026-10-09T19:55:12+00:00,NO,15,14,0.38,1-3,-5.0,-0.51,-0.044,-0.108,1.78
2022,4,2026-10-09T19:55:12+00:00,SEA,16,16,0.18,2-2,-5.0,-1.08,0.115,0.174,1.78
2022,4,2026-10-09T19:55:12+00:00,ARI,17,18,-0.07,2-2,-3.8,0.21,-0.015,0.024,1.78
2022,4,2026-10-09T19:55:12+00:00,MIN,18,17,-0.15,3-1,1.5,0.53,-0.029,0.069,1.78
2022,4,2026-10-09T19:55:12+00:00,LAC,19,22,-0.74,2-2,-4.0,-1.1,0.022,0.023,1.78
2022,4,2026-10-09T19:55:12+00:00,CLE,20,19,-0.97,2-2,2.5,-3.37,0.118,0.073,1.78
2022,4,2026-10-09T19:55:12+00:00,DEN,21,20,-1.15,2-2,-0.5,-0.85,-0.093,-0.107,1.78
2022,4,2026-10-09T19:55:12+00:00,PIT,22,21,-1.54,1-3,-4.0,-0.39,-0.078,0.018,1.78
2022,4,2026-10-09T19:55:12+00:00,LV,23,24,-1.83,1-3,-1.0,-0.3,-0.02,0.028,1.78
2022,4,2026-10-09T19:55:12+00:00,CHI,24,23,-2.41,2-2,-3.2,-0.73,-0.061,0.005,1.78
2022,4,2026-10-09T19:55:12+00:00,ATL,25,25,-2.55,2-2,0.5,0.23,0.045,0.093,1.78
2022,4,2026-10-09T19:55:12+00:00,WAS,26,26,-3.36,1-3,-8.5,-0.15,-0.119,-0.01,1.78
2022,4,2026-10-09T19:55:12+00:00,JAX,27,27,-3.46,2-2,9.5,-0.38,0.013,-0.17,1.78
2022,4,2026-10-09T19:55:12+00:00,DET,28,28,-3.54,1-3,-0.2,-0.3,0.123,0.228,1.78
2022,4,2026-10-09T19:55:12+00:00,CAR,29,29,-4.21,1-3,-1.8,-1.24,-0.158,-0.061,1.78
2022,4,2026-10-09T19:55:12+00:00,NYG,30,31,-4.29,3-1,1.2,-0.4,-0.029,0.019,1.78
2022,4,2026-10-09T19:55:12+00:00,HOU,31,30,-4.67,0-3-1,-5.0,-0.97,-0.13,0.048,1.78
2022,4,2026-10-09T19:55:12+00:00,NYJ,32,32,-5.19,2-2,-6.2,0.22,-0.053,0.082,1.78
2022,5,2026-10-09T19:55:12+00:00,BUF,1,1,8.28,4-1,18.2,0.03,0.188,-0.136,1.9
2022,5,2026-10-09T19:55:12+00:00,KC,2,2,4.97,4-1,6.8,0.62,0.199,0.033,1.9
2022,5,2026-10-09T19:55:12+00:00,DAL,3,4,4.77,4-1,4.2,0.04,-0.093,-0.11,1.9
2022,5,2026-10-09T19:55:12+00:00,TB,4,3,4.58,3-2,4.0,2.06,-0.033,-0.103,1.9
2022,5,2026-10-09T19:55:12+00:00,NE,5,7,3.67,2-3,1.0,-0.79,0.0,-0.045,1.9
2022,5,2026-10-09T19:55:12+00:00,SF,6,6,3.64,3-2,9.4,-1.61,0.005,-0.208,1.9
2022,5,2026-10-09T19:55:12+00:00,GB,7,5,2.29,3-2,0.2,0.39,-0.001,0.031,1.9
2022,5,2026-10-09T19:55:12+00:00,PHI,8,8,2.25,5-0,9.4,-2.44,0.133,-0.126,1.9
2022,5,2026-10-09T19:55:12+00:00,CIN,9,9,1.72,2-3,3.8,-0.1,-0.013,-0.108,1.9
2022,5,2026-10-09T19:55:12+00:00,BAL,10,10,1.44,3-2,4.2,1.94,0.092,0.042,1.9
2022,5,2026-10-09T19:55:12+00:00,TEN,11,13,0.97,3-2,-4.4,0.14,-0.028,0.044,1.9
2022,5,2026-10-09T19:55:12+00:00,LA,12,11,0.8,2-3,-7.2,2.81,-0.106,0.013,1.9
2022,5,2026-10-09T19:55:12+00:00,IND,13,14,0.66,2-2-1,-5.0,-0.59,-0.178,-0.04,1.9
2022,5,2026-10-09T19:55:12+00:00,NO,14,15,0.59,2-3,-2.6,-0.61,-0.016,-0.087,1.9
2022,5,2026-10-09T19:55:12+00:00,SEA,15,16,-0.15,2-3,-5.4,-0.8,0.091,0.158,1.9
2022,5,2026-10-09T19:55:12+00:00,MIN,16,18,-0.22,4-1,2.6,-0.41,0.023,0.057,1.9
2022,5,2026-10-09T19:55:12+00:00,ARI,17,17,-0.32,2-3,-3.6,0.35,0.008,0.048,1.9
2022,5,2026-10-09T19:55:12+00:00,MIA,18,12,-0.33,3-2,-3.2,2.29,0.073,0.076,1.9
2022,5,2026-10-09T19:55:12+00:00,LAC,19,19,-0.48,3-2,-2.8,-1.05,0.076,0.054,1.9
2022,5,2026-10-09T19:55:12+00:00,CLE,20,20,-1.22,2-3,1.6,-2.82,0.13,0.117,1.9
2022,5,2026-10-09T19:55:12+00:00,DEN,21,21,-1.23,2-3,-1.0,-0.23,-0.117,-0.126,1.9
2022,5,2026-10-09T19:55:12+00:00,LV,22,23,-1.36,1-4,-1.0,0.78,0.017,0.063,1.9
2022,5,2026-10-09T19:55:12+00:00,ATL,23,25,-2.34,2-3,-0.8,0.92,0.053,0.104,1.9
2022,5,2026-10-09T19:55:12+00:00,CHI,24,24,-2.53,2-3,-4.0,-0.36,-0.047,0.051,1.9
2022,5,2026-10-09T19:55:12+00:00,PIT,25,22,-2.72,1-4,-10.2,1.76,-0.087,0.095,1.9
2022,5,2026-10-09T19:55:12+00:00,WAS,26,26,-3.32,1-4,-7.6,-0.08,-0.105,-0.011,1.9
2022,5,2026-10-09T19:55:12+00:00,NYG,27,30,-3.55,4-1,2.0,0.12,0.033,0.028,1.9
2022,5,2026-10-09T19:55:12+00:00,NYJ,28,32,-3.65,3-2,-0.4,-0.22,-0.015,0.022,1.9
2022,5,2026-10-09T19:55:12+00:00,JAX,29,27,-3.71,2-3,6.2,-0.96,-0.012,-0.149,1.9
2022,5,2026-10-09T19:55:12+00:00,HOU,30,31,-3.93,1-3-1,-2.6,-1.46,-0.117,0.016,1.9
2022,5,2026-10-09T19:55:12+00:00,DET,31,28,-4.66,1-4,-6.0,0.45,0.011,0.198,1.9
2022,5,2026-10-09T19:55:12+00:00,CAR,32,29,-4.92,1-4,-5.8,-0.17,-0.161,0.005,1.9
2022,6,2026-10-09T19:55:12+00:00,BUF,1,1,8.29,5-1,15.8,0.8,0.176,-0.106,1.84
2022,6,2026-10-09T19:55:12+00:00,KC,2,2,4.64,4-2,5.0,1.74,0.174,0.047,1.84
2022,6,2026-10-09T19:55:12+00:00,NE,3,5,4.57,3-3,4.7,-1.24,0.028,-0.085,1.84
2022,6,2026-10-09T19:55:12+00:00,DAL,4,3,4.22,4-2,2.0,0.61,-0.088,-0.089,1.84
2022,6,2026-10-09T19:55:12+00:00,TB,5,4,4.07,3-3,3.0,1.09,-0.016,-0.081,1.84
2022,6,2026-10-09T19:55:12+00:00,PHI,6,8,2.75,6-0,9.3,-1.2,0.114,-0.116,1.84
2022,6,2026-10-09T19:55:12+00:00,SF,7,6,2.61,3-3,5.5,-1.6,-0.016,-0.153,1.84
2022,6,2026-10-09T19:55:12+00:00,CIN,8,9,1.86,3-3,3.8,0.09,0.036,-0.072,1.84
2022,6,2026-10-09T19:55:12+00:00,BAL,9,10,1.07,3-3,2.8,1.44,0.097,0.056,1.84
2022,6,2026-10-09T19:55:12+00:00,TEN,10,11,0.99,3-2,-4.4,0.32,-0.028,0.044,1.84
2022,6,2026-10-09T19:55:12+00:00,LA,11,12,0.98,3-3,-3.7,1.29,-0.087,-0.048,1.84
2022,6,2026-10-09T19:55:12+00:00,GB,12,7,0.93,3-3,-2.7,0.06,-0.058,0.031,1.84
2022,6,2026-10-09T19:55:12+00:00,IND,13,13,0.71,3-2-1,-3.0,-1.08,-0.114,0.0,1.84
2022,6,2026-10-09T19:55:12+00:00,NO,14,14,0.41,2-4,-2.8,-0.05,0.004,-0.025,1.84
2022,6,2026-10-09T19:55:12+00:00,SEA,15,15,0.22,3-3,-2.8,-0.81,0.044,0.098,1.84
2022,6,2026-10-09T19:55:12+00:00,MIN,16,16,0.14,5-1,3.5,-0.66,0.001,0.026,1.84
2022,6,2026-10-09T19:55:12+00:00,LAC,17,19,-0.46,4-2,-1.8,-1.24,0.037,0.019,1.84
2022,6,2026-10-09T19:55:12+00:00,MIA,18,18,-0.63,3-3,-4.0,2.28,0.04,0.045,1.84
2022,6,2026-10-09T19:55:12+00:00,ARI,19,17,-0.76,2-4,-4.7,0.34,-0.027,0.008,1.84
2022,6,2026-10-09T19:55:12+00:00,DEN,20,21,-1.23,2-4,-1.3,-0.35,-0.123,-0.132,1.84
2022,6,2026-10-09T19:55:12+00:00,LV,21,22,-1.38,1-4,-1.0,0.63,0.017,0.063,1.84
2022,6,2026-10-09T19:55:12+00:00,ATL,22,23,-1.42,3-3,1.7,1.03,0.064,0.066,1.84
2022,6,2026-10-09T19:55:12+00:00,CLE,23,20,-2.13,2-4,-2.5,-1.17,0.061,0.125,1.84
2022,6,2026-10-09T19:55:12+00:00,NYJ,24,28,-2.26,4-2,2.5,-0.19,-0.007,-0.039,1.84
2022,6,2026-10-09T19:55:12+00:00,PIT,25,25,-2.27,2-4,-8.2,2.4,-0.067,0.091,1.84
2022,6,2026-10-09T19:55:12+00:00,WAS,26,26,-2.82,2-4,-5.5,-0.49,-0.105,-0.028,1.84
2022,6,2026-10-09T19:55:12+00:00,CHI,27,24,-2.95,2-4,-4.2,-1.02,-0.058,0.024,1.84
2022,6,2026-10-09T19:55:12+00:00,NYG,28,27,-3.2,5-1,2.3,-0.15,0.049,0.044,1.84
2022,6,2026-10-09T19:55:12+00:00,JAX,29,29,-3.52,2-4,4.0,-0.49,0.023,-0.089,1.84
2022,6,2026-10-09T19:55:12+00:00,HOU,30,30,-3.81,1-3-1,-2.6,-1.49,-0.117,0.016,1.84
2022,6,2026-10-09T19:55:12+00:00,DET,31,31,-4.44,1-4,-6.0,0.97,0.011,0.198,1.84
2022,6,2026-10-09T19:55:12+00:00,CAR,32,32,-5.2,1-5,-7.2,-0.35,-0.193,0.005,1.84
2022,7,2026-10-09T19:55:12+00:00,BUF,1,1,7.97,5-1,15.8,0.97,0.176,-0.106,1.79
2022,7,2026-10-09T19:55:12+00:00,KC,2,2,5.53,5-2,7.3,1.5,0.235,0.048,1.79
2022,7,2026-10-09T19:55:12+00:00,DAL,3,4,4.57,5-2,4.3,-0.1,-0.072,-0.117,1.79
2022,7,2026-10-09T19:55:12+00:00,NE,4,3,2.89,3-4,1.3,-1.32,-0.012,-0.053,1.79
2022,7,2026-10-09T19:55:12+00:00,PHI,5,6,2.77,6-0,9.3,-1.06,0.114,-0.116,1.79
2022,7,2026-10-09T19:55:12+00:00,TB,6,5,2.67,3-4,0.0,0.36,-0.036,-0.05,1.79
2022,7,2026-10-09T19:55:12+00:00,CIN,7,8,2.48,4-3,5.9,-0.19,0.091,-0.059,1.79
2022,7,2026-10-09T19:55:12+00:00,SF,8,7,1.54,3-4,1.7,-0.25,-0.006,-0.045,1.79
2022,7,2026-10-09T19:55:12+00:00,TEN,9,10,1.26,4-2,-2.2,0.5,-0.043,0.001,1.79
2022,7,2026-10-09T19:55:12+00:00,BAL,10,9,0.98,4-3,2.9,0.92,0.073,0.059,1.79
2022,7,2026-10-09T19:55:12+00:00,LA,11,11,0.96,3-3,-3.7,1.31,-0.087,-0.048,1.79
2022,7,2026-10-09T19:55:12+00:00,SEA,12,15,0.93,4-3,-0.4,-1.2,0.056,0.049,1.79
2022,7,2026-10-09T19:55:12+00:00,GB,13,12,0.79,3-4,-2.6,-0.32,-0.063,0.018,1.79
2022,7,2026-10-09T19:55:12+00:00,MIN,14,16,0.27,5-1,3.5,-0.5,0.001,0.026,1.79
2022,7,2026-10-09T19:55:12+00:00,IND,15,13,0.21,3-3-1,-3.9,-0.88,-0.129,-0.017,1.79
2022,7,2026-10-09T19:55:12+00:00,NO,16,14,0.05,2-5,-3.6,0.02,0.008,-0.001,1.79
2022,7,2026-10-09T19:55:12+00:00,ARI,17,19,-0.16,3-4,-2.9,0.84,-0.003,0.011,1.79
2022,7,2026-10-09T19:55:12+00:00,LV,18,21,-0.52,2-4,2.2,-0.14,0.068,0.062,1.79
2022,7,2026-10-09T19:55:12+00:00,MIA,19,18,-0.54,4-3,-2.6,1.49,0.029,0.025,1.79
2022,7,2026-10-09T19:55:12+00:00,LAC,20,17,-1.22,4-3,-3.6,-0.9,-0.003,0.035,1.79
2022,7,2026-10-09T19:55:12+00:00,CHI,21,27,-1.38,3-4,-0.9,-0.56,-0.03,-0.015,1.79
2022,7,2026-10-09T19:55:12+00:00,DEN,22,20,-1.71,2-5,-2.1,-0.77,-0.129,-0.133,1.79
2022,7,2026-10-09T19:55:12+00:00,NYJ,23,24,-1.79,5-2,3.1,-0.34,-0.026,-0.057,1.79
2022,7,2026-10-09T19:55:12+00:00,CLE,24,23,-2.03,2-5,-2.6,-1.08,0.063,0.097,1.79
2022,7,2026-10-09T19:55:12+00:00,ATL,25,22,-2.22,3-4,-1.1,0.94,0.057,0.117,1.79
2022,7,2026-10-09T19:55:12+00:00,WAS,26,26,-2.37,3-4,-4.4,-0.09,-0.099,-0.038,1.79
2022,7,2026-10-09T19:55:12+00:00,PIT,27,25,-2.38,2-5,-7.9,1.66,-0.072,0.074,1.79
2022,7,2026-10-09T19:55:12+00:00,NYG,28,28,-2.51,6-1,2.9,-0.23,0.066,0.057,1.79
2022,7,2026-10-09T19:55:12+00:00,CAR,29,32,-3.84,2-5,-3.6,0.07,-0.146,-0.018,1.79
2022,7,2026-10-09T19:55:12+00:00,JAX,30,29,-3.98,2-5,2.6,-1.06,0.04,-0.052,1.79
2022,7,2026-10-09T19:55:12+00:00,HOU,31,30,-4.52,1-4-1,-5.2,-1.43,-0.088,0.068,1.79
2022,7,2026-10-09T19:55:12+00:00,DET,32,31,-4.69,1-5,-8.0,1.51,-0.039,0.17,1.79
2022,8,2026-10-09T19:55:12+00:00,BUF,1,1,7.72,6-1,15.0,0.71,0.169,-0.082,2.03
2022,8,2026-10-09T19:55:12+00:00,KC,2,2,5.23,5-2,7.3,1.26,0.235,0.048,2.03
2022,8,2026-10-09T19:55:12+00:00,DAL,3,3,5.07,6-2,6.2,-0.5,-0.007,-0.102,2.03
2022,8,2026-10-09T19:55:12+00:00,PHI,4,5,3.6,7-0,11.1,-1.18,0.155,-0.107,2.03
2022,8,2026-10-09T19:55:12+00:00,NE,5,4,2.95,4-4,1.8,-1.35,-0.025,-0.061,2.03
2022,8,2026-10-09T19:55:12+00:00,SF,6,8,2.39,4-4,3.6,-0.33,0.037,-0.05,2.03
2022,8,2026-10-09T19:55:12+00:00,TB,7,6,2.2,3-5,-0.6,0.59,-0.023,-0.026,2.03
2022,8,2026-10-09T19:55:12+00:00,SEA,8,12,1.43,5-3,1.4,-1.15,0.037,0.03,2.03
2022,8,2026-10-09T19:55:12+00:00,CIN,9,7,1.38,4-4,2.8,-0.12,0.058,-0.026,2.03
2022,8,2026-10-09T19:55:12+00:00,TEN,10,9,1.31,5-2,-0.9,-0.52,-0.03,-0.049,2.03
2022,8,2026-10-09T19:55:12+00:00,BAL,11,10,1.3,5-3,3.1,1.01,0.082,0.06,2.03
2022,8,2026-10-09T19:55:12+00:00,NO,12,16,1.16,3-5,-0.1,-0.28,0.026,-0.048,2.03
2022,8,2026-10-09T19:55:12+00:00,GB,13,13,0.71,3-5,-3.5,0.61,-0.048,0.031,2.03
2022,8,2026-10-09T19:55:12+00:00,MIN,14,14,0.59,6-1,4.1,-0.27,0.003,0.012,2.03
2022,8,2026-10-09T19:55:12+00:00,LA,15,11,0.01,3-4,-5.6,1.64,-0.086,0.008,2.03
2022,8,2026-10-09T19:55:12+00:00,IND,16,15,-0.13,3-4-1,-3.5,-1.04,-0.131,-0.023,2.03
2022,8,2026-10-09T19:55:12+00:00,ARI,17,17,-0.38,3-5,-3.5,0.83,-0.011,0.011,2.03
2022,8,2026-10-09T19:55:12+00:00,MIA,18,19,-0.5,5-3,-1.8,0.56,0.069,0.046,2.03
2022,8,2026-10-09T19:55:12+00:00,CLE,19,24,-0.95,3-5,0.1,-0.78,0.082,0.063,2.03
2022,8,2026-10-09T19:55:12+00:00,LAC,20,20,-1.24,4-3,-3.6,-0.9,-0.003,0.035,2.03
2022,8,2026-10-09T19:55:12+00:00,DEN,21,22,-1.66,3-5,-1.4,-1.22,-0.11,-0.129,2.03
2022,8,2026-10-09T19:55:12+00:00,LV,22,18,-1.72,2-5,-1.6,-0.03,0.005,0.074,2.03
2022,8,2026-10-09T19:55:12+00:00,NYJ,23,23,-1.88,5-3,2.1,0.02,-0.038,-0.065,2.03
2022,8,2026-10-09T19:55:12+00:00,CHI,24,21,-1.91,3-5,-3.2,0.29,-0.025,0.043,2.03
2022,8,2026-10-09T19:55:12+00:00,WAS,25,26,-1.93,4-4,-3.8,0.02,-0.094,-0.051,2.03
2022,8,2026-10-09T19:55:12+00:00,ATL,26,25,-2.07,4-4,-0.6,0.5,0.054,0.114,2.03
2022,8,2026-10-09T19:55:12+00:00,NYG,27,28,-2.83,6-2,0.8,0.04,0.045,0.038,2.03
2022,8,2026-10-09T19:55:12+00:00,PIT,28,27,-3.07,2-6,-9.6,1.81,-0.07,0.115,2.03
2022,8,2026-10-09T19:55:12+00:00,CAR,29,29,-3.64,2-6,-3.5,-0.06,-0.116,-0.011,2.03
2022,8,2026-10-09T19:55:12+00:00,JAX,30,30,-3.98,2-6,1.8,-1.12,0.023,-0.043,2.03
2022,8,2026-10-09T19:55:12+00:00,DET,31,32,-4.53,1-6,-7.4,1.6,-0.006,0.195,2.03
2022,8,2026-10-09T19:55:12+00:00,HOU,32,31,-4.63,1-5-1,-5.4,-1.33,-0.125,0.064,2.03
2022,9,2026-10-09T19:55:12+00:00,BUF,1,1,6.95,6-2,12.8,0.55,0.145,-0.064,2.09
2022,9,2026-10-09T19:55:12+00:00,DAL,2,3,4.93,6-2,6.2,-0.34,-0.007,-0.102,2.09
2022,9,2026-10-09T19:55:12+00:00,KC,3,2,4.8,6-2,6.8,0.92,0.214,0.032,2.09
2022,9,2026-10-09T19:55:12+00:00,NE,4,5,3.87,5-4,4.1,-1.03,-0.058,-0.124,2.09
2022,9,2026-10-09T19:55:12+00:00,PHI,5,4,3.81,8-0,11.2,-1.56,0.16,-0.108,2.09
2022,9,2026-10-09T19:55:12+00:00,SF,6,6,2.27,4-4,3.6,-0.46,0.037,-0.05,2.09
2022,9,2026-10-09T19:55:12+00:00,BAL,7,11,2.19,6-3,4.3,1.15,0.09,0.036,2.09
2022,9,2026-10-09T19:55:12+00:00,CIN,8,9,2.16,5-4,4.8,-0.47,0.094,-0.026,2.09
2022,9,2026-10-09T19:55:12+00:00,TB,9,7,1.94,4-5,-0.2,0.32,-0.038,-0.044,2.09
2022,9,2026-10-09T19:55:12+00:00,SEA,10,8,1.86,6-3,2.3,-1.2,0.043,0.01,2.09
2022,9,2026-10-09T19:55:12+00:00,TEN,11,10,1.28,5-3,-1.1,-0.26,-0.036,-0.035,2.09
2022,9,2026-10-09T19:55:12+00:00,MIN,12,14,0.68,7-1,4.0,-0.59,-0.009,-0.01,2.09
2022,9,2026-10-09T19:55:12+00:00,GB,13,13,0.28,3-6,-3.8,0.18,-0.056,0.014,2.09
2022,9,2026-10-09T19:55:12+00:00,NO,14,12,0.23,3-6,-1.7,-0.11,0.005,-0.025,2.09
2022,9,2026-10-09T19:55:12+00:00,LA,15,15,-0.03,3-5,-5.2,1.34,-0.099,-0.013,2.09
2022,9,2026-10-09T19:55:12+00:00,MIA,16,18,-0.14,6-3,-1.2,0.67,0.095,0.061,2.09
2022,9,2026-10-09T19:55:12+00:00,CLE,17,19,-0.71,3-5,0.1,-0.43,0.082,0.063,2.09
2022,9,2026-10-09T19:55:12+00:00,LAC,18,20,-0.94,5-3,-2.8,-1.05,0.001,0.031,2.09
2022,9,2026-10-09T19:55:12+00:00,ARI,19,17,-0.98,3-6,-4.2,0.74,-0.027,0.02,2.09
2022,9,2026-10-09T19:55:12+00:00,IND,20,16,-1.04,3-5-1,-5.7,-0.48,-0.186,-0.056,2.09
2022,9,2026-10-09T19:55:12+00:00,NYJ,21,23,-1.19,6-3,2.2,1.13,-0.026,-0.06,2.09
2022,9,2026-10-09T19:55:12+00:00,DEN,22,21,-1.57,3-5,-1.4,-1.19,-0.11,-0.129,2.09
2022,9,2026-10-09T19:55:12+00:00,CHI,23,24,-1.99,3-6,-3.2,0.25,-0.002,0.072,2.09
2022,9,2026-10-09T19:55:12+00:00,WAS,24,25,-2.07,4-5,-3.7,0.06,-0.102,-0.056,2.09
2022,9,2026-10-09T19:55:12+00:00,LV,25,22,-2.14,2-6,-2.2,-0.69,0.012,0.088,2.09
2022,9,2026-10-09T19:55:12+00:00,ATL,26,26,-2.3,4-5,-0.9,0.26,0.048,0.105,2.09
2022,9,2026-10-09T19:55:12+00:00,NYG,27,27,-2.73,6-2,0.8,0.08,0.045,0.038,2.09
2022,9,2026-10-09T19:55:12+00:00,PIT,28,28,-2.82,2-6,-9.6,2.09,-0.07,0.115,2.09
2022,9,2026-10-09T19:55:12+00:00,JAX,29,30,-3.55,3-6,2.3,-1.39,0.041,-0.032,2.09
2022,9,2026-10-09T19:55:12+00:00,DET,30,31,-3.83,2-6,-5.8,1.65,-0.021,0.156,2.09
2022,9,2026-10-09T19:55:12+00:00,CAR,31,29,-4.4,2-7,-5.4,-0.02,-0.106,0.033,2.09
2022,9,2026-10-09T19:55:12+00:00,HOU,32,32,-4.82,1-6-1,-6.2,-0.77,-0.123,0.081,2.09
2022,10,2026-10-09T19:55:12+00:00,BUF,1,1,6.2,6-3,11.0,0.76,0.122,-0.049,2.1
2022,10,2026-10-09T19:55:12+00:00,KC,2,3,4.61,7-2,7.1,0.44,0.221,0.039,2.1
2022,10,2026-10-09T19:55:12+00:00,DAL,3,2,4.49,6-3,5.2,-0.22,-0.005,-0.065,2.1
2022,10,2026-10-09T19:55:12+00:00,NE,4,4,3.79,5-4,4.1,-0.84,-0.058,-0.124,2.1
2022,10,2026-10-09T19:55:12+00:00,PHI,5,5,2.79,8-1,8.8,-1.17,0.128,-0.088,2.1
2022,10,2026-10-09T19:55:12+00:00,SF,6,6,2.14,5-4,3.9,-0.73,0.04,-0.061,2.1
2022,10,2026-10-09T19:55:12+00:00,TB,7,9,2.1,5-5,0.3,0.35,-0.018,-0.038,2.1
2022,10,2026-10-09T19:55:12+00:00,BAL,8,7,2.06,6-3,4.3,1.04,0.09,0.036,2.1
2022,10,2026-10-09T19:55:12+00:00,CIN,9,8,2.03,5-4,4.8,-0.52,0.094,-0.026,2.1
2022,10,2026-10-09T19:55:12+00:00,SEA,10,10,1.62,6-4,1.6,-0.81,0.04,0.025,2.1
2022,10,2026-10-09T19:55:12+00:00,TEN,11,11,1.41,6-3,-0.2,-0.33,-0.042,-0.045,2.1
2022,10,2026-10-09T19:55:12+00:00,MIN,12,12,1.38,8-1,3.9,0.38,-0.001,-0.015,2.1
2022,10,2026-10-09T19:55:12+00:00,MIA,13,16,0.89,7-3,1.1,0.49,0.125,0.046,2.1
2022,10,2026-10-09T19:55:12+00:00,GB,14,13,0.64,4-6,-3.1,0.79,-0.027,0.013,2.1
2022,10,2026-10-09T19:55:12+00:00,NO,15,14,-0.32,3-7,-2.5,-0.24,-0.025,-0.021,2.1
2022,10,2026-10-09T19:55:12+00:00,ARI,16,19,-0.36,4-6,-2.8,0.4,-0.019,-0.002,2.1
2022,10,2026-10-09T19:55:12+00:00,IND,17,20,-0.64,4-5-1,-4.6,-0.57,-0.153,-0.057,2.1
2022,10,2026-10-09T19:55:12+00:00,LA,18,15,-0.71,3-6,-5.8,1.08,-0.11,-0.006,2.1
2022,10,2026-10-09T19:55:12+00:00,WAS,19,24,-1.04,5-5,-2.2,0.41,-0.084,-0.063,2.1
2022,10,2026-10-09T19:55:12+00:00,LAC,20,18,-1.07,5-4,-3.1,-0.95,-0.016,0.034,2.1
2022,10,2026-10-09T19:55:12+00:00,NYJ,21,21,-1.19,6-3,2.2,1.11,-0.026,-0.06,2.1
2022,10,2026-10-09T19:55:12+00:00,DEN,22,22,-1.67,3-6,-2.0,-0.94,-0.112,-0.124,2.1
2022,10,2026-10-09T19:55:12+00:00,CLE,23,17,-1.72,3-6,-2.3,-0.26,0.062,0.1,2.1
2022,10,2026-10-09T19:55:12+00:00,CHI,24,23,-2.01,3-7,-3.0,0.16,0.006,0.083,2.1
2022,10,2026-10-09T19:55:12+00:00,PIT,25,28,-2.24,3-6,-7.4,1.62,-0.06,0.07,2.1
2022,10,2026-10-09T19:55:12+00:00,LV,26,25,-2.42,2-7,-2.6,-0.71,0.003,0.096,2.1
2022,10,2026-10-09T19:55:12+00:00,NYG,27,27,-2.44,7-2,1.6,-0.44,0.056,0.035,2.1
2022,10,2026-10-09T19:55:12+00:00,ATL,28,26,-2.8,4-6,-1.8,-0.36,0.032,0.102,2.1
2022,10,2026-10-09T19:55:12+00:00,DET,29,30,-3.36,3-6,-5.0,1.39,0.002,0.147,2.1
2022,10,2026-10-09T19:55:12+00:00,JAX,30,29,-3.42,3-7,1.1,-0.74,0.046,-0.001,2.1
2022,10,2026-10-09T19:55:12+00:00,CAR,31,31,-3.81,3-7,-3.9,-0.49,-0.087,0.019,2.1
2022,10,2026-10-09T19:55:12+00:00,HOU,32,32,-4.91,1-7-1,-6.4,-1.05,-0.109,0.088,2.1
2022,11,2026-10-09T19:55:12+00:00,DAL,1,3,6.24,7-3,8.4,-0.25,0.024,-0.095,1.69
2022,11,2026-10-09T19:55:12+00:00,BUF,2,1,5.9,7-3,10.7,0.25,0.122,-0.036,1.69
2022,11,2026-10-09T19:55:12+00:00,KC,3,2,4.52,8-2,6.7,0.38,0.224,0.043,1.69
2022,11,2026-10-09T19:55:12+00:00,NE,4,4,3.7,6-4,4.4,-0.88,-0.065,-0.154,1.69
2022,11,2026-10-09T19:55:12+00:00,SF,5,6,3.37,6-4,6.3,-0.9,0.073,-0.071,1.69
2022,11,2026-10-09T19:55:12+00:00,PHI,6,5,2.78,9-1,8.0,-1.11,0.102,-0.093,1.69
2022,11,2026-10-09T19:55:12+00:00,CIN,7,9,2.29,6-4,5.0,-0.5,0.1,-0.027,1.69
2022,11,2026-10-09T19:55:12+00:00,BAL,8,8,2.08,7-3,4.9,0.49,0.069,-0.009,1.69
2022,11,2026-10-09T19:55:12+00:00,TB,9,7,2.08,5-5,0.3,0.46,-0.018,-0.038,1.69
2022,11,2026-10-09T19:55:12+00:00,TEN,10,11,1.92,7-3,0.8,-0.33,-0.013,-0.043,1.69
2022,11,2026-10-09T19:55:12+00:00,SEA,11,10,1.44,6-4,1.6,-0.92,0.04,0.025,1.69
2022,11,2026-10-09T19:55:12+00:00,MIA,12,13,0.82,7-3,1.1,0.34,0.125,0.046,1.69
2022,11,2026-10-09T19:55:12+00:00,GB,13,14,0.05,4-7,-3.7,0.89,-0.027,0.034,1.69
2022,11,2026-10-09T19:55:12+00:00,NO,14,15,-0.1,4-7,-1.6,-0.55,-0.014,-0.019,1.69
2022,11,2026-10-09T19:55:12+00:00,WAS,15,19,-0.43,6-5,-0.8,-0.06,-0.082,-0.094,1.69
2022,11,2026-10-09T19:55:12+00:00,IND,16,17,-0.55,4-6-1,-4.3,-0.13,-0.152,-0.064,1.69
2022,11,2026-10-09T19:55:12+00:00,MIN,17,12,-0.62,8-2,-0.2,0.89,-0.037,0.015,1.69
2022,11,2026-10-09T19:55:12+00:00,LA,18,18,-0.92,3-7,-5.9,1.1,-0.099,0.003,1.69
2022,11,2026-10-09T19:55:12+00:00,LAC,19,20,-0.97,5-5,-3.1,-0.28,-0.006,0.056,1.69
2022,11,2026-10-09T19:55:12+00:00,NYJ,20,21,-1.2,6-4,1.3,1.25,-0.066,-0.067,1.69
2022,11,2026-10-09T19:55:12+00:00,CLE,21,23,-1.68,3-7,-2.9,0.39,0.064,0.102,1.69
2022,11,2026-10-09T19:55:12+00:00,ARI,22,16,-1.74,4-7,-5.1,0.48,-0.033,0.032,1.69
2022,11,2026-10-09T19:55:12+00:00,LV,23,26,-1.89,3-7,-1.7,-0.95,0.013,0.085,1.69
2022,11,2026-10-09T19:55:12+00:00,DEN,24,22,-1.95,3-7,-2.4,-0.84,-0.101,-0.101,1.69
2022,11,2026-10-09T19:55:12+00:00,CHI,25,24,-2.11,3-8,-3.0,-0.03,0.007,0.074,1.69
2022,11,2026-10-09T19:55:12+00:00,PIT,26,25,-2.43,3-7,-7.4,1.69,-0.058,0.078,1.69
2022,11,2026-10-09T19:55:12+00:00,ATL,27,28,-2.51,5-6,-1.4,-0.39,0.028,0.095,1.69
2022,11,2026-10-09T19:55:12+00:00,DET,28,29,-2.52,4-6,-3.2,0.88,0.013,0.13,1.69
2022,11,2026-10-09T19:55:12+00:00,NYG,29,27,-3.1,7-3,0.1,-0.54,0.048,0.043,1.69
2022,11,2026-10-09T19:55:12+00:00,JAX,30,30,-3.33,3-7,1.1,-0.75,0.046,-0.001,1.69
2022,11,2026-10-09T19:55:12+00:00,CAR,31,31,-3.82,3-8,-4.5,-0.25,-0.117,0.006,1.69
2022,11,2026-10-09T19:55:12+00:00,HOU,32,32,-5.3,1-8-1,-7.1,-0.96,-0.138,0.073,1.69
2022,12,2026-10-09T19:55:12+00:00,DAL,1,1,5.87,8-3,8.4,-0.56,0.035,-0.093,1.98
2022,12,2026-10-09T19:55:12+00:00,BUF,2,2,5.65,8-3,10.0,0.21,0.12,-0.029,1.98
2022,12,2026-10-09T19:55:12+00:00,KC,3,3,4.85,9-2,7.5,0.19,0.215,0.019,1.98
2022,12,2026-10-09T19:55:12+00:00,SF,4,5,3.59,7-4,6.9,-1.04,0.065,-0.089,1.98
2022,12,2026-10-09T19:55:12+00:00,NE,5,4,3.15,6-5,3.4,-0.63,-0.053,-0.134,1.98
2022,12,2026-10-09T19:55:12+00:00,PHI,6,6,2.82,10-1,7.9,-0.98,0.111,-0.068,1.98
2022,12,2026-10-09T19:55:12+00:00,CIN,7,7,2.69,7-4,4.9,-0.04,0.104,-0.019,1.98
2022,12,2026-10-09T19:55:12+00:00,BAL,8,8,1.86,7-4,4.4,0.31,0.073,-0.004,1.98
2022,12,2026-10-09T19:55:12+00:00,TB,9,9,1.58,5-6,-0.3,0.26,-0.019,-0.033,1.98
2022,12,2026-10-09T19:55:12+00:00,TEN,10,10,1.53,7-4,0.4,-0.16,-0.007,-0.026,1.98
2022,12,2026-10-09T19:55:12+00:00,MIA,11,12,1.23,8-3,2.4,-0.07,0.104,0.006,1.98
2022,12,2026-10-09T19:55:12+00:00,SEA,12,11,0.74,6-5,0.9,-1.04,0.039,0.042,1.98
2022,12,2026-10-09T19:55:12+00:00,GB,13,13,-0.12,4-8,-4.0,0.97,-0.009,0.048,1.98
2022,12,2026-10-09T19:55:12+00:00,MIN,14,17,-0.19,9-2,0.5,0.97,-0.028,0.021,1.98
2022,12,2026-10-09T19:55:12+00:00,NYJ,15,20,-0.24,7-4,3.1,0.85,-0.037,-0.067,1.98
2022,12,2026-10-09T19:55:12+00:00,WAS,16,15,-0.35,7-5,-0.2,-0.4,-0.065,-0.084,1.98
2022,12,2026-10-09T19:55:12+00:00,NO,17,14,-0.49,4-8,-2.6,-0.14,-0.035,-0.019,1.98
2022,12,2026-10-09T19:55:12+00:00,LAC,18,19,-0.78,6-5,-2.7,-0.35,0.001,0.056,1.98
2022,12,2026-10-09T19:55:12+00:00,IND,19,16,-1.1,4-7-1,-4.5,-0.29,-0.153,-0.049,1.98
2022,12,2026-10-09T19:55:12+00:00,CLE,20,21,-1.13,4-7,-2.1,0.71,0.061,0.089,1.98
2022,12,2026-10-09T19:55:12+00:00,LV,21,23,-1.29,4-7,-1.0,-0.97,0.031,0.081,1.98
2022,12,2026-10-09T19:55:12+00:00,LA,22,18,-1.42,3-8,-6.8,1.39,-0.111,0.014,1.98
2022,12,2026-10-09T19:55:12+00:00,PIT,23,26,-1.73,4-7,-6.1,1.53,-0.042,0.056,1.98
2022,12,2026-10-09T19:55:12+00:00,ARI,24,22,-1.87,4-8,-4.8,0.34,-0.025,0.035,1.98
2022,12,2026-10-09T19:55:12+00:00,DET,25,28,-2.34,4-7,-3.2,1.17,0.015,0.127,1.98
2022,12,2026-10-09T19:55:12+00:00,DEN,26,24,-2.48,3-8,-3.4,-0.95,-0.116,-0.084,1.98
2022,12,2026-10-09T19:55:12+00:00,ATL,27,27,-2.53,5-7,-1.8,-0.39,0.027,0.098,1.98
2022,12,2026-10-09T19:55:12+00:00,NYG,28,29,-2.94,7-4,-0.6,-0.11,0.038,0.052,1.98
2022,12,2026-10-09T19:55:12+00:00,CHI,29,25,-2.95,3-9,-4.5,-0.03,0.002,0.089,1.98
2022,12,2026-10-09T19:55:12+00:00,JAX,30,30,-3.02,4-7,1.1,-0.55,0.046,0.009,1.98
2022,12,2026-10-09T19:55:12+00:00,CAR,31,31,-3.07,4-8,-3.0,-0.47,-0.1,-0.017,1.98
2022,12,2026-10-09T19:55:12+00:00,HOU,32,32,-5.54,1-9-1,-7.8,-0.85,-0.161,0.056,1.98
2022,13,2026-10-09T19:55:12+00:00,DAL,1,1,7.25,9-3,10.6,-0.42,0.05,-0.11,2.22
2022,13,2026-10-09T19:55:12+00:00,BUF,2,2,6.18,9-3,10.3,0.37,0.124,-0.029,2.22
2022,13,2026-10-09T19:55:12+00:00,KC,3,3,4.42,9-3,6.7,0.1,0.217,0.039,2.22
2022,13,2026-10-09T19:55:12+00:00,SF,4,4,4.05,8-4,7.7,-0.92,0.059,-0.109,2.22
2022,13,2026-10-09T19:55:12+00:00,PHI,5,6,3.94,11-1,9.3,-0.8,0.128,-0.081,2.22
2022,13,2026-10-09T19:55:12+00:00,CIN,6,7,2.76,8-4,4.8,0.33,0.117,0.002,2.22
2022,13,2026-10-09T19:55:12+00:00,NE,7,5,2.23,6-6,1.9,-0.08,-0.051,-0.109,2.22
2022,13,2026-10-09T19:55:12+00:00,BAL,8,8,1.47,8-4,4.1,-0.04,0.055,-0.015,2.22
2022,13,2026-10-09T19:55:12+00:00,TB,9,9,1.43,6-6,-0.2,0.42,-0.02,-0.032,2.22
2022,13,2026-10-09T19:55:12+00:00,SEA,10,12,1.03,7-5,1.2,-0.86,0.048,0.035,2.22
2022,13,2026-10-09T19:55:12+00:00,MIA,11,11,0.51,8-4,0.8,0.33,0.068,0.005,2.22
2022,13,2026-10-09T19:55:12+00:00,GB,12,13,0.49,5-8,-3.0,0.82,0.006,0.054,2.22
2022,13,2026-10-09T19:55:12+00:00,TEN,13,10,0.2,7-5,-1.8,0.01,-0.026,0.002,2.22
2022,13,2026-10-09T19:55:12+00:00,MIN,14,14,0.1,10-2,0.8,1.16,-0.025,0.015,2.22
2022,13,2026-10-09T19:55:12+00:00,WAS,15,16,-0.22,7-5-1,-0.2,-0.51,-0.057,-0.085,2.22
2022,13,2026-10-09T19:55:12+00:00,NO,16,17,-0.25,4-9,-2.5,0.07,-0.035,-0.02,2.22
2022,13,2026-10-09T19:55:12+00:00,NYJ,17,15,-0.49,7-5,2.4,0.71,-0.038,-0.06,2.22
2022,13,2026-10-09T19:55:12+00:00,CLE,18,20,-0.59,5-7,-0.8,-0.01,0.036,0.045,2.22
2022,13,2026-10-09T19:55:12+00:00,DET,19,25,-0.92,5-7,-0.8,0.94,0.038,0.109,2.22
2022,13,2026-10-09T19:55:12+00:00,LAC,20,18,-1.04,6-6,-3.1,-0.49,-0.008,0.044,2.22
2022,13,2026-10-09T19:55:12+00:00,LV,21,21,-1.1,5-7,-0.3,-1.33,0.021,0.065,2.22
2022,13,2026-10-09T19:55:12+00:00,PIT,22,23,-1.48,5-7,-5.3,1.1,-0.023,0.051,2.22
2022,13,2026-10-09T19:55:12+00:00,LA,23,22,-1.51,3-9,-6.6,1.6,-0.105,0.025,2.22
2022,13,2026-10-09T19:55:12+00:00,ARI,24,24,-1.71,4-8,-4.8,0.52,-0.025,0.035,2.22
2022,13,2026-10-09T19:55:12+00:00,DEN,25,26,-2.24,3-9,-3.2,-1.09,-0.118,-0.089,2.22
2022,13,2026-10-09T19:55:12+00:00,ATL,26,27,-2.61,5-8,-1.8,-0.37,0.025,0.104,2.22
2022,13,2026-10-09T19:55:12+00:00,IND,27,19,-2.62,4-8-1,-6.8,-0.13,-0.164,-0.029,2.22
2022,13,2026-10-09T19:55:12+00:00,NYG,28,28,-2.68,7-4-1,-0.6,-0.01,0.026,0.051,2.22
2022,13,2026-10-09T19:55:12+00:00,CAR,29,31,-2.94,4-8,-3.0,-0.37,-0.1,-0.017,2.22
2022,13,2026-10-09T19:55:12+00:00,CHI,30,29,-3.15,3-10,-4.8,0.16,0.011,0.096,2.22
2022,13,2026-10-09T19:55:12+00:00,JAX,31,30,-4.37,4-8,-1.2,-0.81,0.035,0.032,2.22
2022,13,2026-10-09T19:55:12+00:00,HOU,32,32,-6.15,1-10-1,-8.2,-1.11,-0.184,0.032,2.22
2022,14,2026-10-09T19:55:12+00:00,DAL,1,1,6.36,10-3,10.1,-0.97,0.044,-0.116,2.02
2022,14,2026-10-09T19:55:12+00:00,BUF,2,2,5.95,10-3,10.2,0.23,0.106,-0.04,2.02
2022,14,2026-10-09T19:55:12+00:00,SF,3,4,5.15,9-4,9.2,-0.87,0.067,-0.115,2.02
2022,14,2026-10-09T19:55:12+00:00,PHI,4,5,4.9,12-1,10.6,-1.05,0.149,-0.08,2.02
2022,14,2026-10-09T19:55:12+00:00,KC,5,3,4.41,10-3,6.6,-0.03,0.208,0.028,2.02
2022,14,2026-10-09T19:55:12+00:00,CIN,6,6,3.04,9-4,5.4,0.1,0.111,-0.009,2.02
2022,14,2026-10-09T19:55:12+00:00,NE,7,7,2.79,7-6,2.8,-0.29,-0.045,-0.13,2.02
2022,14,2026-10-09T19:55:12+00:00,BAL,8,8,1.5,9-4,3.9,-0.18,0.055,-0.012,2.02
2022,14,2026-10-09T19:55:12+00:00,GB,9,12,0.38,5-8,-3.0,0.61,0.006,0.054,2.02
2022,14,2026-10-09T19:55:12+00:00,MIA,10,11,0.31,8-5,0.3,0.43,0.057,0.007,2.02
2022,14,2026-10-09T19:55:12+00:00,SEA,11,10,0.3,7-6,0.6,-1.07,0.038,0.045,2.02
2022,14,2026-10-09T19:55:12+00:00,TB,12,9,0.09,6-7,-2.3,0.66,-0.032,-0.017,2.02
2022,14,2026-10-09T19:55:12+00:00,WAS,13,15,-0.23,7-5-1,-0.2,-0.4,-0.057,-0.085,2.02
2022,14,2026-10-09T19:55:12+00:00,NO,14,16,-0.35,4-9,-2.5,-0.1,-0.035,-0.02,2.02
2022,14,2026-10-09T19:55:12+00:00,DET,15,19,-0.39,6-7,0.2,0.77,0.053,0.105,2.02
2022,14,2026-10-09T19:55:12+00:00,MIN,16,14,-0.42,10-3,-0.1,1.04,-0.018,0.031,2.02
2022,14,2026-10-09T19:55:12+00:00,NYJ,17,17,-0.43,7-6,1.6,1.12,-0.048,-0.064,2.02
2022,14,2026-10-09T19:55:12+00:00,LAC,18,20,-0.67,7-6,-2.4,-0.28,-0.005,0.034,2.02
2022,14,2026-10-09T19:55:12+00:00,TEN,19,13,-0.77,7-6,-2.7,-0.14,-0.034,0.015,2.02
2022,14,2026-10-09T19:55:12+00:00,CLE,20,18,-0.95,5-8,-1.8,0.31,0.023,0.044,2.02
2022,14,2026-10-09T19:55:12+00:00,LV,21,21,-1.0,5-8,-0.4,-1.29,0.021,0.051,2.02
2022,14,2026-10-09T19:55:12+00:00,PIT,22,22,-1.51,5-8,-5.1,1.15,-0.02,0.051,2.02
2022,14,2026-10-09T19:55:12+00:00,LA,23,23,-1.56,4-9,-6.0,1.29,-0.106,0.025,2.02
2022,14,2026-10-09T19:55:12+00:00,DEN,24,25,-2.14,3-10,-3.4,-0.44,-0.116,-0.074,2.02
2022,14,2026-10-09T19:55:12+00:00,ARI,25,24,-2.27,4-9,-5.5,0.77,-0.053,0.034,2.02
2022,14,2026-10-09T19:55:12+00:00,CAR,26,29,-2.29,5-8,-2.3,-0.45,-0.08,-0.021,2.02
2022,14,2026-10-09T19:55:12+00:00,IND,27,27,-2.46,4-8-1,-6.8,0.04,-0.164,-0.029,2.02
2022,14,2026-10-09T19:55:12+00:00,ATL,28,26,-2.47,5-8,-1.8,-0.34,0.025,0.104,2.02
2022,14,2026-10-09T19:55:12+00:00,JAX,29,31,-3.05,5-8,0.0,-0.65,0.045,0.02,2.02
2022,14,2026-10-09T19:55:12+00:00,CHI,30,30,-3.1,3-10,-4.8,0.18,0.011,0.096,2.02
2022,14,2026-10-09T19:55:12+00:00,NYG,31,28,-3.74,7-5-1,-2.5,0.35,0.02,0.078,2.02
2022,14,2026-10-09T19:55:12+00:00,HOU,32,32,-5.37,1-11-1,-7.9,-0.5,-0.184,0.028,2.02
2022,15,2026-10-09T19:55:12+00:00,DAL,1,1,5.51,10-4,8.9,-0.97,0.044,-0.099,2.03
2022,15,2026-10-09T19:55:12+00:00,BUF,2,2,5.49,11-3,9.6,0.24,0.112,-0.025,2.03
2022,15,2026-10-09T19:55:12+00:00,SF,3,3,5.19,10-4,9.1,-0.95,0.077,-0.124,2.03
2022,15,2026-10-09T19:55:12+00:00,PHI,4,4,4.73,13-1,10.2,-1.15,0.14,-0.083,2.03
2022,15,2026-10-09T19:55:12+00:00,KC,5,5,4.28,11-3,6.6,-0.31,0.203,0.016,2.03
2022,15,2026-10-09T19:55:12+00:00,CIN,6,6,3.55,10-4,5.8,0.09,0.102,-0.016,2.03
2022,15,2026-10-09T19:55:12+00:00,NE,7,7,2.27,7-7,2.2,-0.28,-0.05,-0.125,2.03
2022,15,2026-10-09T19:55:12+00:00,BAL,8,8,1.02,9-5,2.9,-0.08,0.035,-0.009,2.03
2022,15,2026-10-09T19:55:12+00:00,GB,9,9,0.74,6-8,-1.9,0.26,0.01,0.042,2.03
2022,15,2026-10-09T19:55:12+00:00,MIA,10,10,0.57,8-6,0.1,0.85,0.064,0.02,2.03
2022,15,2026-10-09T19:55:12+00:00,SEA,11,11,-0.05,7-7,0.0,-0.64,0.018,0.056,2.03
2022,15,2026-10-09T19:55:12+00:00,DET,12,15,-0.1,7-7,0.4,0.6,0.051,0.093,2.03
2022,15,2026-10-09T19:55:12+00:00,CLE,13,20,-0.34,6-8,-0.9,0.33,0.023,0.025,2.03
2022,15,2026-10-09T19:55:12+00:00,NO,14,14,-0.49,5-9,-2.1,-0.4,-0.029,-0.019,2.03
2022,15,2026-10-09T19:55:12+00:00,LAC,15,18,-0.5,8-6,-2.0,-0.13,-0.009,0.028,2.03
2022,15,2026-10-09T19:55:12+00:00,TB,16,12,-0.51,6-8,-2.9,0.77,-0.037,-0.017,2.03
2022,15,2026-10-09T19:55:12+00:00,LV,17,21,-0.52,6-8,0.1,-0.95,0.015,0.04,2.03
2022,15,2026-10-09T19:55:12+00:00,MIN,18,16,-0.54,11-3,0.1,0.65,-0.026,0.016,2.03
2022,15,2026-10-09T19:55:12+00:00,TEN,19,19,-0.66,7-7,-2.7,0.02,-0.035,0.01,2.03
2022,15,2026-10-09T19:55:12+00:00,NYJ,20,17,-0.7,7-7,1.3,1.06,-0.05,-0.056,2.03
2022,15,2026-10-09T19:55:12+00:00,WAS,21,13,-0.92,7-6-1,-0.8,-0.47,-0.06,-0.074,2.03
2022,15,2026-10-09T19:55:12+00:00,PIT,22,22,-0.97,6-8,-4.1,0.83,-0.002,0.05,2.03
2022,15,2026-10-09T19:55:12+00:00,DEN,23,24,-1.69,4-10,-2.5,-0.53,-0.112,-0.091,2.03
2022,15,2026-10-09T19:55:12+00:00,LA,24,23,-2.03,4-10,-6.4,1.02,-0.106,0.028,2.03
2022,15,2026-10-09T19:55:12+00:00,JAX,25,29,-2.2,6-8,0.4,-0.11,0.05,0.021,2.03
2022,15,2026-10-09T19:55:12+00:00,IND,26,27,-2.3,4-9-1,-6.6,0.1,-0.165,-0.036,2.03
2022,15,2026-10-09T19:55:12+00:00,ATL,27,28,-2.4,5-9,-1.9,-0.43,0.023,0.1,2.03
2022,15,2026-10-09T19:55:12+00:00,ARI,28,25,-2.67,4-10,-5.7,0.42,-0.071,0.028,2.03
2022,15,2026-10-09T19:55:12+00:00,CAR,29,26,-2.76,5-9,-2.7,-0.49,-0.071,-0.004,2.03
2022,15,2026-10-09T19:55:12+00:00,CHI,30,30,-2.95,3-11,-4.9,0.5,0.001,0.09,2.03
2022,15,2026-10-09T19:55:12+00:00,NYG,31,31,-3.01,8-5-1,-1.8,0.14,0.023,0.066,2.03
2022,15,2026-10-09T19:55:12+00:00,HOU,32,32,-5.06,1-12-1,-7.8,0.0,-0.181,0.036,2.03
2022,16,2026-10-09T19:55:12+00:00,BUF,1,2,5.97,12-3,10.5,-0.2,0.119,-0.052,1.94
2022,16,2026-10-09T19:55:12+00:00,SF,2,3,5.68,11-4,9.7,-0.72,0.08,-0.124,1.94
2022,16,2026-10-09T19:55:12+00:00,DAL,3,1,5.52,11-4,8.7,-0.56,0.045,-0.09,1.94
2022,16,2026-10-09T19:55:12+00:00,KC,4,5,4.65,12-3,7.1,-0.07,0.191,0.0,1.94
2022,16,2026-10-09T19:55:12+00:00,PHI,5,4,4.3,13-2,9.1,-0.84,0.133,-0.073,1.94
2022,16,2026-10-09T19:55:12+00:00,CIN,6,6,3.66,11-4,5.7,0.19,0.1,-0.02,1.94
2022,16,2026-10-09T19:55:12+00:00,NE,7,7,1.81,7-8,1.8,-0.35,-0.053,-0.111,1.94
2022,16,2026-10-09T19:55:12+00:00,BAL,8,8,1.12,10-5,3.3,-0.29,0.034,-0.018,1.94
2022,16,2026-10-09T19:55:12+00:00,GB,9,9,1.08,7-8,-1.4,0.07,0.009,0.038,1.94
2022,16,2026-10-09T19:55:12+00:00,LAC,10,15,0.35,9-6,-0.7,-0.36,-0.012,-0.012,1.94
2022,16,2026-10-09T19:55:12+00:00,NO,11,14,0.16,6-9,-1.5,-0.14,-0.034,-0.035,1.94
2022,16,2026-10-09T19:55:12+00:00,MIA,12,10,0.15,8-7,-0.3,0.82,0.058,0.019,1.94
2022,16,2026-10-09T19:55:12+00:00,LA,13,24,0.03,5-10,-3.5,0.99,-0.08,0.008,1.94
2022,16,2026-10-09T19:55:12+00:00,TB,14,16,-0.16,7-8,-2.5,0.89,-0.041,-0.032,1.94
2022,16,2026-10-09T19:55:12+00:00,SEA,15,11,-0.24,7-8,-0.9,-0.06,0.002,0.054,1.94
2022,16,2026-10-09T19:55:12+00:00,LV,16,17,-0.57,6-9,-0.1,-0.89,0.002,0.036,1.94
2022,16,2026-10-09T19:55:12+00:00,CLE,17,13,-0.74,6-9,-1.3,0.44,0.005,0.016,1.94
2022,16,2026-10-09T19:55:12+00:00,MIN,18,18,-0.76,12-3,0.3,0.09,-0.026,0.017,1.94
2022,16,2026-10-09T19:55:12+00:00,PIT,19,22,-0.88,7-8,-3.7,0.68,-0.004,0.035,1.94
2022,16,2026-10-09T19:55:12+00:00,DET,20,12,-0.95,7-8,-0.6,0.27,0.052,0.114,1.94
2022,16,2026-10-09T19:55:12+00:00,TEN,21,19,-1.19,7-8,-2.9,-0.31,-0.05,0.002,1.94
2022,16,2026-10-09T19:55:12+00:00,JAX,22,25,-1.24,7-8,1.5,-0.47,0.052,0.001,1.94
2022,16,2026-10-09T19:55:12+00:00,WAS,23,21,-1.41,7-7-1,-1.9,-0.18,-0.065,-0.061,1.94
2022,16,2026-10-09T19:55:12+00:00,NYJ,24,20,-1.83,7-8,0.1,0.65,-0.066,-0.048,1.94
2022,16,2026-10-09T19:55:12+00:00,CAR,25,29,-1.86,6-9,-1.6,-0.39,-0.039,0.001,1.94
2022,16,2026-10-09T19:55:12+00:00,ATL,26,27,-2.31,5-10,-2.3,0.01,0.011,0.095,1.94
2022,16,2026-10-09T19:55:12+00:00,ARI,27,28,-2.64,4-11,-5.5,0.65,-0.082,0.02,1.94
2022,16,2026-10-09T19:55:12+00:00,NYG,28,31,-2.91,8-6-1,-1.9,0.02,0.023,0.06,1.94
2022,16,2026-10-09T19:55:12+00:00,IND,29,26,-3.2,4-10-1,-7.3,0.02,-0.192,-0.037,1.94
2022,16,2026-10-09T19:55:12+00:00,DEN,30,23,-3.43,4-11,-4.8,-0.39,-0.123,-0.066,1.94
2022,16,2026-10-09T19:55:12+00:00,CHI,31,30,-3.8,3-12,-6.0,0.74,-0.027,0.099,1.94
2022,16,2026-10-09T19:55:12+00:00,HOU,32,32,-4.38,2-12-1,-6.9,-0.31,-0.176,0.016,1.94
2022,17,2026-10-09T19:55:12+00:00,DAL,1,3,5.74,12-4,9.1,-0.76,0.042,-0.094,2.09
2022,17,2026-10-09T19:55:12+00:00,BUF,2,1,5.7,12-3,10.5,-0.34,0.119,-0.052,2.09
2022,17,2026-10-09T19:55:12+00:00,SF,3,2,5.43,12-4,9.2,-0.69,0.094,-0.113,2.09
2022,17,2026-10-09T19:55:12+00:00,KC,4,4,4.18,13-3,6.8,-0.23,0.184,-0.01,2.09
2022,17,2026-10-09T19:55:12+00:00,CIN,5,6,3.64,11-4,5.7,0.32,0.1,-0.02,2.09
2022,17,2026-10-09T19:55:12+00:00,PHI,6,5,3.31,13-3,7.9,-0.79,0.108,-0.073,2.09
2022,17,2026-10-09T19:55:12+00:00,GB,7,9,1.97,8-8,0.2,-0.34,0.016,0.023,2.09
2022,17,2026-10-09T19:55:12+00:00,NE,8,7,1.59,8-8,1.8,-0.4,-0.057,-0.107,2.09
2022,17,2026-10-09T19:55:12+00:00,LAC,9,10,1.27,10-6,0.6,-0.41,0.006,-0.018,2.09
2022,17,2026-10-09T19:55:12+00:00,NO,10,11,1.05,7-9,-0.8,0.11,-0.036,-0.049,2.09
2022,17,2026-10-09T19:55:12+00:00,BAL,11,8,0.92,10-6,2.9,0.04,0.032,-0.008,2.09
2022,17,2026-10-09T19:55:12+00:00,SEA,12,15,0.51,8-8,0.2,0.04,0.0,0.03,2.09
2022,17,2026-10-09T19:55:12+00:00,DET,13,20,0.43,8-8,1.4,-0.16,0.061,0.086,2.09
2022,17,2026-10-09T19:55:12+00:00,MIA,14,12,0.23,8-8,-0.4,0.8,0.052,0.01,2.09
2022,17,2026-10-09T19:55:12+00:00,JAX,15,22,0.12,8-8,3.1,-1.0,0.044,-0.031,2.09
2022,17,2026-10-09T19:55:12+00:00,CLE,16,17,0.1,7-9,-0.4,0.26,0.016,0.004,2.09
2022,17,2026-10-09T19:55:12+00:00,TB,17,14,0.06,8-8,-2.0,0.94,-0.031,-0.03,2.09
2022,17,2026-10-09T19:55:12+00:00,LV,18,16,-0.44,6-10,-0.3,-0.4,0.006,0.052,2.09
2022,17,2026-10-09T19:55:12+00:00,PIT,19,19,-0.51,8-8,-3.2,0.61,0.006,0.033,2.09
2022,17,2026-10-09T19:55:12+00:00,LA,20,13,-0.84,5-11,-4.6,1.19,-0.082,0.025,2.09
2022,17,2026-10-09T19:55:12+00:00,NYG,21,28,-1.61,9-6-1,0.0,-0.39,0.035,0.046,2.09
2022,17,2026-10-09T19:55:12+00:00,CAR,22,25,-1.75,6-10,-1.9,-0.04,-0.038,0.008,2.09
2022,17,2026-10-09T19:55:12+00:00,TEN,23,21,-1.75,7-9,-3.6,-0.11,-0.057,0.002,2.09
2022,17,2026-10-09T19:55:12+00:00,MIN,24,18,-1.78,12-4,-1.2,0.26,-0.036,0.023,2.09
2022,17,2026-10-09T19:55:12+00:00,WAS,25,23,-2.18,7-8-1,-2.6,-0.24,-0.072,-0.046,2.09
2022,17,2026-10-09T19:55:12+00:00,ATL,26,26,-2.22,6-10,-2.1,-0.03,0.006,0.09,2.09
2022,17,2026-10-09T19:55:12+00:00,NYJ,27,24,-2.43,7-9,-0.9,0.76,-0.082,-0.047,2.09
2022,17,2026-10-09T19:55:12+00:00,ARI,28,27,-2.47,4-12,-5.2,0.44,-0.075,0.013,2.09
2022,17,2026-10-09T19:55:12+00:00,DEN,29,30,-3.0,4-12,-4.7,-0.23,-0.125,-0.056,2.09
2022,17,2026-10-09T19:55:12+00:00,IND,30,29,-4.51,4-11-1,-8.6,-0.15,-0.191,-0.022,2.09
2022,17,2026-10-09T19:55:12+00:00,CHI,31,31,-5.08,3-13,-7.6,0.68,-0.047,0.104,2.09
2022,17,2026-10-09T19:55:12+00:00,HOU,32,32,-5.69,2-13-1,-8.2,-0.33,-0.197,0.01,2.09
2022,18,2026-10-09T19:55:12+00:00,SF,1,3,6.04,13-4,10.2,-0.82,0.092,-0.127,2.26
2022,18,2026-10-09T19:55:12+00:00,BUF,2,2,5.82,13-3,10.6,-0.23,0.118,-0.051,2.26
2022,18,2026-10-09T19:55:12+00:00,KC,3,4,4.9,14-3,7.5,-0.33,0.189,-0.019,2.26
2022,18,2026-10-09T19:55:12+00:00,DAL,4,1,4.27,12-5,7.4,-0.69,0.012,-0.1,2.26
2022,18,2026-10-09T19:55:12+00:00,CIN,5,5,3.84,12-4,6.0,0.26,0.081,-0.039,2.26
2022,18,2026-10-09T19:55:12+00:00,PHI,6,6,3.09,14-3,7.8,-0.84,0.101,-0.069,2.26
2022,18,2026-10-09T19:55:12+00:00,GB,7,7,1.51,8-9,-0.1,-0.29,0.006,0.031,2.26
2022,18,2026-10-09T19:55:12+00:00,NE,8,8,1.18,8-9,1.0,-0.11,-0.056,-0.095,2.26
2022,18,2026-10-09T19:55:12+00:00,LAC,9,9,0.99,10-7,0.4,-0.51,0.009,-0.008,2.26
2022,18,2026-10-09T19:55:12+00:00,DET,10,13,0.81,9-8,1.5,-0.06,0.066,0.072,2.26
2022,18,2026-10-09T19:55:12+00:00,BAL,11,11,0.62,10-7,2.1,0.3,0.011,-0.019,2.26
2022,18,2026-10-09T19:55:12+00:00,NO,12,10,0.6,7-10,-0.9,0.04,-0.045,-0.059,2.26
2022,18,2026-10-09T19:55:12+00:00,SEA,13,12,0.48,9-8,0.4,0.02,-0.006,0.021,2.26
2022,18,2026-10-09T19:55:12+00:00,MIA,14,14,0.22,9-8,-0.1,0.63,0.044,0.001,2.26
2022,18,2026-10-09T19:55:12+00:00,JAX,15,15,0.13,9-8,3.2,-1.0,0.035,-0.035,2.26
2022,18,2026-10-09T19:55:12+00:00,PIT,16,19,0.12,9-8,-2.2,0.43,0.01,0.03,2.26
2022,18,2026-10-09T19:55:12+00:00,CLE,17,16,-0.5,7-10,-1.2,0.36,0.014,0.008,2.26
2022,18,2026-10-09T19:55:12+00:00,TB,18,17,-0.62,8-9,-2.6,0.77,-0.039,-0.026,2.26
2022,18,2026-10-09T19:55:12+00:00,WAS,19,25,-0.77,8-8-1,-1.3,-0.0,-0.079,-0.072,2.26
2022,18,2026-10-09T19:55:12+00:00,LA,20,20,-0.85,5-12,-4.5,1.04,-0.084,0.017,2.26
2022,18,2026-10-09T19:55:12+00:00,MIN,21,24,-1.02,13-4,-0.2,-0.23,-0.019,0.012,2.26
2022,18,2026-10-09T19:55:12+00:00,LV,22,18,-1.21,6-11,-1.4,-0.03,-0.004,0.065,2.26
2022,18,2026-10-09T19:55:12+00:00,CAR,23,22,-1.24,7-10,-1.6,0.02,-0.048,-0.003,2.26
2022,18,2026-10-09T19:55:12+00:00,NYG,24,21,-1.46,9-7-1,-0.4,-0.17,0.033,0.043,2.26
2022,18,2026-10-09T19:55:12+00:00,ATL,25,26,-1.47,7-10,-1.2,-0.08,0.008,0.075,2.26
2022,18,2026-10-09T19:55:12+00:00,TEN,26,23,-1.71,7-10,-3.6,-0.07,-0.059,-0.004,2.26
2022,18,2026-10-09T19:55:12+00:00,NYJ,27,27,-2.36,7-10,-1.2,0.71,-0.085,-0.049,2.26
2022,18,2026-10-09T19:55:12+00:00,DEN,28,29,-2.62,5-12,-4.2,-0.15,-0.109,-0.049,2.26
2022,18,2026-10-09T19:55:12+00:00,ARI,29,28,-3.19,4-13,-6.4,0.82,-0.092,0.016,2.26
2022,18,2026-10-09T19:55:12+00:00,IND,30,30,-4.59,4-12-1,-8.1,-0.37,-0.185,-0.024,2.26
2022,18,2026-10-09T19:55:12+00:00,HOU,31,32,-5.32,3-13-1,-7.7,-0.65,-0.189,0.005,2.26
2022,18,2026-10-09T19:55:12+00:00,CHI,32,31,-5.68,3-14,-8.1,0.7,-0.053,0.113,2.26
2023,1,2026-10-09T19:55:12+00:00,SF,1,1,6.91,1-0,23.0,-0.87,0.159,-0.343,1.91
2023,1,2026-10-09T19:55:12+00:00,DAL,2,4,5.98,1-0,40.0,-3.23,0.06,-0.461,1.91
2023,1,2026-10-09T19:55:12+00:00,BUF,3,2,5.02,0-1,-6.0,-1.77,-0.068,-0.047,1.91
2023,1,2026-10-09T19:55:12+00:00,KC,4,3,4.3,0-1,-1.0,1.12,-0.146,0.047,1.91
2023,1,2026-10-09T19:55:12+00:00,PHI,5,6,3.21,1-0,5.0,0.81,-0.149,-0.204,1.91
2023,1,2026-10-09T19:55:12+00:00,CIN,6,5,2.47,0-1,-21.0,0.55,-0.465,-0.139,1.91
2023,1,2026-10-09T19:55:12+00:00,GB,7,7,2.24,1-0,18.0,-6.1,0.156,-0.177,1.91
2023,1,2026-10-09T19:55:12+00:00,DET,8,10,1.12,1-0,1.0,4.3,0.047,-0.146,1.91
2023,1,2026-10-09T19:55:12+00:00,BAL,9,11,0.9,1-0,16.0,-5.54,-0.054,-0.275,1.91
2023,1,2026-10-09T19:55:12+00:00,NE,10,8,0.81,0-1,-5.0,3.21,-0.204,-0.149,1.91
2023,1,2026-10-09T19:55:12+00:00,LAC,11,9,0.75,0-1,-2.0,0.44,0.153,0.308,1.91
2023,1,2026-10-09T19:55:12+00:00,JAX,12,15,0.55,1-0,10.0,-4.9,-0.234,-0.399,1.91
2023,1,2026-10-09T19:55:12+00:00,CLE,13,17,0.55,1-0,21.0,2.47,-0.139,-0.465,1.91
2023,1,2026-10-09T19:55:12+00:00,NO,14,12,0.48,1-0,1.0,-1.47,-0.094,-0.223,1.91
2023,1,2026-10-09T19:55:12+00:00,MIA,15,14,0.44,1-0,2.0,0.75,0.308,0.153,1.91
2023,1,2026-10-09T19:55:12+00:00,LA,16,20,0.22,1-0,17.0,-0.43,0.274,-0.108,1.91
2023,1,2026-10-09T19:55:12+00:00,TB,17,18,-0.35,1-0,3.0,-1.21,-0.104,-0.132,1.91
2023,1,2026-10-09T19:55:12+00:00,SEA,18,13,-0.43,0-1,-17.0,0.22,-0.108,0.274,1.91
2023,1,2026-10-09T19:55:12+00:00,WAS,19,19,-0.64,1-0,4.0,-2.98,-0.294,-0.352,1.91
2023,1,2026-10-09T19:55:12+00:00,ATL,20,25,-0.79,1-0,14.0,-1.88,-0.107,-0.27,1.91
2023,1,2026-10-09T19:55:12+00:00,PIT,21,16,-0.87,0-1,-23.0,6.91,-0.343,0.159,1.91
2023,1,2026-10-09T19:55:12+00:00,LV,22,22,-1.15,1-0,1.0,-2.64,0.17,-0.002,1.91
2023,1,2026-10-09T19:55:12+00:00,MIN,23,21,-1.21,0-1,-3.0,-0.35,-0.132,-0.104,1.91
2023,1,2026-10-09T19:55:12+00:00,TEN,24,26,-1.47,0-1,-1.0,0.48,-0.223,-0.094,1.91
2023,1,2026-10-09T19:55:12+00:00,NYJ,25,27,-1.77,1-0,6.0,5.02,-0.047,-0.068,1.91
2023,1,2026-10-09T19:55:12+00:00,CAR,26,23,-1.88,0-1,-14.0,-0.79,-0.27,-0.107,1.91
2023,1,2026-10-09T19:55:12+00:00,DEN,27,28,-2.64,0-1,-1.0,-1.15,-0.002,0.17,1.91
2023,1,2026-10-09T19:55:12+00:00,ARI,28,29,-2.98,0-1,-4.0,-0.64,-0.352,-0.294,1.91
2023,1,2026-10-09T19:55:12+00:00,NYG,29,24,-3.23,0-1,-40.0,5.98,-0.461,0.06,1.91
2023,1,2026-10-09T19:55:12+00:00,IND,30,30,-4.9,0-1,-10.0,0.55,-0.399,-0.234,1.91
2023,1,2026-10-09T19:55:12+00:00,HOU,31,31,-5.54,0-1,-16.0,0.9,-0.275,-0.054,1.91
2023,1,2026-10-09T19:55:12+00:00,CHI,32,32,-6.1,0-1,-18.0,2.24,-0.177,0.156,1.91
2023,2,2026-10-09T19:55:12+00:00,SF,1,1,6.81,2-0,15.0,-0.28,0.149,-0.193,1.82
2023,2,2026-10-09T19:55:12+00:00,DAL,2,2,6.39,2-0,30.0,-2.49,0.058,-0.522,1.82
2023,2,2026-10-09T19:55:12+00:00,BUF,3,3,5.87,1-1,11.0,-2.18,0.12,-0.154,1.82
2023,2,2026-10-09T19:55:12+00:00,KC,4,4,4.38,1-1,3.5,0.42,-0.0,-0.144,1.82
2023,2,2026-10-09T19:55:12+00:00,PHI,5,5,3.17,2-0,5.5,-0.4,-0.003,-0.061,1.82
2023,2,2026-10-09T19:55:12+00:00,GB,6,7,2.07,1-1,8.5,-3.34,0.104,-0.031,1.82
2023,2,2026-10-09T19:55:12+00:00,CIN,7,6,2.03,0-2,-12.0,0.75,-0.202,0.051,1.82
2023,2,2026-10-09T19:55:12+00:00,BAL,8,9,1.17,2-0,9.5,-1.95,0.094,-0.107,1.82
2023,2,2026-10-09T19:55:12+00:00,MIA,9,15,0.85,2-0,4.5,0.44,0.253,0.037,1.82
2023,2,2026-10-09T19:55:12+00:00,NO,10,14,0.61,2-0,2.0,-1.6,-0.027,-0.185,1.82
2023,2,2026-10-09T19:55:12+00:00,DET,11,8,0.61,1-1,-2.5,2.19,0.002,0.049,1.82
2023,2,2026-10-09T19:55:12+00:00,LAC,12,11,0.54,0-2,-2.5,-0.22,0.122,0.159,1.82
2023,2,2026-10-09T19:55:12+00:00,NE,13,10,0.33,0-2,-6.0,2.01,-0.142,0.025,1.82
2023,2,2026-10-09T19:55:12+00:00,CLE,14,13,0.33,1-1,8.5,0.68,-0.174,-0.429,1.82
2023,2,2026-10-09T19:55:12+00:00,JAX,15,12,0.23,1-1,1.0,0.12,-0.284,-0.127,1.82
2023,2,2026-10-09T19:55:12+00:00,LA,16,16,0.11,1-1,5.0,3.41,0.115,0.016,1.82
2023,2,2026-10-09T19:55:12+00:00,SEA,17,18,0.01,1-1,-5.5,0.36,0.068,0.116,1.82
2023,2,2026-10-09T19:55:12+00:00,TB,18,17,-0.19,2-0,6.5,-3.59,0.064,-0.148,1.82
2023,2,2026-10-09T19:55:12+00:00,WAS,19,19,-0.47,2-0,3.0,-2.96,-0.047,-0.109,1.82
2023,2,2026-10-09T19:55:12+00:00,ATL,20,20,-0.63,2-0,7.5,0.07,0.004,-0.109,1.82
2023,2,2026-10-09T19:55:12+00:00,PIT,21,21,-0.67,1-1,-9.5,3.57,-0.367,-0.025,1.82
2023,2,2026-10-09T19:55:12+00:00,MIN,22,23,-1.13,0-2,-4.5,1.49,-0.026,0.019,1.82
2023,2,2026-10-09T19:55:12+00:00,TEN,23,24,-1.28,1-1,1.0,0.58,-0.106,-0.001,1.82
2023,2,2026-10-09T19:55:12+00:00,CAR,24,26,-1.92,0-2,-8.5,-0.01,-0.208,-0.034,1.82
2023,2,2026-10-09T19:55:12+00:00,LV,25,22,-2.18,1-1,-13.5,1.55,-0.046,0.153,1.82
2023,2,2026-10-09T19:55:12+00:00,NYJ,26,25,-2.18,1-1,-7.0,6.13,-0.315,-0.005,1.82
2023,2,2026-10-09T19:55:12+00:00,DEN,27,27,-2.77,0-2,-1.5,-1.33,0.066,0.185,1.82
2023,2,2026-10-09T19:55:12+00:00,NYG,28,29,-2.79,1-1,-18.5,1.62,-0.119,0.119,1.82
2023,2,2026-10-09T19:55:12+00:00,ARI,29,28,-3.15,0-2,-3.5,-1.63,-0.087,-0.036,1.82
2023,2,2026-10-09T19:55:12+00:00,IND,30,30,-4.15,1-1,0.5,-2.86,-0.071,-0.125,1.82
2023,2,2026-10-09T19:55:12+00:00,HOU,31,31,-5.94,0-2,-13.5,-1.49,-0.145,0.101,1.82
2023,2,2026-10-09T19:55:12+00:00,CHI,32,32,-6.04,0-2,-14.0,0.94,-0.171,0.194,1.82
2023,3,2026-10-09T19:55:12+00:00,BUF,1,3,7.47,2-1,18.7,-2.22,0.152,-0.302,2.02
2023,3,2026-10-09T19:55:12+00:00,SF,2,1,6.99,3-0,16.0,-1.1,0.161,-0.206,2.02
2023,3,2026-10-09T19:55:12+00:00,KC,3,4,5.03,2-1,12.7,-2.31,0.078,-0.197,2.02
2023,3,2026-10-09T19:55:12+00:00,DAL,4,2,4.99,2-1,16.0,-2.51,0.06,-0.275,2.02
2023,3,2026-10-09T19:55:12+00:00,PHI,5,5,3.51,3-0,8.3,-0.4,0.028,-0.107,2.02
2023,3,2026-10-09T19:55:12+00:00,MIA,6,9,3.41,3-0,19.7,-1.08,0.388,-0.064,2.02
2023,3,2026-10-09T19:55:12+00:00,CIN,7,7,1.99,1-2,-7.0,0.77,-0.167,-0.009,2.02
2023,3,2026-10-09T19:55:12+00:00,GB,8,6,1.84,2-1,6.0,-2.49,0.067,-0.039,2.02
2023,3,2026-10-09T19:55:12+00:00,CLE,9,14,1.47,2-1,13.7,-0.19,-0.109,-0.432,2.02
2023,3,2026-10-09T19:55:12+00:00,DET,10,11,1.11,2-1,3.0,1.36,-0.004,-0.08,2.02
2023,3,2026-10-09T19:55:12+00:00,NE,11,13,1.04,1-2,-2.3,1.61,-0.097,-0.108,2.02
2023,3,2026-10-09T19:55:12+00:00,LAC,12,12,0.79,1-2,-0.3,-0.08,0.147,0.106,2.02
2023,3,2026-10-09T19:55:12+00:00,BAL,13,8,0.68,2-1,5.3,-1.97,0.014,-0.123,2.02
2023,3,2026-10-09T19:55:12+00:00,NO,14,10,0.64,2-1,1.0,-0.92,-0.036,-0.126,2.02
2023,3,2026-10-09T19:55:12+00:00,SEA,15,17,0.36,2-1,-0.3,-0.34,0.115,0.092,2.02
2023,3,2026-10-09T19:55:12+00:00,LA,16,16,0.15,1-2,2.3,3.11,0.033,-0.022,2.02
2023,3,2026-10-09T19:55:12+00:00,PIT,17,21,-0.24,2-1,-4.7,2.02,-0.239,-0.065,2.02
2023,3,2026-10-09T19:55:12+00:00,TB,18,18,-0.91,2-1,-0.3,-1.55,-0.023,-0.068,2.02
2023,3,2026-10-09T19:55:12+00:00,JAX,19,15,-1.22,1-2,-6.0,-0.95,-0.206,-0.011,2.02
2023,3,2026-10-09T19:55:12+00:00,ATL,20,20,-1.3,2-1,0.3,0.22,-0.11,-0.078,2.02
2023,3,2026-10-09T19:55:12+00:00,MIN,21,22,-1.33,0-3,-4.3,1.13,-0.017,0.078,2.02
2023,3,2026-10-09T19:55:12+00:00,NYJ,22,26,-2.08,1-2,-6.3,4.5,-0.334,-0.006,2.02
2023,3,2026-10-09T19:55:12+00:00,WAS,23,19,-2.19,2-1,-9.3,0.07,-0.231,-0.0,2.02
2023,3,2026-10-09T19:55:12+00:00,ARI,24,29,-2.21,1-2,1.7,-0.14,0.015,-0.003,2.02
2023,3,2026-10-09T19:55:12+00:00,CAR,25,24,-2.28,0-3,-9.0,-0.1,-0.124,0.047,2.02
2023,3,2026-10-09T19:55:12+00:00,TEN,26,23,-2.33,1-2,-7.3,0.97,-0.217,0.007,2.02
2023,3,2026-10-09T19:55:12+00:00,LV,27,25,-2.39,1-2,-10.7,0.73,-0.079,0.108,2.02
2023,3,2026-10-09T19:55:12+00:00,NYG,28,28,-3.22,1-2,-18.3,3.26,-0.157,0.141,2.02
2023,3,2026-10-09T19:55:12+00:00,IND,29,30,-3.51,2-1,1.3,-1.64,-0.099,-0.131,2.02
2023,3,2026-10-09T19:55:12+00:00,HOU,30,31,-4.37,1-2,-2.3,-1.35,-0.023,0.05,2.02
2023,3,2026-10-09T19:55:12+00:00,DEN,31,27,-5.06,0-3,-17.7,-0.39,-0.044,0.343,2.02
2023,3,2026-10-09T19:55:12+00:00,CHI,32,32,-6.82,0-3,-19.7,1.99,-0.214,0.208,2.02
2023,4,2026-10-09T19:55:12+00:00,BUF,1,1,8.22,3-1,21.0,-1.04,0.223,-0.23,2.06
2023,4,2026-10-09T19:55:12+00:00,SF,2,2,7.13,4-0,16.8,-1.92,0.246,-0.124,2.06
2023,4,2026-10-09T19:55:12+00:00,DAL,3,4,6.42,3-1,20.8,-2.24,0.073,-0.326,2.06
2023,4,2026-10-09T19:55:12+00:00,KC,4,3,5.01,3-1,10.2,-1.68,0.101,-0.142,2.06
2023,4,2026-10-09T19:55:12+00:00,PHI,5,5,3.22,4-0,7.0,-0.83,0.066,-0.03,2.06
2023,4,2026-10-09T19:55:12+00:00,MIA,6,6,2.02,3-1,7.8,0.96,0.288,0.061,2.06
2023,4,2026-10-09T19:55:12+00:00,DET,7,10,1.92,3-1,5.8,1.3,0.032,-0.115,2.06
2023,4,2026-10-09T19:55:12+00:00,BAL,8,13,1.75,3-1,10.2,-1.45,0.019,-0.221,2.06
2023,4,2026-10-09T19:55:12+00:00,SEA,9,15,1.43,3-1,5.0,-1.08,0.058,-0.044,2.06
2023,4,2026-10-09T19:55:12+00:00,LAC,10,12,0.94,2-2,1.5,-0.53,0.101,0.038,2.06
2023,4,2026-10-09T19:55:12+00:00,GB,11,8,0.9,2-2,1.0,-1.89,-0.005,0.005,2.06
2023,4,2026-10-09T19:55:12+00:00,LA,12,16,0.46,2-2,3.2,1.41,0.069,-0.011,2.06
2023,4,2026-10-09T19:55:12+00:00,CIN,13,7,0.37,1-3,-11.2,0.28,-0.183,0.043,2.06
2023,4,2026-10-09T19:55:12+00:00,JAX,14,19,0.05,2-2,-0.5,-0.76,-0.153,-0.084,2.06
2023,4,2026-10-09T19:55:12+00:00,TB,15,18,-0.01,3-1,4.0,-1.24,-0.005,-0.143,2.06
2023,4,2026-10-09T19:55:12+00:00,CLE,16,9,-0.26,2-2,4.0,-0.13,-0.21,-0.315,2.06
2023,4,2026-10-09T19:55:12+00:00,NO,17,14,-0.59,2-2,-3.5,-0.69,-0.119,-0.082,2.06
2023,4,2026-10-09T19:55:12+00:00,NE,18,11,-0.66,1-3,-10.5,2.43,-0.192,-0.052,2.06
2023,4,2026-10-09T19:55:12+00:00,MIN,19,21,-0.84,1-3,-1.2,0.34,-0.051,-0.006,2.06
2023,4,2026-10-09T19:55:12+00:00,TEN,20,26,-0.84,2-2,0.5,0.12,-0.112,-0.052,2.06
2023,4,2026-10-09T19:55:12+00:00,PIT,21,17,-1.79,2-2,-9.5,0.45,-0.25,-0.013,2.06
2023,4,2026-10-09T19:55:12+00:00,WAS,22,23,-1.8,2-2,-7.8,1.07,-0.122,0.044,2.06
2023,4,2026-10-09T19:55:12+00:00,NYJ,23,22,-1.94,1-3,-5.5,4.75,-0.246,0.038,2.06
2023,4,2026-10-09T19:55:12+00:00,ATL,24,20,-2.15,2-2,-3.8,0.02,-0.157,-0.057,2.06
2023,4,2026-10-09T19:55:12+00:00,LV,25,27,-2.45,1-3,-9.8,0.68,-0.101,0.072,2.06
2023,4,2026-10-09T19:55:12+00:00,ARI,26,24,-2.48,1-3,-3.5,1.96,0.042,0.123,2.06
2023,4,2026-10-09T19:55:12+00:00,HOU,27,30,-2.64,2-2,4.2,-0.82,0.017,-0.033,2.06
2023,4,2026-10-09T19:55:12+00:00,CAR,28,25,-2.79,0-4,-8.8,-0.54,-0.157,-0.003,2.06
2023,4,2026-10-09T19:55:12+00:00,IND,29,29,-3.28,2-2,-0.5,-0.1,-0.068,-0.055,2.06
2023,4,2026-10-09T19:55:12+00:00,NYG,30,28,-3.9,1-3,-19.0,3.12,-0.231,0.077,2.06
2023,4,2026-10-09T19:55:12+00:00,DEN,31,31,-4.68,1-3,-12.5,-2.24,0.054,0.282,2.06
2023,4,2026-10-09T19:55:12+00:00,CHI,32,32,-6.75,0-4,-15.5,0.3,-0.136,0.243,2.06
2023,5,2026-10-09T19:55:12+00:00,SF,1,2,8.38,5-0,19.8,-0.8,0.237,-0.188,1.9
2023,5,2026-10-09T19:55:12+00:00,BUF,2,1,7.18,3-2,15.8,-0.84,0.216,-0.157,1.9
2023,5,2026-10-09T19:55:12+00:00,KC,3,4,5.17,4-1,9.6,-0.92,0.115,-0.114,1.9
2023,5,2026-10-09T19:55:12+00:00,DAL,4,3,4.5,3-2,10.2,-0.67,-0.031,-0.22,1.9
2023,5,2026-10-09T19:55:12+00:00,PHI,5,5,3.35,5-0,7.4,-1.3,0.082,-0.024,1.9
2023,5,2026-10-09T19:55:12+00:00,DET,6,7,2.48,4-1,8.2,0.47,0.076,-0.108,1.9
2023,5,2026-10-09T19:55:12+00:00,MIA,7,6,2.12,4-1,9.2,-0.76,0.25,0.016,1.9
2023,5,2026-10-09T19:55:12+00:00,SEA,8,9,1.43,3-1,5.0,-1.2,0.058,-0.044,1.9
2023,5,2026-10-09T19:55:12+00:00,BAL,9,8,1.4,3-2,6.8,-1.14,-0.03,-0.182,1.9
2023,5,2026-10-09T19:55:12+00:00,NO,10,17,1.31,3-2,4.0,-1.16,-0.09,-0.222,1.9
2023,5,2026-10-09T19:55:12+00:00,CIN,11,13,0.99,2-3,-6.2,-0.58,-0.145,-0.024,1.9
2023,5,2026-10-09T19:55:12+00:00,LAC,12,10,0.92,2-2,1.5,-0.51,0.101,0.038,1.9
2023,5,2026-10-09T19:55:12+00:00,GB,13,11,0.78,2-3,0.0,-1.09,-0.042,-0.012,1.9
2023,5,2026-10-09T19:55:12+00:00,JAX,14,14,0.7,3-2,0.6,1.01,-0.096,-0.029,1.9
2023,5,2026-10-09T19:55:12+00:00,TB,15,15,0.23,3-1,4.0,-0.37,-0.005,-0.143,1.9
2023,5,2026-10-09T19:55:12+00:00,LA,16,12,0.12,2-3,0.8,2.26,0.054,0.021,1.9
2023,5,2026-10-09T19:55:12+00:00,CLE,17,16,-0.19,2-2,4.0,0.03,-0.21,-0.315,1.9
2023,5,2026-10-09T19:55:12+00:00,MIN,18,19,-0.96,1-4,-2.4,1.32,-0.041,0.03,1.9
2023,5,2026-10-09T19:55:12+00:00,TEN,19,20,-1.1,2-3,-1.0,0.04,-0.07,-0.001,1.9
2023,5,2026-10-09T19:55:12+00:00,PIT,20,21,-1.17,3-2,-6.2,1.0,-0.205,-0.056,1.9
2023,5,2026-10-09T19:55:12+00:00,NYJ,21,23,-1.63,2-3,-2.4,1.85,-0.196,-0.014,1.9
2023,5,2026-10-09T19:55:12+00:00,ATL,22,24,-1.96,3-2,-2.6,-0.32,-0.128,-0.059,1.9
2023,5,2026-10-09T19:55:12+00:00,LV,23,25,-2.09,2-3,-7.0,0.54,-0.097,0.02,1.9
2023,5,2026-10-09T19:55:12+00:00,HOU,24,27,-2.48,2-3,3.0,-0.78,0.001,-0.028,1.9
2023,5,2026-10-09T19:55:12+00:00,NE,25,18,-2.6,1-4,-15.2,1.93,-0.31,-0.037,1.9
2023,5,2026-10-09T19:55:12+00:00,IND,26,29,-2.86,3-2,1.0,-0.27,-0.013,-0.024,1.9
2023,5,2026-10-09T19:55:12+00:00,CAR,27,28,-3.09,0-5,-10.6,0.46,-0.141,0.048,1.9
2023,5,2026-10-09T19:55:12+00:00,ARI,28,26,-3.15,1-4,-5.6,1.25,-0.025,0.1,1.9
2023,5,2026-10-09T19:55:12+00:00,WAS,29,22,-3.28,2-3,-10.2,-0.56,-0.118,0.097,1.9
2023,5,2026-10-09T19:55:12+00:00,NYG,30,30,-4.32,1-4,-18.2,2.65,-0.218,0.081,1.9
2023,5,2026-10-09T19:55:12+00:00,DEN,31,31,-4.99,1-4,-12.0,-2.02,-0.001,0.226,1.9
2023,5,2026-10-09T19:55:12+00:00,CHI,32,32,-5.19,1-4,-8.4,-0.42,-0.047,0.174,1.9
2023,6,2026-10-09T19:55:12+00:00,SF,1,1,7.64,5-1,16.2,-0.55,0.165,-0.189,2.05
2023,6,2026-10-09T19:55:12+00:00,BUF,2,2,6.69,4-2,14.0,-0.89,0.177,-0.157,2.05
2023,6,2026-10-09T19:55:12+00:00,KC,3,3,5.07,5-1,9.8,-1.24,0.091,-0.148,2.05
2023,6,2026-10-09T19:55:12+00:00,DAL,4,4,4.48,4-2,9.0,-0.44,-0.013,-0.202,2.05
2023,6,2026-10-09T19:55:12+00:00,DET,5,6,3.05,5-1,9.2,0.01,0.088,-0.13,2.05
2023,6,2026-10-09T19:55:12+00:00,PHI,6,5,2.85,5-1,5.2,-1.2,0.048,-0.043,2.05
2023,6,2026-10-09T19:55:12+00:00,MIA,7,7,2.82,5-1,11.2,-1.22,0.238,-0.01,2.05
2023,6,2026-10-09T19:55:12+00:00,BAL,8,9,1.71,4-2,7.0,-1.03,-0.021,-0.185,2.05
2023,6,2026-10-09T19:55:12+00:00,JAX,9,14,1.28,4-2,3.3,0.13,-0.092,-0.059,2.05
2023,6,2026-10-09T19:55:12+00:00,SEA,10,8,1.25,3-2,3.2,-0.57,0.033,-0.055,2.05
2023,6,2026-10-09T19:55:12+00:00,CIN,11,11,1.11,3-3,-4.5,-0.21,-0.137,-0.031,2.05
2023,6,2026-10-09T19:55:12+00:00,LAC,12,12,0.86,2-3,0.6,0.64,0.059,0.045,2.05
2023,6,2026-10-09T19:55:12+00:00,GB,13,13,0.81,2-3,0.0,-1.2,-0.042,-0.012,2.05
2023,6,2026-10-09T19:55:12+00:00,NO,14,10,0.65,3-3,2.2,-1.59,-0.069,-0.191,2.05
2023,6,2026-10-09T19:55:12+00:00,LA,15,16,0.58,3-3,3.5,0.97,0.069,-0.026,2.05
2023,6,2026-10-09T19:55:12+00:00,CLE,16,17,0.29,3-2,3.6,1.61,-0.207,-0.291,2.05
2023,6,2026-10-09T19:55:12+00:00,TB,17,15,-0.7,3-2,0.4,0.11,-0.053,-0.085,2.05
2023,6,2026-10-09T19:55:12+00:00,MIN,18,18,-0.79,2-4,-1.0,-0.15,-0.067,-0.036,2.05
2023,6,2026-10-09T19:55:12+00:00,NYJ,19,21,-1.08,3-3,-1.0,1.97,-0.186,-0.032,2.05
2023,6,2026-10-09T19:55:12+00:00,PIT,20,20,-1.11,3-2,-6.2,1.15,-0.205,-0.056,2.05
2023,6,2026-10-09T19:55:12+00:00,TEN,21,19,-1.31,2-4,-2.2,0.23,-0.091,0.003,2.05
2023,6,2026-10-09T19:55:12+00:00,HOU,22,24,-1.93,3-3,3.7,-0.54,-0.005,-0.018,2.05
2023,6,2026-10-09T19:55:12+00:00,LV,23,23,-1.97,3-3,-5.2,-0.0,-0.079,0.016,2.05
2023,6,2026-10-09T19:55:12+00:00,ATL,24,22,-2.56,3-3,-3.5,-0.54,-0.135,-0.054,2.05
2023,6,2026-10-09T19:55:12+00:00,NE,25,25,-2.58,1-5,-13.3,1.29,-0.259,-0.029,2.05
2023,6,2026-10-09T19:55:12+00:00,WAS,26,29,-2.65,3-3,-7.2,-1.11,-0.104,0.052,2.05
2023,6,2026-10-09T19:55:12+00:00,IND,27,26,-3.25,3-3,-2.0,0.27,-0.046,-0.032,2.05
2023,6,2026-10-09T19:55:12+00:00,ARI,28,28,-3.75,1-5,-7.5,1.23,-0.065,0.106,2.05
2023,6,2026-10-09T19:55:12+00:00,NYG,29,30,-3.76,1-5,-16.0,3.19,-0.207,0.065,2.05
2023,6,2026-10-09T19:55:12+00:00,CAR,30,27,-3.81,0-6,-12.3,0.74,-0.142,0.07,2.05
2023,6,2026-10-09T19:55:12+00:00,DEN,31,31,-4.7,1-5,-11.8,-0.5,-0.054,0.183,2.05
2023,6,2026-10-09T19:55:12+00:00,CHI,32,32,-5.19,1-5,-8.0,-0.49,-0.1,0.113,2.05
2023,7,2026-10-09T19:55:12+00:00,SF,1,1,6.76,5-2,13.1,-0.45,0.153,-0.139,2.48
2023,7,2026-10-09T19:55:12+00:00,BUF,2,2,5.88,4-3,11.4,-1.19,0.175,-0.112,2.48
2023,7,2026-10-09T19:55:12+00:00,KC,3,3,5.3,6-1,10.4,-0.89,0.115,-0.12,2.48
2023,7,2026-10-09T19:55:12+00:00,DAL,4,4,4.39,4-2,9.0,-0.55,-0.013,-0.202,2.48
2023,7,2026-10-09T19:55:12+00:00,BAL,5,8,3.42,5-2,10.6,-0.46,0.049,-0.181,2.48
2023,7,2026-10-09T19:55:12+00:00,PHI,6,6,3.4,6-1,6.4,-0.74,0.057,-0.058,2.48
2023,7,2026-10-09T19:55:12+00:00,MIA,7,7,2.11,5-2,7.6,-0.56,0.182,0.006,2.48
2023,7,2026-10-09T19:55:12+00:00,JAX,8,9,1.72,5-2,3.9,0.21,-0.085,-0.069,2.48
2023,7,2026-10-09T19:55:12+00:00,DET,9,5,1.41,5-2,3.3,0.45,0.053,-0.044,2.48
2023,7,2026-10-09T19:55:12+00:00,CIN,10,11,1.23,3-3,-4.5,-0.02,-0.137,-0.031,2.48
2023,7,2026-10-09T19:55:12+00:00,SEA,11,10,1.17,4-2,4.3,-1.41,0.031,-0.082,2.48
2023,7,2026-10-09T19:55:12+00:00,CLE,12,16,0.38,4-2,3.2,1.15,-0.2,-0.251,2.48
2023,7,2026-10-09T19:55:12+00:00,GB,13,13,0.38,2-4,-0.3,-1.99,-0.012,0.005,2.48
2023,7,2026-10-09T19:55:12+00:00,LAC,14,12,0.36,2-4,-1.8,1.26,0.057,0.08,2.48
2023,7,2026-10-09T19:55:12+00:00,NO,15,14,0.23,3-4,0.9,-1.11,-0.078,-0.17,2.48
2023,7,2026-10-09T19:55:12+00:00,LA,16,15,-0.08,3-4,2.0,0.76,0.053,-0.014,2.48
2023,7,2026-10-09T19:55:12+00:00,MIN,17,18,-0.19,3-4,-0.1,0.97,-0.034,-0.019,2.48
2023,7,2026-10-09T19:55:12+00:00,PIT,18,20,-0.36,4-2,-4.0,0.98,-0.161,-0.054,2.48
2023,7,2026-10-09T19:55:12+00:00,NYJ,19,19,-1.06,3-3,-1.0,2.09,-0.186,-0.032,2.48
2023,7,2026-10-09T19:55:12+00:00,TB,20,17,-1.12,3-3,-0.2,-0.25,-0.066,-0.078,2.48
2023,7,2026-10-09T19:55:12+00:00,TEN,21,21,-1.15,2-4,-2.2,0.44,-0.091,0.003,2.48
2023,7,2026-10-09T19:55:12+00:00,HOU,22,22,-1.73,3-3,3.7,-0.04,-0.005,-0.018,2.48
2023,7,2026-10-09T19:55:12+00:00,NE,23,25,-2.09,2-5,-10.9,1.72,-0.2,-0.002,2.48
2023,7,2026-10-09T19:55:12+00:00,ATL,24,24,-2.22,4-3,-2.6,-0.84,-0.123,-0.065,2.48
2023,7,2026-10-09T19:55:12+00:00,WAS,25,26,-2.78,3-4,-7.1,-1.24,-0.122,0.037,2.48
2023,7,2026-10-09T19:55:12+00:00,LV,26,23,-2.89,3-4,-7.0,-0.61,-0.101,0.041,2.48
2023,7,2026-10-09T19:55:12+00:00,IND,27,27,-3.01,3-4,-1.9,0.61,-0.046,-0.051,2.48
2023,7,2026-10-09T19:55:12+00:00,NYG,28,29,-3.37,2-5,-12.7,1.95,-0.185,0.023,2.48
2023,7,2026-10-09T19:55:12+00:00,CAR,29,30,-3.77,0-6,-12.3,0.42,-0.142,0.07,2.48
2023,7,2026-10-09T19:55:12+00:00,ARI,30,28,-3.89,1-6,-7.9,1.05,-0.086,0.094,2.48
2023,7,2026-10-09T19:55:12+00:00,CHI,31,32,-4.12,2-5,-4.3,-0.8,-0.059,0.062,2.48
2023,7,2026-10-09T19:55:12+00:00,DEN,32,31,-4.33,2-5,-9.9,-0.43,-0.033,0.176,2.48
2023,8,2026-10-09T19:55:12+00:00,BUF,1,2,5.51,5-3,10.8,-1.11,0.165,-0.107,2.46
2023,8,2026-10-09T19:55:12+00:00,SF,2,1,5.42,5-3,9.8,-0.13,0.13,-0.093,2.46
2023,8,2026-10-09T19:55:12+00:00,DAL,3,4,5.09,5-2,11.0,-0.75,0.012,-0.195,2.46
2023,8,2026-10-09T19:55:12+00:00,KC,4,3,4.18,6-2,7.2,-0.82,0.061,-0.114,2.46
2023,8,2026-10-09T19:55:12+00:00,PHI,5,6,3.5,7-1,6.5,-0.97,0.073,-0.043,2.46
2023,8,2026-10-09T19:55:12+00:00,BAL,6,5,3.49,6-2,10.1,-0.85,0.047,-0.182,2.46
2023,8,2026-10-09T19:55:12+00:00,MIA,7,7,2.46,6-2,8.4,-0.61,0.17,-0.018,2.46
2023,8,2026-10-09T19:55:12+00:00,CIN,8,10,2.36,4-3,-1.9,0.63,-0.085,-0.031,2.46
2023,8,2026-10-09T19:55:12+00:00,JAX,9,8,2.16,6-2,4.6,-0.16,-0.086,-0.09,2.46
2023,8,2026-10-09T19:55:12+00:00,DET,10,9,1.59,6-2,4.4,-0.18,0.03,-0.104,2.46
2023,8,2026-10-09T19:55:12+00:00,SEA,11,11,1.11,5-2,4.3,-1.09,0.036,-0.082,2.46
2023,8,2026-10-09T19:55:12+00:00,LAC,12,14,0.88,3-4,0.9,0.52,0.046,0.047,2.46
2023,8,2026-10-09T19:55:12+00:00,NO,13,15,0.77,4-4,2.1,-1.38,-0.026,-0.142,2.46
2023,8,2026-10-09T19:55:12+00:00,MIN,14,17,0.56,4-4,1.6,0.58,-0.006,-0.047,2.46
2023,8,2026-10-09T19:55:12+00:00,CLE,15,12,0.31,4-3,2.1,1.01,-0.183,-0.205,2.46
2023,8,2026-10-09T19:55:12+00:00,GB,16,13,-0.49,2-5,-2.3,-1.45,-0.045,0.031,2.46
2023,8,2026-10-09T19:55:12+00:00,NYJ,17,19,-0.81,4-3,-0.4,1.33,-0.219,-0.08,2.46
2023,8,2026-10-09T19:55:12+00:00,TB,18,20,-0.86,3-4,-1.0,0.75,-0.067,-0.053,2.46
2023,8,2026-10-09T19:55:12+00:00,TEN,19,21,-0.93,3-4,-1.1,0.32,-0.068,-0.004,2.46
2023,8,2026-10-09T19:55:12+00:00,PIT,20,18,-0.98,4-3,-4.9,0.78,-0.173,-0.059,2.46
2023,8,2026-10-09T19:55:12+00:00,LA,21,16,-1.0,3-5,-1.1,1.14,0.027,0.008,2.46
2023,8,2026-10-09T19:55:12+00:00,HOU,22,22,-1.73,3-4,2.9,-0.52,-0.01,-0.037,2.46
2023,8,2026-10-09T19:55:12+00:00,ATL,23,24,-2.19,4-4,-2.9,-0.82,-0.114,-0.049,2.46
2023,8,2026-10-09T19:55:12+00:00,NE,24,23,-2.35,2-6,-11.2,1.97,-0.199,0.008,2.46
2023,8,2026-10-09T19:55:12+00:00,WAS,25,25,-2.87,3-5,-7.1,-0.6,-0.098,0.056,2.46
2023,8,2026-10-09T19:55:12+00:00,LV,26,26,-3.19,3-5,-7.6,-0.44,-0.154,0.019,2.46
2023,8,2026-10-09T19:55:12+00:00,DEN,27,32,-3.21,3-5,-6.8,-0.13,-0.038,0.115,2.46
2023,8,2026-10-09T19:55:12+00:00,IND,28,27,-3.41,3-5,-3.0,0.65,-0.035,-0.003,2.46
2023,8,2026-10-09T19:55:12+00:00,NYG,29,28,-3.44,2-6,-11.5,1.49,-0.209,-0.032,2.46
2023,8,2026-10-09T19:55:12+00:00,CAR,30,29,-3.45,1-6,-10.3,0.36,-0.144,0.055,2.46
2023,8,2026-10-09T19:55:12+00:00,ARI,31,30,-3.97,1-7,-7.8,1.27,-0.099,0.087,2.46
2023,8,2026-10-09T19:55:12+00:00,CHI,32,31,-4.51,2-6,-5.9,-0.62,-0.07,0.052,2.46
2023,9,2026-10-09T19:55:12+00:00,SF,1,2,5.11,5-3,9.8,-0.32,0.13,-0.093,2.73
2023,9,2026-10-09T19:55:12+00:00,BAL,2,6,4.99,7-2,12.8,-0.58,0.063,-0.211,2.73
2023,9,2026-10-09T19:55:12+00:00,BUF,3,1,4.88,5-4,8.9,-0.88,0.152,-0.075,2.73
2023,9,2026-10-09T19:55:12+00:00,DAL,4,3,4.61,5-3,9.0,-0.69,0.026,-0.147,2.73
2023,9,2026-10-09T19:55:12+00:00,KC,5,4,4.42,7-2,7.2,-0.41,0.056,-0.116,2.73
2023,9,2026-10-09T19:55:12+00:00,PHI,6,5,3.47,8-1,6.3,-0.59,0.086,-0.024,2.73
2023,9,2026-10-09T19:55:12+00:00,CIN,7,8,2.67,5-3,-0.9,1.03,-0.051,-0.022,2.73
2023,9,2026-10-09T19:55:12+00:00,JAX,8,9,2.23,6-2,4.6,0.12,-0.086,-0.09,2.73
2023,9,2026-10-09T19:55:12+00:00,LAC,9,12,2.11,4-4,3.4,0.36,0.025,-0.005,2.73
2023,9,2026-10-09T19:55:12+00:00,MIA,10,7,2.0,6-3,6.7,-0.27,0.137,-0.014,2.73
2023,9,2026-10-09T19:55:12+00:00,DET,11,10,1.57,6-2,4.4,-0.05,0.03,-0.104,2.73
2023,9,2026-10-09T19:55:12+00:00,CLE,12,15,1.48,5-3,5.2,0.42,-0.17,-0.28,2.73
2023,9,2026-10-09T19:55:12+00:00,NO,13,13,0.76,5-4,2.7,-1.58,-0.03,-0.137,2.73
2023,9,2026-10-09T19:55:12+00:00,MIN,14,14,0.74,5-4,1.8,0.41,-0.009,-0.055,2.73
2023,9,2026-10-09T19:55:12+00:00,GB,15,16,0.31,3-5,0.1,-1.26,-0.041,-0.029,2.73
2023,9,2026-10-09T19:55:12+00:00,PIT,16,20,-0.62,5-3,-3.8,0.98,-0.135,-0.052,2.73
2023,9,2026-10-09T19:55:12+00:00,SEA,17,11,-0.69,5-3,-0.5,-0.63,-0.024,-0.048,2.73
2023,9,2026-10-09T19:55:12+00:00,TEN,18,19,-0.7,3-5,-1.5,0.85,-0.06,0.012,2.73
2023,9,2026-10-09T19:55:12+00:00,TB,19,18,-0.93,3-5,-1.1,0.43,-0.04,-0.009,2.73
2023,9,2026-10-09T19:55:12+00:00,HOU,20,22,-1.55,4-4,2.8,-0.32,0.029,-0.014,2.73
2023,9,2026-10-09T19:55:12+00:00,LA,21,21,-1.79,3-6,-2.9,0.83,-0.026,0.006,2.73
2023,9,2026-10-09T19:55:12+00:00,LV,22,26,-1.89,4-5,-4.1,-0.69,-0.137,-0.027,2.73
2023,9,2026-10-09T19:55:12+00:00,NYJ,23,17,-2.12,4-4,-3.0,1.15,-0.238,-0.085,2.73
2023,9,2026-10-09T19:55:12+00:00,ATL,24,23,-2.27,4-5,-2.9,-0.58,-0.114,-0.048,2.73
2023,9,2026-10-09T19:55:12+00:00,IND,25,28,-2.34,4-5,-1.1,0.37,-0.042,-0.036,2.73
2023,9,2026-10-09T19:55:12+00:00,WAS,26,25,-2.58,4-5,-6.0,-1.11,-0.083,0.04,2.73
2023,9,2026-10-09T19:55:12+00:00,NE,27,24,-2.69,2-7,-10.3,1.24,-0.186,0.012,2.73
2023,9,2026-10-09T19:55:12+00:00,DEN,28,27,-3.01,3-5,-6.8,0.05,-0.038,0.115,2.73
2023,9,2026-10-09T19:55:12+00:00,CHI,29,32,-4.19,2-7,-6.0,-0.01,-0.073,0.039,2.73
2023,9,2026-10-09T19:55:12+00:00,CAR,30,30,-4.33,1-7,-10.8,-0.22,-0.163,0.035,2.73
2023,9,2026-10-09T19:55:12+00:00,NYG,31,29,-4.61,2-7,-12.9,0.48,-0.229,-0.028,2.73
2023,9,2026-10-09T19:55:12+00:00,ARI,32,31,-5.03,1-8,-9.9,1.02,-0.178,0.068,2.73
2023,10,2026-10-09T19:55:12+00:00,SF,1,1,6.68,6-3,12.1,-0.14,0.151,-0.135,2.58
2023,10,2026-10-09T19:55:12+00:00,DAL,2,4,5.55,6-3,11.6,-1.15,0.057,-0.158,2.58
2023,10,2026-10-09T19:55:12+00:00,BAL,3,2,4.4,7-3,11.3,-0.3,0.04,-0.182,2.58
2023,10,2026-10-09T19:55:12+00:00,KC,4,5,4.31,7-2,7.2,-0.42,0.056,-0.116,2.58
2023,10,2026-10-09T19:55:12+00:00,BUF,5,3,3.97,5-5,7.8,-1.3,0.13,-0.067,2.58
2023,10,2026-10-09T19:55:12+00:00,PHI,6,6,3.43,8-1,6.3,-0.37,0.086,-0.024,2.58
2023,10,2026-10-09T19:55:12+00:00,CIN,7,7,2.05,5-4,-1.1,0.83,-0.045,-0.009,2.58
2023,10,2026-10-09T19:55:12+00:00,CLE,8,12,1.86,6-3,4.9,0.89,-0.142,-0.268,2.58
2023,10,2026-10-09T19:55:12+00:00,MIA,9,10,1.86,6-3,6.7,-0.46,0.137,-0.014,2.58
2023,10,2026-10-09T19:55:12+00:00,DET,10,11,1.84,7-2,4.2,0.17,0.076,-0.07,2.58
2023,10,2026-10-09T19:55:12+00:00,LAC,11,9,1.77,4-5,2.7,0.58,0.045,0.045,2.58
2023,10,2026-10-09T19:55:12+00:00,MIN,12,14,1.07,6-4,2.4,0.62,0.001,-0.055,2.58
2023,10,2026-10-09T19:55:12+00:00,NO,13,13,0.46,5-5,1.6,-1.42,-0.032,-0.114,2.58
2023,10,2026-10-09T19:55:12+00:00,JAX,14,8,0.44,6-3,0.7,0.78,-0.129,-0.044,2.58
2023,10,2026-10-09T19:55:12+00:00,GB,15,15,0.26,3-6,-0.3,-1.02,-0.029,-0.021,2.58
2023,10,2026-10-09T19:55:12+00:00,TB,16,19,-0.27,4-5,0.6,0.22,-0.03,-0.038,2.58
2023,10,2026-10-09T19:55:12+00:00,PIT,17,16,-0.56,6-3,-2.9,0.86,-0.115,-0.039,2.58
2023,10,2026-10-09T19:55:12+00:00,SEA,18,17,-0.7,6-3,-0.1,-0.9,-0.011,-0.031,2.58
2023,10,2026-10-09T19:55:12+00:00,HOU,19,20,-1.09,5-4,2.8,-0.24,0.037,-0.012,2.58
2023,10,2026-10-09T19:55:12+00:00,TEN,20,18,-1.41,3-6,-2.9,0.58,-0.083,0.017,2.58
2023,10,2026-10-09T19:55:12+00:00,LA,21,21,-1.6,3-6,-2.9,1.09,-0.026,0.006,2.58
2023,10,2026-10-09T19:55:12+00:00,LV,22,22,-1.8,5-5,-3.3,-0.95,-0.142,-0.037,2.58
2023,10,2026-10-09T19:55:12+00:00,NYJ,23,23,-2.22,4-5,-3.1,0.74,-0.226,-0.096,2.58
2023,10,2026-10-09T19:55:12+00:00,IND,24,25,-2.24,5-5,-0.6,-0.35,-0.04,-0.032,2.58
2023,10,2026-10-09T19:55:12+00:00,ATL,25,24,-2.27,4-6,-2.8,-1.04,-0.106,-0.043,2.58
2023,10,2026-10-09T19:55:12+00:00,DEN,26,28,-2.27,4-5,-5.8,0.47,-0.034,0.095,2.58
2023,10,2026-10-09T19:55:12+00:00,WAS,27,26,-2.42,4-6,-5.7,-1.14,-0.064,0.045,2.58
2023,10,2026-10-09T19:55:12+00:00,NE,28,27,-2.87,2-8,-9.7,0.84,-0.168,0.009,2.58
2023,10,2026-10-09T19:55:12+00:00,CHI,29,29,-4.0,3-7,-5.1,-0.3,-0.072,0.022,2.58
2023,10,2026-10-09T19:55:12+00:00,CAR,30,30,-4.14,1-8,-9.9,-0.56,-0.16,0.025,2.58
2023,10,2026-10-09T19:55:12+00:00,ARI,31,32,-4.64,2-8,-8.7,0.81,-0.16,0.058,2.58
2023,10,2026-10-09T19:55:12+00:00,NYG,32,31,-5.45,2-8,-14.8,1.18,-0.231,0.006,2.58
2023,11,2026-10-09T19:55:12+00:00,SF,1,1,6.71,7-3,12.2,0.05,0.157,-0.133,2.58
2023,11,2026-10-09T19:55:12+00:00,DAL,2,2,6.33,7-3,12.7,-1.32,0.07,-0.172,2.58
2023,11,2026-10-09T19:55:12+00:00,BUF,3,5,4.74,6-5,9.5,-1.45,0.127,-0.096,2.58
2023,11,2026-10-09T19:55:12+00:00,BAL,4,3,4.67,8-3,11.5,-0.28,0.052,-0.16,2.58
2023,11,2026-10-09T19:55:12+00:00,KC,5,4,3.76,7-3,6.1,-0.02,0.037,-0.106,2.58
2023,11,2026-10-09T19:55:12+00:00,PHI,6,6,3.73,9-1,6.1,-0.1,0.075,-0.035,2.58
2023,11,2026-10-09T19:55:12+00:00,MIA,7,9,1.86,7-3,6.7,-0.49,0.113,-0.038,2.58
2023,11,2026-10-09T19:55:12+00:00,CLE,8,8,1.68,7-3,4.7,0.72,-0.141,-0.252,2.58
2023,11,2026-10-09T19:55:12+00:00,DET,9,10,1.58,8-2,4.3,-0.36,0.076,-0.061,2.58
2023,11,2026-10-09T19:55:12+00:00,LAC,10,11,1.55,4-6,2.1,0.41,0.047,0.049,2.58
2023,11,2026-10-09T19:55:12+00:00,CIN,11,7,1.48,5-5,-2.4,1.25,-0.036,0.009,2.58
2023,11,2026-10-09T19:55:12+00:00,JAX,12,14,1.26,7-3,2.6,0.53,-0.097,-0.036,2.58
2023,11,2026-10-09T19:55:12+00:00,MIN,13,12,0.95,6-5,2.1,0.26,-0.0,-0.053,2.58
2023,11,2026-10-09T19:55:12+00:00,NO,14,13,0.42,5-5,1.6,-1.48,-0.032,-0.114,2.58
2023,11,2026-10-09T19:55:12+00:00,GB,15,15,0.35,4-6,0.0,-0.75,-0.018,-0.012,2.58
2023,11,2026-10-09T19:55:12+00:00,PIT,16,17,-0.45,6-4,-2.9,0.97,-0.115,-0.049,2.58
2023,11,2026-10-09T19:55:12+00:00,TB,17,16,-0.49,4-6,-0.8,0.87,-0.038,-0.013,2.58
2023,11,2026-10-09T19:55:12+00:00,SEA,18,18,-0.69,6-4,-0.2,-1.04,-0.01,-0.044,2.58
2023,11,2026-10-09T19:55:12+00:00,HOU,19,19,-1.14,6-4,3.0,-0.68,0.028,-0.017,2.58
2023,11,2026-10-09T19:55:12+00:00,LA,20,21,-1.54,4-6,-2.5,1.02,-0.04,0.005,2.58
2023,11,2026-10-09T19:55:12+00:00,LV,21,22,-1.76,5-6,-3.6,-0.58,-0.152,-0.043,2.58
2023,11,2026-10-09T19:55:12+00:00,IND,22,24,-2.14,5-5,-0.6,-0.32,-0.04,-0.032,2.58
2023,11,2026-10-09T19:55:12+00:00,TEN,23,20,-2.18,3-7,-4.6,0.57,-0.071,0.034,2.58
2023,11,2026-10-09T19:55:12+00:00,DEN,24,26,-2.19,5-5,-5.1,0.38,-0.034,0.083,2.58
2023,11,2026-10-09T19:55:12+00:00,ATL,25,25,-2.29,4-6,-2.8,-1.2,-0.106,-0.043,2.58
2023,11,2026-10-09T19:55:12+00:00,NE,26,28,-2.76,2-8,-9.7,0.9,-0.168,0.009,2.58
2023,11,2026-10-09T19:55:12+00:00,NYJ,27,23,-2.96,4-6,-5.4,1.38,-0.241,-0.077,2.58
2023,11,2026-10-09T19:55:12+00:00,WAS,28,27,-3.08,4-7,-6.3,-1.14,-0.074,0.039,2.58
2023,11,2026-10-09T19:55:12+00:00,CHI,29,29,-3.78,3-8,-5.1,-0.34,-0.064,0.026,2.58
2023,11,2026-10-09T19:55:12+00:00,NYG,30,32,-4.33,3-8,-12.4,0.91,-0.212,-0.01,2.58
2023,11,2026-10-09T19:55:12+00:00,ARI,31,31,-4.43,2-9,-8.4,0.71,-0.151,0.048,2.58
2023,11,2026-10-09T19:55:12+00:00,CAR,32,30,-4.87,1-9,-11.2,0.11,-0.174,0.04,2.58
2023,12,2026-10-09T19:55:12+00:00,DAL,1,2,7.35,8-3,14.7,-1.62,0.105,-0.177,2.3
2023,12,2026-10-09T19:55:12+00:00,SF,2,1,7.14,8-3,12.7,-0.11,0.153,-0.145,2.3
2023,12,2026-10-09T19:55:12+00:00,BAL,3,4,4.85,9-3,11.4,-0.56,0.05,-0.172,2.3
2023,12,2026-10-09T19:55:12+00:00,BUF,4,3,4.47,6-6,8.4,-1.18,0.13,-0.085,2.3
2023,12,2026-10-09T19:55:12+00:00,KC,5,5,4.33,8-3,6.8,-0.08,0.058,-0.099,2.3
2023,12,2026-10-09T19:55:12+00:00,PHI,6,6,3.72,10-1,5.8,0.31,0.072,-0.017,2.3
2023,12,2026-10-09T19:55:12+00:00,MIA,7,7,2.8,8-3,8.0,-0.74,0.106,-0.069,2.3
2023,12,2026-10-09T19:55:12+00:00,JAX,8,12,1.48,8-3,2.6,0.55,-0.084,-0.028,2.3
2023,12,2026-10-09T19:55:12+00:00,LAC,9,10,1.1,4-7,1.0,0.96,0.015,0.047,2.3
2023,12,2026-10-09T19:55:12+00:00,DET,10,9,1.0,8-3,3.3,-0.19,0.056,-0.042,2.3
2023,12,2026-10-09T19:55:12+00:00,GB,11,15,0.98,5-6,0.6,-0.46,-0.003,-0.024,2.3
2023,12,2026-10-09T19:55:12+00:00,CIN,12,11,0.84,5-6,-2.7,1.06,-0.047,0.016,2.3
2023,12,2026-10-09T19:55:12+00:00,CLE,13,8,0.63,7-4,2.7,0.56,-0.154,-0.231,2.3
2023,12,2026-10-09T19:55:12+00:00,MIN,14,13,0.56,6-6,1.8,0.17,-0.043,-0.059,2.3
2023,12,2026-10-09T19:55:12+00:00,PIT,15,16,0.09,7-4,-2.1,0.98,-0.097,-0.059,2.3
2023,12,2026-10-09T19:55:12+00:00,NO,16,14,-0.11,5-6,0.6,-1.42,-0.033,-0.099,2.3
2023,12,2026-10-09T19:55:12+00:00,LA,17,20,-0.28,5-6,-0.2,0.43,-0.006,-0.008,2.3
2023,12,2026-10-09T19:55:12+00:00,TB,18,17,-0.83,4-7,-1.4,0.6,-0.042,-0.004,2.3
2023,12,2026-10-09T19:55:12+00:00,DEN,19,24,-1.1,6-5,-3.1,0.42,-0.034,0.05,2.3
2023,12,2026-10-09T19:55:12+00:00,HOU,20,19,-1.28,6-5,2.5,-0.54,0.031,-0.012,2.3
2023,12,2026-10-09T19:55:12+00:00,SEA,21,18,-1.4,6-5,-1.8,-0.43,-0.033,-0.03,2.3
2023,12,2026-10-09T19:55:12+00:00,IND,22,22,-1.72,6-5,0.1,-0.33,-0.029,-0.037,2.3
2023,12,2026-10-09T19:55:12+00:00,ATL,23,25,-1.85,5-6,-1.7,-1.33,-0.092,-0.043,2.3
2023,12,2026-10-09T19:55:12+00:00,TEN,24,23,-2.01,4-7,-3.5,-0.03,-0.061,0.019,2.3
2023,12,2026-10-09T19:55:12+00:00,LV,25,21,-2.18,5-7,-4.5,-0.04,-0.141,-0.017,2.3
2023,12,2026-10-09T19:55:12+00:00,NE,26,26,-2.83,2-9,-9.1,0.44,-0.167,-0.014,2.3
2023,12,2026-10-09T19:55:12+00:00,CHI,27,29,-3.29,4-8,-4.5,-0.39,-0.068,-0.019,2.3
2023,12,2026-10-09T19:55:12+00:00,NYJ,28,27,-3.85,4-7,-6.8,1.63,-0.254,-0.066,2.3
2023,12,2026-10-09T19:55:12+00:00,WAS,29,28,-4.18,4-8,-8.7,-0.42,-0.086,0.074,2.3
2023,12,2026-10-09T19:55:12+00:00,NYG,30,30,-4.21,4-8,-11.1,0.42,-0.214,-0.023,2.3
2023,12,2026-10-09T19:55:12+00:00,CAR,31,32,-4.78,1-10,-10.8,0.0,-0.17,0.04,2.3
2023,12,2026-10-09T19:55:12+00:00,ARI,32,31,-5.45,2-10,-9.6,0.61,-0.15,0.072,2.3
2023,13,2026-10-09T19:55:12+00:00,SF,1,2,8.13,9-3,13.6,0.1,0.184,-0.128,1.89
2023,13,2026-10-09T19:55:12+00:00,DAL,2,1,6.81,9-3,14.0,-1.49,0.111,-0.151,1.89
2023,13,2026-10-09T19:55:12+00:00,BAL,3,3,4.68,9-3,11.4,-0.54,0.05,-0.172,1.89
2023,13,2026-10-09T19:55:12+00:00,BUF,4,4,4.26,6-6,8.4,-1.37,0.13,-0.085,1.89
2023,13,2026-10-09T19:55:12+00:00,MIA,5,7,3.98,9-3,9.8,-1.32,0.131,-0.078,1.89
2023,13,2026-10-09T19:55:12+00:00,KC,6,5,3.69,8-4,5.6,0.03,0.068,-0.065,1.89
2023,13,2026-10-09T19:55:12+00:00,PHI,7,6,2.32,10-2,3.4,0.78,0.071,0.029,1.89
2023,13,2026-10-09T19:55:12+00:00,GB,8,11,1.48,6-6,1.2,-0.04,0.022,-0.007,1.89
2023,13,2026-10-09T19:55:12+00:00,DET,9,10,1.38,9-3,3.4,-0.07,0.064,-0.042,1.89
2023,13,2026-10-09T19:55:12+00:00,LAC,10,9,1.34,5-7,1.4,0.67,0.002,0.02,1.89
2023,13,2026-10-09T19:55:12+00:00,JAX,11,8,1.12,8-4,2.2,0.57,-0.062,-0.009,1.89
2023,13,2026-10-09T19:55:12+00:00,CIN,12,12,1.09,6-6,-2.2,1.16,-0.026,0.03,1.89
2023,13,2026-10-09T19:55:12+00:00,LA,13,17,0.73,6-6,1.2,0.59,0.004,-0.016,1.89
2023,13,2026-10-09T19:55:12+00:00,MIN,14,14,0.58,6-6,1.8,0.17,-0.043,-0.059,1.89
2023,13,2026-10-09T19:55:12+00:00,CLE,15,13,-0.26,7-5,1.1,0.6,-0.149,-0.202,1.89
2023,13,2026-10-09T19:55:12+00:00,NO,16,16,-0.43,5-7,0.2,-1.1,-0.034,-0.078,1.89
2023,13,2026-10-09T19:55:12+00:00,TB,17,18,-0.9,5-7,-1.0,0.19,-0.043,-0.011,1.89
2023,13,2026-10-09T19:55:12+00:00,SEA,18,21,-0.93,6-6,-2.2,0.42,-0.02,-0.013,1.89
2023,13,2026-10-09T19:55:12+00:00,HOU,19,20,-1.05,7-5,2.7,-0.59,0.024,-0.029,1.89
2023,13,2026-10-09T19:55:12+00:00,PIT,20,15,-1.05,7-5,-3.1,0.6,-0.097,-0.051,1.89
2023,13,2026-10-09T19:55:12+00:00,DEN,21,19,-1.25,6-6,-3.2,0.13,-0.049,0.041,1.89
2023,13,2026-10-09T19:55:12+00:00,IND,22,22,-1.47,7-5,0.3,-0.58,-0.027,-0.031,1.89
2023,13,2026-10-09T19:55:12+00:00,ATL,23,23,-1.48,6-6,-1.2,-1.51,-0.103,-0.069,1.89
2023,13,2026-10-09T19:55:12+00:00,LV,24,25,-2.09,5-7,-4.5,-0.05,-0.141,-0.017,1.89
2023,13,2026-10-09T19:55:12+00:00,TEN,25,24,-2.3,4-8,-3.5,-0.27,-0.053,0.016,1.89
2023,13,2026-10-09T19:55:12+00:00,NE,26,26,-2.96,2-10,-8.8,0.42,-0.176,-0.025,1.89
2023,13,2026-10-09T19:55:12+00:00,CHI,27,27,-3.23,4-8,-4.5,-0.46,-0.068,-0.019,1.89
2023,13,2026-10-09T19:55:12+00:00,NYJ,28,28,-3.98,4-8,-6.7,1.22,-0.262,-0.08,1.89
2023,13,2026-10-09T19:55:12+00:00,ARI,29,32,-4.05,3-10,-7.8,0.59,-0.135,0.059,1.89
2023,13,2026-10-09T19:55:12+00:00,NYG,30,30,-4.25,4-8,-11.1,0.42,-0.214,-0.023,1.89
2023,13,2026-10-09T19:55:12+00:00,CAR,31,31,-4.44,1-11,-10.2,0.08,-0.163,0.033,1.89
2023,13,2026-10-09T19:55:12+00:00,WAS,32,29,-5.48,4-9,-10.3,-0.21,-0.093,0.1,1.89
2023,14,2026-10-09T19:55:12+00:00,SF,1,1,7.95,10-3,13.5,0.1,0.19,-0.128,2.16
2023,14,2026-10-09T19:55:12+00:00,DAL,2,2,7.27,10-3,14.5,-1.21,0.105,-0.153,2.16
2023,14,2026-10-09T19:55:12+00:00,BUF,3,4,4.55,7-6,8.0,-0.66,0.121,-0.083,2.16
2023,14,2026-10-09T19:55:12+00:00,BAL,4,3,4.49,10-3,11.0,-0.61,0.059,-0.151,2.16
2023,14,2026-10-09T19:55:12+00:00,MIA,5,5,3.46,9-4,9.0,-1.24,0.118,-0.067,2.16
2023,14,2026-10-09T19:55:12+00:00,KC,6,6,3.35,8-5,4.9,0.44,0.058,-0.059,2.16
2023,14,2026-10-09T19:55:12+00:00,CIN,7,12,1.82,7-6,-0.5,0.78,-0.019,0.024,2.16
2023,14,2026-10-09T19:55:12+00:00,PHI,8,7,1.6,10-3,1.6,1.47,0.052,0.029,2.16
2023,14,2026-10-09T19:55:12+00:00,GB,9,8,1.07,6-7,1.0,-0.39,0.018,-0.006,2.16
2023,14,2026-10-09T19:55:12+00:00,JAX,10,11,0.82,8-5,1.7,0.3,-0.072,-0.018,2.16
2023,14,2026-10-09T19:55:12+00:00,MIN,11,14,0.79,7-6,1.8,0.03,-0.055,-0.09,2.16
2023,14,2026-10-09T19:55:12+00:00,LA,12,13,0.68,6-7,0.7,0.82,0.012,-0.001,2.16
2023,14,2026-10-09T19:55:12+00:00,DET,13,9,0.43,9-4,2.0,-0.34,0.048,-0.035,2.16
2023,14,2026-10-09T19:55:12+00:00,NO,14,16,0.36,6-7,1.8,-1.59,-0.046,-0.097,2.16
2023,14,2026-10-09T19:55:12+00:00,LAC,15,10,0.21,5-8,0.0,0.72,-0.035,0.015,2.16
2023,14,2026-10-09T19:55:12+00:00,CLE,16,15,-0.06,8-5,1.3,0.64,-0.147,-0.201,2.16
2023,14,2026-10-09T19:55:12+00:00,DEN,17,21,-0.13,7-6,-1.7,0.17,-0.049,0.002,2.16
2023,14,2026-10-09T19:55:12+00:00,TB,18,17,-0.67,6-7,-0.6,-0.11,-0.042,-0.012,2.16
2023,14,2026-10-09T19:55:12+00:00,SEA,19,18,-0.93,6-7,-2.9,1.01,-0.028,0.008,2.16
2023,14,2026-10-09T19:55:12+00:00,PIT,20,20,-1.4,7-6,-3.1,0.3,-0.113,-0.052,2.16
2023,14,2026-10-09T19:55:12+00:00,ATL,21,23,-1.66,6-7,-1.4,-1.46,-0.096,-0.066,2.16
2023,14,2026-10-09T19:55:12+00:00,TEN,22,25,-1.89,5-8,-3.2,-0.18,-0.044,0.012,2.16
2023,14,2026-10-09T19:55:12+00:00,LV,23,24,-2.15,5-8,-4.4,0.1,-0.166,-0.032,2.16
2023,14,2026-10-09T19:55:12+00:00,CHI,24,27,-2.22,5-8,-3.0,-0.45,-0.06,-0.028,2.16
2023,14,2026-10-09T19:55:12+00:00,IND,25,22,-2.26,7-6,-1.2,-0.42,-0.029,-0.023,2.16
2023,14,2026-10-09T19:55:12+00:00,HOU,26,19,-2.32,7-6,0.6,-0.73,-0.019,-0.027,2.16
2023,14,2026-10-09T19:55:12+00:00,NE,27,26,-2.5,3-10,-7.9,0.27,-0.167,-0.047,2.16
2023,14,2026-10-09T19:55:12+00:00,NYJ,28,28,-2.58,5-8,-4.3,0.96,-0.242,-0.114,2.16
2023,14,2026-10-09T19:55:12+00:00,NYG,29,30,-3.74,5-8,-10.1,0.69,-0.197,-0.024,2.16
2023,14,2026-10-09T19:55:12+00:00,ARI,30,29,-3.96,3-10,-7.8,0.58,-0.135,0.059,2.16
2023,14,2026-10-09T19:55:12+00:00,CAR,31,31,-5.11,1-12,-11.1,0.05,-0.176,0.016,2.16
2023,14,2026-10-09T19:55:12+00:00,WAS,32,32,-5.25,4-9,-10.3,-0.03,-0.093,0.1,2.16
2023,15,2026-10-09T19:55:12+00:00,SF,1,1,8.06,11-3,13.6,-0.42,0.207,-0.118,2.65
2023,15,2026-10-09T19:55:12+00:00,DAL,2,2,5.77,10-4,11.9,-1.07,0.091,-0.129,2.65
2023,15,2026-10-09T19:55:12+00:00,BUF,3,3,5.49,8-6,8.9,-0.24,0.126,-0.083,2.65
2023,15,2026-10-09T19:55:12+00:00,BAL,4,4,5.0,11-3,11.4,-0.68,0.056,-0.156,2.65
2023,15,2026-10-09T19:55:12+00:00,MIA,5,5,4.44,10-4,10.5,-1.56,0.118,-0.103,2.65
2023,15,2026-10-09T19:55:12+00:00,KC,6,6,3.59,9-5,5.3,0.06,0.052,-0.077,2.65
2023,15,2026-10-09T19:55:12+00:00,CIN,7,7,1.75,8-6,-0.3,0.86,-0.007,0.033,2.65
2023,15,2026-10-09T19:55:12+00:00,DET,8,13,1.61,10-4,3.6,-0.27,0.068,-0.042,2.65
2023,15,2026-10-09T19:55:12+00:00,PHI,9,8,1.31,10-4,1.3,1.26,0.056,0.031,2.65
2023,15,2026-10-09T19:55:12+00:00,NO,10,14,1.12,7-7,3.0,-1.57,-0.036,-0.111,2.65
2023,15,2026-10-09T19:55:12+00:00,MIN,11,11,0.89,7-7,1.5,0.22,-0.041,-0.073,2.65
2023,15,2026-10-09T19:55:12+00:00,LA,12,12,0.55,7-7,1.2,0.21,0.01,-0.012,2.65
2023,15,2026-10-09T19:55:12+00:00,TB,13,18,0.52,7-7,0.4,0.24,-0.013,-0.008,2.65
2023,15,2026-10-09T19:55:12+00:00,GB,14,9,0.1,6-8,-0.1,-0.25,0.019,0.02,2.65
2023,15,2026-10-09T19:55:12+00:00,JAX,15,10,0.04,8-6,0.4,0.86,-0.083,-0.014,2.65
2023,15,2026-10-09T19:55:12+00:00,LV,16,23,-0.0,6-8,-1.1,-0.29,-0.136,-0.056,2.65
2023,15,2026-10-09T19:55:12+00:00,CLE,17,16,-0.22,9-5,1.4,0.31,-0.163,-0.209,2.65
2023,15,2026-10-09T19:55:12+00:00,SEA,18,19,-0.78,7-7,-2.5,1.01,-0.021,0.016,2.65
2023,15,2026-10-09T19:55:12+00:00,DEN,19,17,-1.35,7-7,-3.4,0.34,-0.055,0.025,2.65
2023,15,2026-10-09T19:55:12+00:00,IND,20,25,-1.37,8-6,0.1,-0.49,-0.023,-0.045,2.65
2023,15,2026-10-09T19:55:12+00:00,ATL,21,21,-1.65,6-8,-1.4,-1.53,-0.111,-0.075,2.65
2023,15,2026-10-09T19:55:12+00:00,CHI,22,24,-1.9,5-9,-3.0,-0.21,-0.078,-0.053,2.65
2023,15,2026-10-09T19:55:12+00:00,LAC,23,15,-2.03,5-9,-3.0,0.69,-0.059,0.032,2.65
2023,15,2026-10-09T19:55:12+00:00,HOU,24,26,-2.05,8-6,0.8,-0.9,-0.025,-0.038,2.65
2023,15,2026-10-09T19:55:12+00:00,TEN,25,22,-2.08,5-9,-3.1,-0.18,-0.054,0.003,2.65
2023,15,2026-10-09T19:55:12+00:00,PIT,26,20,-2.19,7-7,-4.1,0.18,-0.128,-0.044,2.65
2023,15,2026-10-09T19:55:12+00:00,NE,27,27,-2.76,3-11,-8.1,0.54,-0.178,-0.045,2.65
2023,15,2026-10-09T19:55:12+00:00,NYJ,28,28,-3.61,5-9,-6.1,1.17,-0.266,-0.098,2.65
2023,15,2026-10-09T19:55:12+00:00,ARI,29,30,-4.25,3-11,-8.4,0.96,-0.126,0.086,2.65
2023,15,2026-10-09T19:55:12+00:00,NYG,30,29,-4.28,5-9,-10.6,0.64,-0.205,-0.016,2.65
2023,15,2026-10-09T19:55:12+00:00,CAR,31,31,-4.54,2-12,-10.1,0.28,-0.177,-0.007,2.65
2023,15,2026-10-09T19:55:12+00:00,WAS,32,32,-5.18,4-10,-10.1,-0.17,-0.097,0.091,2.65
2023,16,2026-10-09T19:55:12+00:00,SF,1,1,6.76,11-4,11.8,0.02,0.178,-0.106,2.65
2023,16,2026-10-09T19:55:12+00:00,BAL,2,4,5.87,12-3,11.5,-0.28,0.057,-0.161,2.65
2023,16,2026-10-09T19:55:12+00:00,DAL,3,2,5.53,10-5,11.0,-0.72,0.089,-0.118,2.65
2023,16,2026-10-09T19:55:12+00:00,BUF,4,3,5.12,9-6,8.5,-0.45,0.122,-0.084,2.65
2023,16,2026-10-09T19:55:12+00:00,MIA,5,5,4.34,11-4,9.9,-1.05,0.112,-0.092,2.65
2023,16,2026-10-09T19:55:12+00:00,KC,6,6,2.81,9-6,4.5,0.09,0.032,-0.084,2.65
2023,16,2026-10-09T19:55:12+00:00,DET,7,8,2.08,11-4,3.8,0.03,0.076,-0.037,2.65
2023,16,2026-10-09T19:55:12+00:00,TB,8,13,1.26,8-7,1.6,0.09,-0.008,-0.021,2.65
2023,16,2026-10-09T19:55:12+00:00,PHI,9,9,1.18,11-4,1.7,0.82,0.061,0.025,2.65
2023,16,2026-10-09T19:55:12+00:00,LA,10,12,0.9,8-7,1.7,0.23,0.023,-0.014,2.65
2023,16,2026-10-09T19:55:12+00:00,NO,11,10,0.84,7-8,2.3,-1.37,-0.037,-0.09,2.65
2023,16,2026-10-09T19:55:12+00:00,LV,12,16,0.64,7-8,-0.6,0.02,-0.139,-0.069,2.65
2023,16,2026-10-09T19:55:12+00:00,CLE,13,17,0.61,10-5,2.3,0.11,-0.144,-0.213,2.65
2023,16,2026-10-09T19:55:12+00:00,MIN,14,11,0.43,7-8,1.0,0.33,-0.036,-0.056,2.65
2023,16,2026-10-09T19:55:12+00:00,CIN,15,7,0.4,8-7,-1.8,0.7,-0.02,0.045,2.65
2023,16,2026-10-09T19:55:12+00:00,GB,16,14,0.29,7-8,0.1,-0.26,0.035,0.031,2.65
2023,16,2026-10-09T19:55:12+00:00,SEA,17,18,-0.61,8-7,-2.1,0.72,-0.011,0.021,2.65
2023,16,2026-10-09T19:55:12+00:00,ATL,18,21,-0.67,7-8,-0.1,-1.58,-0.095,-0.086,2.65
2023,16,2026-10-09T19:55:12+00:00,JAX,19,15,-0.86,8-7,-0.8,0.64,-0.091,-0.01,2.65
2023,16,2026-10-09T19:55:12+00:00,PIT,20,26,-0.88,8-7,-2.3,0.1,-0.104,-0.055,2.65
2023,16,2026-10-09T19:55:12+00:00,CHI,21,22,-1.44,6-9,-2.1,-0.38,-0.065,-0.06,2.65
2023,16,2026-10-09T19:55:12+00:00,DEN,22,19,-1.7,7-8,-3.3,0.15,-0.057,0.019,2.65
2023,16,2026-10-09T19:55:12+00:00,LAC,23,23,-1.78,5-10,-2.9,1.09,-0.061,0.034,2.65
2023,16,2026-10-09T19:55:12+00:00,IND,24,20,-2.2,8-7,-1.2,-0.51,-0.037,-0.033,2.65
2023,16,2026-10-09T19:55:12+00:00,NE,25,27,-2.31,4-11,-7.3,0.38,-0.171,-0.048,2.65
2023,16,2026-10-09T19:55:12+00:00,TEN,26,25,-2.34,5-10,-3.1,-0.21,-0.044,0.012,2.65
2023,16,2026-10-09T19:55:12+00:00,HOU,27,24,-2.87,8-7,-0.2,-0.86,-0.041,-0.028,2.65
2023,16,2026-10-09T19:55:12+00:00,NYJ,28,28,-3.63,6-9,-5.6,0.72,-0.264,-0.104,2.65
2023,16,2026-10-09T19:55:12+00:00,NYG,29,30,-4.15,5-10,-10.5,0.64,-0.195,-0.007,2.65
2023,16,2026-10-09T19:55:12+00:00,CAR,30,31,-4.37,2-13,-9.7,0.32,-0.153,0.011,2.65
2023,16,2026-10-09T19:55:12+00:00,ARI,31,29,-4.42,3-12,-8.5,0.82,-0.128,0.088,2.65
2023,16,2026-10-09T19:55:12+00:00,WAS,32,32,-4.86,4-11,-9.6,-0.32,-0.103,0.069,2.65
2023,17,2026-10-09T19:55:12+00:00,BAL,1,2,7.59,13-3,13.1,0.2,0.091,-0.161,2.86
2023,17,2026-10-09T19:55:12+00:00,SF,2,1,7.05,12-4,12.1,-0.19,0.181,-0.111,2.86
2023,17,2026-10-09T19:55:12+00:00,DAL,3,3,4.85,11-5,10.4,-0.86,0.081,-0.113,2.86
2023,17,2026-10-09T19:55:12+00:00,BUF,4,4,4.58,10-6,8.3,-0.85,0.111,-0.097,2.86
2023,17,2026-10-09T19:55:12+00:00,KC,5,6,2.83,10-6,4.8,0.01,0.033,-0.084,2.86
2023,17,2026-10-09T19:55:12+00:00,DET,6,7,2.38,11-5,3.5,0.47,0.068,-0.037,2.86
2023,17,2026-10-09T19:55:12+00:00,MIA,7,5,2.28,11-5,7.0,-0.85,0.096,-0.048,2.86
2023,17,2026-10-09T19:55:12+00:00,GB,8,16,1.55,8-8,1.6,-0.35,0.05,0.008,2.86
2023,17,2026-10-09T19:55:12+00:00,NO,9,11,1.46,8-8,2.8,-1.27,-0.03,-0.095,2.86
2023,17,2026-10-09T19:55:12+00:00,CLE,10,13,1.44,11-5,3.2,0.38,-0.139,-0.211,2.86
2023,17,2026-10-09T19:55:12+00:00,LA,11,10,0.98,9-7,1.6,0.25,0.023,-0.018,2.86
2023,17,2026-10-09T19:55:12+00:00,TB,12,8,0.55,8-8,0.9,0.14,-0.018,-0.016,2.86
2023,17,2026-10-09T19:55:12+00:00,CIN,13,15,0.44,8-8,-2.2,1.24,-0.024,0.045,2.86
2023,17,2026-10-09T19:55:12+00:00,LV,14,12,0.39,7-9,-0.8,-0.17,-0.126,-0.056,2.86
2023,17,2026-10-09T19:55:12+00:00,JAX,15,19,0.34,9-7,0.9,0.52,-0.078,-0.038,2.86
2023,17,2026-10-09T19:55:12+00:00,PHI,16,9,0.34,11-5,1.4,0.09,0.072,0.039,2.86
2023,17,2026-10-09T19:55:12+00:00,PIT,17,20,-0.12,9-7,-1.7,0.5,-0.08,-0.044,2.86
2023,17,2026-10-09T19:55:12+00:00,CHI,18,21,-0.45,7-9,-0.7,-0.49,-0.053,-0.061,2.86
2023,17,2026-10-09T19:55:12+00:00,MIN,19,14,-0.87,7-9,-0.5,0.46,-0.055,-0.036,2.86
2023,17,2026-10-09T19:55:12+00:00,SEA,20,17,-1.12,8-8,-2.4,0.72,-0.003,0.038,2.86
2023,17,2026-10-09T19:55:12+00:00,DEN,21,22,-1.39,8-8,-2.7,-0.02,-0.057,0.009,2.86
2023,17,2026-10-09T19:55:12+00:00,HOU,22,27,-1.65,9-7,1.2,-0.79,-0.039,-0.053,2.86
2023,17,2026-10-09T19:55:12+00:00,ATL,23,18,-1.66,7-9,-1.3,-1.57,-0.093,-0.073,2.86
2023,17,2026-10-09T19:55:12+00:00,LAC,24,23,-1.93,5-11,-3.2,0.81,-0.066,0.029,2.86
2023,17,2026-10-09T19:55:12+00:00,IND,25,24,-1.96,9-7,-0.9,-0.25,-0.026,-0.026,2.86
2023,17,2026-10-09T19:55:12+00:00,NE,26,25,-2.15,4-12,-7.2,0.29,-0.178,-0.049,2.86
2023,17,2026-10-09T19:55:12+00:00,TEN,27,26,-3.32,5-11,-4.4,-0.2,-0.068,0.011,2.86
2023,17,2026-10-09T19:55:12+00:00,ARI,28,31,-3.49,4-12,-7.8,1.02,-0.104,0.096,2.86
2023,17,2026-10-09T19:55:12+00:00,NYG,29,29,-4.04,5-11,-9.9,0.42,-0.187,-0.005,2.86
2023,17,2026-10-09T19:55:12+00:00,NYJ,30,28,-4.3,6-10,-6.3,0.34,-0.258,-0.101,2.86
2023,17,2026-10-09T19:55:12+00:00,CAR,31,30,-5.31,2-14,-10.7,0.14,-0.172,0.017,2.86
2023,17,2026-10-09T19:55:12+00:00,WAS,32,32,-5.32,4-12,-10.1,-0.14,-0.108,0.079,2.86
2023,18,2026-10-09T19:55:12+00:00,BAL,1,1,6.41,13-4,11.9,0.27,0.069,-0.155,2.84
2023,18,2026-10-09T19:55:12+00:00,SF,2,2,6.23,12-5,11.4,-0.09,0.18,-0.098,2.84
2023,18,2026-10-09T19:55:12+00:00,DAL,3,3,5.74,12-5,11.4,-1.22,0.098,-0.124,2.84
2023,18,2026-10-09T19:55:12+00:00,BUF,4,4,4.83,11-6,8.2,-0.65,0.108,-0.089,2.84
2023,18,2026-10-09T19:55:12+00:00,NO,5,9,2.74,9-8,4.4,-1.35,-0.016,-0.107,2.84
2023,18,2026-10-09T19:55:12+00:00,KC,6,5,2.72,11-6,4.5,-0.13,0.023,-0.093,2.84
2023,18,2026-10-09T19:55:12+00:00,DET,7,6,2.54,12-5,3.9,0.38,0.072,-0.036,2.84
2023,18,2026-10-09T19:55:12+00:00,MIA,8,7,1.84,11-6,6.2,-0.52,0.092,-0.041,2.84
2023,18,2026-10-09T19:55:12+00:00,GB,9,8,1.75,9-8,1.9,-0.23,0.061,0.002,2.84
2023,18,2026-10-09T19:55:12+00:00,LA,10,11,1.49,10-7,1.6,0.62,0.027,-0.007,2.84
2023,18,2026-10-09T19:55:12+00:00,CIN,11,13,1.19,9-8,-1.1,1.12,-0.022,0.028,2.84
2023,18,2026-10-09T19:55:12+00:00,LV,12,14,0.84,8-9,0.1,-0.2,-0.111,-0.056,2.84
2023,18,2026-10-09T19:55:12+00:00,TB,13,12,0.83,9-8,1.4,-0.25,-0.023,-0.033,2.84
2023,18,2026-10-09T19:55:12+00:00,PIT,14,17,0.74,10-7,-1.2,0.76,-0.079,-0.058,2.84
2023,18,2026-10-09T19:55:12+00:00,CLE,15,10,0.64,11-6,2.0,0.46,-0.146,-0.198,2.84
2023,18,2026-10-09T19:55:12+00:00,JAX,16,15,-0.11,9-8,0.4,0.34,-0.077,-0.028,2.84
2023,18,2026-10-09T19:55:12+00:00,PHI,17,16,-0.53,11-6,0.3,-0.05,0.051,0.042,2.84
2023,18,2026-10-09T19:55:12+00:00,CHI,18,18,-0.68,7-10,-1.1,-0.44,-0.055,-0.043,2.84
2023,18,2026-10-09T19:55:12+00:00,SEA,19,20,-1.0,9-8,-2.2,0.45,0.004,0.049,2.84
2023,18,2026-10-09T19:55:12+00:00,MIN,20,19,-1.01,7-10,-1.1,0.55,-0.053,-0.025,2.84
2023,18,2026-10-09T19:55:12+00:00,HOU,21,22,-1.22,10-7,1.4,-0.85,-0.029,-0.051,2.84
2023,18,2026-10-09T19:55:12+00:00,DEN,22,21,-1.82,8-9,-3.3,-0.03,-0.056,0.016,2.84
2023,18,2026-10-09T19:55:12+00:00,LAC,23,24,-1.86,5-12,-3.1,0.93,-0.076,0.019,2.84
2023,18,2026-10-09T19:55:12+00:00,IND,24,25,-2.18,9-8,-1.1,-0.27,-0.025,-0.017,2.84
2023,18,2026-10-09T19:55:12+00:00,TEN,25,27,-2.76,6-11,-3.6,-0.22,-0.057,0.007,2.84
2023,18,2026-10-09T19:55:12+00:00,ATL,26,23,-2.87,7-10,-3.1,-1.2,-0.106,-0.056,2.84
2023,18,2026-10-09T19:55:12+00:00,NYG,27,29,-2.93,6-11,-8.3,0.4,-0.171,-0.021,2.84
2023,18,2026-10-09T19:55:12+00:00,NE,28,26,-3.0,4-13,-7.6,0.23,-0.201,-0.06,2.84
2023,18,2026-10-09T19:55:12+00:00,NYJ,29,30,-3.31,7-10,-5.1,-0.01,-0.257,-0.128,2.84
2023,18,2026-10-09T19:55:12+00:00,ARI,30,28,-3.57,4-13,-7.4,0.8,-0.084,0.097,2.84
2023,18,2026-10-09T19:55:12+00:00,CAR,31,31,-5.41,2-15,-10.6,0.25,-0.18,0.011,2.84
2023,18,2026-10-09T19:55:12+00:00,WAS,32,32,-6.26,4-13,-11.1,0.16,-0.119,0.096,2.84
2024,1,2026-10-09T19:55:12+00:00,DAL,1,3,6.23,1-0,16.0,-0.16,-0.111,-0.272,2.82
2024,1,2026-10-09T19:55:12+00:00,SF,2,2,6.08,1-0,13.0,-3.27,0.101,-0.049,2.82
2024,1,2026-10-09T19:55:12+00:00,BAL,3,1,5.73,0-1,-7.0,3.04,0.081,0.208,2.82
2024,1,2026-10-09T19:55:12+00:00,BUF,4,4,4.5,1-0,6.0,-3.2,0.222,0.063,2.82
2024,1,2026-10-09T19:55:12+00:00,NO,5,5,3.98,1-0,37.0,-6.51,0.206,-0.485,2.82
2024,1,2026-10-09T19:55:12+00:00,KC,6,6,3.04,1-0,7.0,5.73,0.208,0.081,2.82
2024,1,2026-10-09T19:55:12+00:00,DET,7,7,2.73,1-0,6.0,1.31,0.106,0.044,2.82
2024,1,2026-10-09T19:55:12+00:00,MIA,8,8,1.65,1-0,3.0,-0.12,0.024,-0.148,2.82
2024,1,2026-10-09T19:55:12+00:00,GB,9,9,1.4,0-1,-5.0,-0.16,0.182,0.056,2.82
2024,1,2026-10-09T19:55:12+00:00,LA,10,10,1.31,0-1,-6.0,2.73,0.044,0.106,2.82
2024,1,2026-10-09T19:55:12+00:00,TB,11,13,1.14,1-0,17.0,-6.45,0.266,0.121,2.82
2024,1,2026-10-09T19:55:12+00:00,PIT,12,14,0.95,1-0,8.0,-3.07,-0.1,-0.351,2.82
2024,1,2026-10-09T19:55:12+00:00,CIN,13,11,0.45,0-1,-6.0,-2.24,-0.179,-0.007,2.82
2024,1,2026-10-09T19:55:12+00:00,LV,14,12,0.3,0-1,-12.0,-1.19,-0.335,-0.089,2.82
2024,1,2026-10-09T19:55:12+00:00,MIN,15,20,0.23,1-0,22.0,-3.96,0.156,-0.357,2.82
2024,1,2026-10-09T19:55:12+00:00,JAX,16,16,-0.12,0-1,-3.0,1.65,-0.148,0.024,2.82
2024,1,2026-10-09T19:55:12+00:00,CLE,17,15,-0.16,0-1,-16.0,6.23,-0.272,-0.111,2.82
2024,1,2026-10-09T19:55:12+00:00,PHI,18,17,-0.16,1-0,5.0,1.4,0.056,0.182,2.82
2024,1,2026-10-09T19:55:12+00:00,CHI,19,18,-0.49,1-0,7.0,-2.8,-0.249,-0.264,2.82
2024,1,2026-10-09T19:55:12+00:00,SEA,20,19,-0.88,1-0,6.0,-1.82,-0.08,-0.311,2.82
2024,1,2026-10-09T19:55:12+00:00,HOU,21,21,-1.05,1-0,2.0,-2.35,0.141,0.052,2.82
2024,1,2026-10-09T19:55:12+00:00,LAC,22,23,-1.19,1-0,12.0,0.3,-0.089,-0.335,2.82
2024,1,2026-10-09T19:55:12+00:00,DEN,23,22,-1.82,0-1,-6.0,-0.88,-0.311,-0.08,2.82
2024,1,2026-10-09T19:55:12+00:00,NE,24,28,-2.24,1-0,6.0,0.45,-0.007,-0.179,2.82
2024,1,2026-10-09T19:55:12+00:00,IND,25,24,-2.35,0-1,-2.0,-1.05,0.052,0.141,2.82
2024,1,2026-10-09T19:55:12+00:00,TEN,26,25,-2.8,0-1,-7.0,-0.49,-0.264,-0.249,2.82
2024,1,2026-10-09T19:55:12+00:00,ATL,27,26,-3.07,0-1,-8.0,0.95,-0.351,-0.1,2.82
2024,1,2026-10-09T19:55:12+00:00,ARI,28,30,-3.2,0-1,-6.0,4.5,0.063,0.222,2.82
2024,1,2026-10-09T19:55:12+00:00,NYJ,29,29,-3.27,0-1,-13.0,6.08,-0.049,0.101,2.82
2024,1,2026-10-09T19:55:12+00:00,NYG,30,27,-3.96,0-1,-22.0,0.23,-0.357,0.156,2.82
2024,1,2026-10-09T19:55:12+00:00,WAS,31,32,-6.45,0-1,-17.0,1.14,0.121,0.266,2.82
2024,1,2026-10-09T19:55:12+00:00,CAR,32,31,-6.51,0-1,-37.0,3.98,-0.485,0.206,2.82
2024,2,2026-10-09T19:55:12+00:00,BUF,1,4,5.47,2-0,13.5,-0.46,0.226,-0.102,2.38
2024,2,2026-10-09T19:55:12+00:00,SF,2,2,5.43,1-1,3.5,-1.03,0.013,-0.046,2.38
2024,2,2026-10-09T19:55:12+00:00,NO,3,5,5.32,2-0,31.0,-1.43,0.334,-0.329,2.38
2024,2,2026-10-09T19:55:12+00:00,BAL,4,3,4.95,0-2,-5.0,1.9,0.035,0.022,2.38
2024,2,2026-10-09T19:55:12+00:00,DAL,5,1,4.4,1-1,-4.5,2.74,-0.141,0.095,2.38
2024,2,2026-10-09T19:55:12+00:00,KC,6,6,2.85,2-0,4.0,2.82,0.062,0.063,2.38
2024,2,2026-10-09T19:55:12+00:00,DET,7,7,2.16,1-1,1.0,0.54,0.018,-0.028,2.38
2024,2,2026-10-09T19:55:12+00:00,TB,8,11,1.55,2-0,10.5,-2.09,0.083,0.026,2.38
2024,2,2026-10-09T19:55:12+00:00,GB,9,9,1.31,1-1,0.5,-1.35,0.09,-0.02,2.38
2024,2,2026-10-09T19:55:12+00:00,PIT,10,12,1.28,2-0,7.5,-2.22,-0.11,-0.297,2.38
2024,2,2026-10-09T19:55:12+00:00,LV,11,14,0.95,1-1,-4.5,2.45,-0.25,-0.05,2.38
2024,2,2026-10-09T19:55:12+00:00,CIN,12,13,0.69,0-2,-3.5,0.28,-0.067,-0.046,2.38
2024,2,2026-10-09T19:55:12+00:00,MIN,13,15,0.66,2-0,14.0,0.68,0.057,-0.216,2.38
2024,2,2026-10-09T19:55:12+00:00,MIA,14,8,0.56,1-1,-9.0,2.43,-0.121,0.041,2.38
2024,2,2026-10-09T19:55:12+00:00,CLE,15,17,0.15,1-1,-5.5,1.89,-0.125,-0.072,2.38
2024,2,2026-10-09T19:55:12+00:00,LAC,16,22,-0.06,2-0,17.5,-3.16,0.011,-0.413,2.38
2024,2,2026-10-09T19:55:12+00:00,LA,17,10,-0.46,0-2,-18.5,0.34,-0.11,0.226,2.38
2024,2,2026-10-09T19:55:12+00:00,PHI,18,18,-0.54,1-1,2.0,-0.58,0.088,0.167,2.38
2024,2,2026-10-09T19:55:12+00:00,CHI,19,19,-0.57,1-1,0.5,-2.01,-0.281,-0.207,2.38
2024,2,2026-10-09T19:55:12+00:00,JAX,20,16,-0.61,0-2,-4.0,0.35,-0.091,0.023,2.38
2024,2,2026-10-09T19:55:12+00:00,SEA,21,20,-0.73,2-0,4.5,-2.13,-0.029,-0.127,2.38
2024,2,2026-10-09T19:55:12+00:00,HOU,22,21,-0.76,2-0,4.0,-1.36,-0.004,-0.131,2.38
2024,2,2026-10-09T19:55:12+00:00,ARI,23,28,-1.47,1-1,12.5,2.5,0.205,-0.02,2.38
2024,2,2026-10-09T19:55:12+00:00,DEN,24,23,-1.98,0-2,-6.5,0.28,-0.277,-0.1,2.38
2024,2,2026-10-09T19:55:12+00:00,IND,25,25,-2.16,0-2,-4.0,0.27,-0.022,0.069,2.38
2024,2,2026-10-09T19:55:12+00:00,NE,26,24,-2.28,1-1,1.5,-0.02,0.025,-0.078,2.38
2024,2,2026-10-09T19:55:12+00:00,ATL,27,27,-2.46,1-1,-3.5,0.37,-0.1,0.01,2.38
2024,2,2026-10-09T19:55:12+00:00,NYJ,28,29,-2.71,1-1,-3.0,1.09,-0.007,0.006,2.38
2024,2,2026-10-09T19:55:12+00:00,TEN,29,26,-3.26,0-2,-7.0,-1.64,-0.177,-0.107,2.38
2024,2,2026-10-09T19:55:12+00:00,NYG,30,30,-4.07,0-2,-12.5,-2.84,-0.129,0.156,2.38
2024,2,2026-10-09T19:55:12+00:00,WAS,31,31,-6.34,1-1,-7.0,-1.26,0.139,0.183,2.38
2024,2,2026-10-09T19:55:12+00:00,CAR,32,32,-7.26,0-2,-30.0,2.63,-0.488,0.159,2.38
2024,3,2026-10-09T19:55:12+00:00,BUF,1,1,6.66,3-0,21.3,-1.45,0.3,-0.149,2.39
2024,3,2026-10-09T19:55:12+00:00,SF,2,2,5.11,1-2,1.3,0.05,0.075,0.009,2.39
2024,3,2026-10-09T19:55:12+00:00,BAL,3,4,4.83,1-2,-2.3,2.22,0.148,0.016,2.39
2024,3,2026-10-09T19:55:12+00:00,NO,4,3,4.65,2-1,19.7,-0.53,0.155,-0.208,2.39
2024,3,2026-10-09T19:55:12+00:00,DAL,5,5,4.16,1-2,-4.0,2.94,-0.092,0.188,2.39
2024,3,2026-10-09T19:55:12+00:00,KC,6,6,2.79,3-0,4.3,0.71,0.074,0.009,2.39
2024,3,2026-10-09T19:55:12+00:00,DET,7,7,2.52,2-1,3.0,-0.43,0.027,-0.098,2.39
2024,3,2026-10-09T19:55:12+00:00,GB,8,9,2.16,2-1,5.7,-2.01,0.099,-0.136,2.39
2024,3,2026-10-09T19:55:12+00:00,MIN,9,13,1.94,3-0,18.3,-0.01,0.074,-0.217,2.39
2024,3,2026-10-09T19:55:12+00:00,PIT,10,10,1.49,3-0,8.3,-1.15,-0.03,-0.253,2.39
2024,3,2026-10-09T19:55:12+00:00,SEA,11,21,0.38,3-0,10.0,-1.36,-0.021,-0.228,2.39
2024,3,2026-10-09T19:55:12+00:00,TB,12,8,0.3,2-1,0.7,-1.14,-0.07,0.045,2.39
2024,3,2026-10-09T19:55:12+00:00,PHI,13,18,0.26,2-1,2.3,1.43,0.069,0.044,2.39
2024,3,2026-10-09T19:55:12+00:00,LA,14,17,-0.02,1-2,-11.3,2.02,-0.033,0.218,2.39
2024,3,2026-10-09T19:55:12+00:00,CIN,15,12,-0.18,0-3,-4.0,-1.85,0.079,0.141,2.39
2024,3,2026-10-09T19:55:12+00:00,LV,16,11,-0.27,1-2,-7.7,-0.49,-0.194,0.034,2.39
2024,3,2026-10-09T19:55:12+00:00,LAC,17,16,-0.31,2-1,8.3,-1.6,-0.047,-0.231,2.39
2024,3,2026-10-09T19:55:12+00:00,MIA,18,14,-0.39,1-2,-13.0,1.56,-0.224,0.026,2.39
2024,3,2026-10-09T19:55:12+00:00,DEN,19,24,-0.65,1-2,2.0,0.72,-0.157,-0.192,2.39
2024,3,2026-10-09T19:55:12+00:00,CLE,20,15,-0.67,1-2,-5.7,-0.41,-0.209,-0.034,2.39
2024,3,2026-10-09T19:55:12+00:00,CHI,21,19,-0.76,1-2,-1.3,-2.8,-0.255,-0.209,2.39
2024,3,2026-10-09T19:55:12+00:00,ARI,22,23,-1.58,1-2,6.0,3.05,0.057,0.001,2.39
2024,3,2026-10-09T19:55:12+00:00,NYJ,23,28,-1.77,2-1,5.0,-0.68,0.081,-0.13,2.39
2024,3,2026-10-09T19:55:12+00:00,HOU,24,22,-2.11,2-1,-6.3,-0.33,-0.076,-0.051,2.39
2024,3,2026-10-09T19:55:12+00:00,IND,25,25,-2.18,1-2,-1.0,-0.24,-0.086,-0.021,2.39
2024,3,2026-10-09T19:55:12+00:00,JAX,26,20,-2.36,0-3,-15.0,1.86,-0.142,0.164,2.39
2024,3,2026-10-09T19:55:12+00:00,ATL,27,27,-2.51,1-2,-4.0,1.51,-0.1,0.04,2.39
2024,3,2026-10-09T19:55:12+00:00,NYG,28,30,-3.04,1-2,-6.3,-1.34,-0.071,-0.022,2.39
2024,3,2026-10-09T19:55:12+00:00,NE,29,26,-3.04,1-2,-6.0,-0.52,-0.117,0.033,2.39
2024,3,2026-10-09T19:55:12+00:00,TEN,30,29,-4.1,0-3,-10.0,-0.12,-0.24,-0.032,2.39
2024,3,2026-10-09T19:55:12+00:00,WAS,31,31,-5.3,2-1,-3.0,-0.97,0.264,0.245,2.39
2024,3,2026-10-09T19:55:12+00:00,CAR,32,32,-6.0,1-2,-15.3,1.36,-0.258,0.078,2.39
2024,4,2026-10-09T19:55:12+00:00,BAL,1,3,5.89,2-2,4.5,2.96,0.184,-0.022,2.36
2024,4,2026-10-09T19:55:12+00:00,SF,2,2,5.25,2-2,5.2,-0.88,0.09,-0.112,2.36
2024,4,2026-10-09T19:55:12+00:00,BUF,3,1,4.92,3-1,9.8,-0.4,0.191,-0.038,2.36
2024,4,2026-10-09T19:55:12+00:00,NO,4,4,4.2,2-2,14.2,-1.16,0.131,-0.151,2.36
2024,4,2026-10-09T19:55:12+00:00,DAL,5,5,4.06,2-2,-1.8,1.63,-0.017,0.129,2.36
2024,4,2026-10-09T19:55:12+00:00,KC,6,6,3.03,4-0,5.0,0.87,0.034,-0.047,2.36
2024,4,2026-10-09T19:55:12+00:00,DET,7,7,2.84,3-1,5.5,-0.7,0.135,-0.052,2.36
2024,4,2026-10-09T19:55:12+00:00,MIN,8,9,2.19,4-0,14.2,0.62,0.064,-0.194,2.36
2024,4,2026-10-09T19:55:12+00:00,GB,9,8,1.98,2-2,3.8,-0.7,0.043,-0.093,2.36
2024,4,2026-10-09T19:55:12+00:00,PIT,10,10,1.29,3-1,5.5,-1.25,-0.037,-0.161,2.36
2024,4,2026-10-09T19:55:12+00:00,TB,11,12,1.15,3-1,4.8,-0.41,-0.0,0.017,2.36
2024,4,2026-10-09T19:55:12+00:00,CIN,12,15,0.31,1-3,-0.5,-2.48,0.101,0.107,2.36
2024,4,2026-10-09T19:55:12+00:00,LV,13,16,-0.19,2-2,-4.8,-0.38,-0.186,-0.004,2.36
2024,4,2026-10-09T19:55:12+00:00,SEA,14,11,-0.2,3-1,4.2,-0.74,0.006,-0.057,2.36
2024,4,2026-10-09T19:55:12+00:00,LA,15,14,-0.35,1-3,-10.0,1.07,-0.015,0.184,2.36
2024,4,2026-10-09T19:55:12+00:00,CHI,16,21,-0.43,2-2,0.5,-1.64,-0.17,-0.147,2.36
2024,4,2026-10-09T19:55:12+00:00,DEN,17,19,-0.54,2-2,1.8,0.09,-0.189,-0.215,2.36
2024,4,2026-10-09T19:55:12+00:00,PHI,18,13,-0.57,2-2,-2.5,1.32,0.036,0.085,2.36
2024,4,2026-10-09T19:55:12+00:00,CLE,19,20,-0.65,1-3,-5.2,-0.34,-0.186,-0.065,2.36
2024,4,2026-10-09T19:55:12+00:00,LAC,20,17,-0.65,2-2,4.5,-0.49,-0.089,-0.195,2.36
2024,4,2026-10-09T19:55:12+00:00,IND,21,25,-1.74,2-2,0.0,0.26,-0.036,-0.03,2.36
2024,4,2026-10-09T19:55:12+00:00,HOU,22,24,-1.8,3-1,-3.8,-0.57,-0.018,-0.042,2.36
2024,4,2026-10-09T19:55:12+00:00,MIA,23,18,-1.8,1-3,-14.5,-0.06,-0.279,-0.011,2.36
2024,4,2026-10-09T19:55:12+00:00,NYJ,24,23,-1.89,2-2,3.5,-0.35,-0.011,-0.168,2.36
2024,4,2026-10-09T19:55:12+00:00,ATL,25,27,-2.06,2-2,-2.5,1.99,-0.07,0.045,2.36
2024,4,2026-10-09T19:55:12+00:00,JAX,26,26,-2.31,0-4,-12.2,0.17,-0.11,0.162,2.36
2024,4,2026-10-09T19:55:12+00:00,TEN,27,30,-2.66,1-3,-2.8,-0.54,-0.211,-0.135,2.36
2024,4,2026-10-09T19:55:12+00:00,NYG,28,28,-2.94,1-3,-6.0,0.55,-0.065,0.036,2.36
2024,4,2026-10-09T19:55:12+00:00,WAS,29,31,-3.38,3-1,4.8,-1.22,0.302,0.162,2.36
2024,4,2026-10-09T19:55:12+00:00,ARI,30,22,-3.4,1-3,-2.5,1.01,0.021,0.105,2.36
2024,4,2026-10-09T19:55:12+00:00,NE,31,29,-3.46,1-3,-8.8,0.87,-0.207,0.058,2.36
2024,4,2026-10-09T19:55:12+00:00,CAR,32,32,-6.1,1-3,-14.0,0.92,-0.193,0.1,2.36
2024,5,2026-10-09T19:55:12+00:00,BAL,1,1,5.59,3-2,4.2,2.28,0.205,0.036,2.56
2024,5,2026-10-09T19:55:12+00:00,BUF,2,3,4.47,3-2,7.2,-0.45,0.15,-0.042,2.56
2024,5,2026-10-09T19:55:12+00:00,SF,3,2,4.46,2-3,4.0,-1.32,0.064,-0.065,2.56
2024,5,2026-10-09T19:55:12+00:00,DAL,4,5,4.13,3-2,-0.8,1.27,0.009,0.113,2.56
2024,5,2026-10-09T19:55:12+00:00,KC,5,6,3.52,5-0,6.6,1.38,0.057,-0.057,2.56
2024,5,2026-10-09T19:55:12+00:00,NO,6,4,3.45,2-3,8.8,-0.29,0.085,-0.092,2.56
2024,5,2026-10-09T19:55:12+00:00,DET,7,7,2.76,3-1,5.5,-0.86,0.135,-0.052,2.56
2024,5,2026-10-09T19:55:12+00:00,MIN,8,8,2.3,5-0,12.6,0.28,-0.004,-0.222,2.56
2024,5,2026-10-09T19:55:12+00:00,GB,9,9,2.24,3-2,4.0,-0.6,0.038,-0.094,2.56
2024,5,2026-10-09T19:55:12+00:00,PIT,10,10,1.08,3-2,3.8,0.03,-0.02,-0.106,2.56
2024,5,2026-10-09T19:55:12+00:00,TB,11,11,0.76,3-2,2.6,-0.27,0.034,0.06,2.56
2024,5,2026-10-09T19:55:12+00:00,CHI,12,16,0.55,3-2,5.6,-2.63,-0.093,-0.17,2.56
2024,5,2026-10-09T19:55:12+00:00,CIN,13,12,0.23,1-4,-1.0,-0.71,0.134,0.144,2.56
2024,5,2026-10-09T19:55:12+00:00,DEN,14,17,0.14,3-2,4.6,-0.38,-0.137,-0.212,2.56
2024,5,2026-10-09T19:55:12+00:00,PHI,15,18,-0.46,2-2,-2.5,1.18,0.036,0.085,2.56
2024,5,2026-10-09T19:55:12+00:00,LA,16,15,-0.58,1-4,-9.0,1.46,-0.032,0.151,2.56
2024,5,2026-10-09T19:55:12+00:00,LAC,17,20,-0.65,2-2,4.5,-0.81,-0.089,-0.195,2.56
2024,5,2026-10-09T19:55:12+00:00,SEA,18,14,-0.91,3-2,1.6,-0.87,-0.014,-0.043,2.56
2024,5,2026-10-09T19:55:12+00:00,LV,19,13,-0.94,2-3,-7.0,-0.7,-0.188,0.011,2.56
2024,5,2026-10-09T19:55:12+00:00,HOU,20,22,-1.35,4-1,-2.4,0.66,-0.026,-0.036,2.56
2024,5,2026-10-09T19:55:12+00:00,MIA,21,23,-1.52,2-3,-10.6,-0.98,-0.238,-0.025,2.56
2024,5,2026-10-09T19:55:12+00:00,CLE,22,19,-1.68,1-4,-8.4,-0.64,-0.21,-0.035,2.56
2024,5,2026-10-09T19:55:12+00:00,ATL,23,25,-1.71,3-2,-0.8,1.67,-0.009,0.07,2.56
2024,5,2026-10-09T19:55:12+00:00,IND,24,21,-1.75,2-3,-0.6,0.05,0.023,0.031,2.56
2024,5,2026-10-09T19:55:12+00:00,NYJ,25,24,-1.91,2-3,1.6,0.13,-0.076,-0.19,2.56
2024,5,2026-10-09T19:55:12+00:00,NYG,26,28,-2.06,2-3,-3.0,0.35,-0.049,0.009,2.56
2024,5,2026-10-09T19:55:12+00:00,WAS,27,29,-2.07,4-1,8.0,-1.09,0.259,0.068,2.56
2024,5,2026-10-09T19:55:12+00:00,JAX,28,26,-2.26,1-4,-9.2,-0.37,-0.032,0.181,2.56
2024,5,2026-10-09T19:55:12+00:00,TEN,29,27,-2.53,1-3,-2.8,-0.16,-0.211,-0.135,2.56
2024,5,2026-10-09T19:55:12+00:00,ARI,30,30,-2.7,2-3,-1.8,1.81,0.042,0.076,2.56
2024,5,2026-10-09T19:55:12+00:00,NE,31,31,-3.69,1-4,-8.0,0.07,-0.182,0.032,2.56
2024,5,2026-10-09T19:55:12+00:00,CAR,32,32,-6.92,1-4,-16.4,0.53,-0.206,0.123,2.56
2024,6,2026-10-09T19:55:12+00:00,BAL,1,1,5.23,4-2,4.7,0.99,0.199,0.047,1.73
2024,6,2026-10-09T19:55:12+00:00,DET,2,7,4.95,4-1,12.0,-0.2,0.183,-0.151,1.73
2024,6,2026-10-09T19:55:12+00:00,SF,3,3,4.68,3-3,5.3,-1.53,0.11,-0.052,1.73
2024,6,2026-10-09T19:55:12+00:00,BUF,4,2,4.08,4-2,6.5,-0.78,0.172,-0.004,1.73
2024,6,2026-10-09T19:55:12+00:00,KC,5,5,3.4,5-0,6.6,1.38,0.057,-0.057,1.73
2024,6,2026-10-09T19:55:12+00:00,GB,6,9,3.09,4-2,6.8,-0.93,0.08,-0.099,1.73
2024,6,2026-10-09T19:55:12+00:00,MIN,7,8,2.49,5-0,12.6,0.57,-0.004,-0.222,1.73
2024,6,2026-10-09T19:55:12+00:00,TB,8,11,2.32,4-2,6.2,0.53,0.065,-0.018,1.73
2024,6,2026-10-09T19:55:12+00:00,NO,9,6,1.91,2-4,3.3,-0.2,0.002,-0.04,1.73
2024,6,2026-10-09T19:55:12+00:00,PIT,10,10,1.89,4-2,6.3,-0.44,-0.001,-0.129,1.73
2024,6,2026-10-09T19:55:12+00:00,DAL,11,4,1.77,3-3,-7.0,1.55,-0.084,0.156,1.73
2024,6,2026-10-09T19:55:12+00:00,CHI,12,12,1.6,4-2,7.8,-2.48,-0.029,-0.143,1.73
2024,6,2026-10-09T19:55:12+00:00,CIN,13,13,0.7,2-4,0.8,-1.39,0.117,0.097,1.73
2024,6,2026-10-09T19:55:12+00:00,LAC,14,17,-0.19,3-2,5.0,-0.87,-0.054,-0.169,1.73
2024,6,2026-10-09T19:55:12+00:00,HOU,15,20,-0.24,5-1,1.3,-0.12,-0.002,-0.081,1.73
2024,6,2026-10-09T19:55:12+00:00,DEN,16,14,-0.32,3-3,2.7,-0.19,-0.124,-0.162,1.73
2024,6,2026-10-09T19:55:12+00:00,LA,17,16,-0.55,1-4,-9.0,2.22,-0.032,0.151,1.73
2024,6,2026-10-09T19:55:12+00:00,PHI,18,15,-0.55,3-2,-1.2,0.94,0.063,0.064,1.73
2024,6,2026-10-09T19:55:12+00:00,ATL,19,23,-0.74,4-2,2.3,0.26,0.039,0.042,1.73
2024,6,2026-10-09T19:55:12+00:00,IND,20,24,-1.26,3-3,0.0,0.15,0.003,0.022,1.73
2024,6,2026-10-09T19:55:12+00:00,SEA,21,18,-1.33,3-3,-0.7,0.03,-0.01,0.021,1.73
2024,6,2026-10-09T19:55:12+00:00,MIA,22,21,-1.65,2-3,-10.6,-1.48,-0.238,-0.025,1.73
2024,6,2026-10-09T19:55:12+00:00,CLE,23,22,-1.87,1-5,-7.7,-1.42,-0.179,-0.001,1.73
2024,6,2026-10-09T19:55:12+00:00,NYJ,24,25,-1.9,2-4,0.8,0.62,-0.031,-0.111,1.73
2024,6,2026-10-09T19:55:12+00:00,LV,25,19,-1.91,2-4,-9.0,-0.44,-0.198,0.025,1.73
2024,6,2026-10-09T19:55:12+00:00,WAS,26,27,-2.08,4-2,5.5,0.06,0.232,0.085,1.73
2024,6,2026-10-09T19:55:12+00:00,TEN,27,29,-2.5,1-4,-2.8,-0.02,-0.174,-0.127,1.73
2024,6,2026-10-09T19:55:12+00:00,NYG,28,26,-2.79,2-4,-4.2,-0.05,-0.064,0.013,1.73
2024,6,2026-10-09T19:55:12+00:00,JAX,29,28,-2.94,1-5,-10.8,0.11,-0.028,0.2,1.73
2024,6,2026-10-09T19:55:12+00:00,ARI,30,30,-3.21,2-4,-5.0,2.36,0.014,0.111,1.73
2024,6,2026-10-09T19:55:12+00:00,NE,31,31,-4.68,1-5,-10.0,0.04,-0.202,0.046,1.73
2024,6,2026-10-09T19:55:12+00:00,CAR,32,32,-7.39,1-5,-16.7,0.23,-0.188,0.149,1.73
2024,7,2026-10-09T19:55:12+00:00,BAL,1,1,5.72,5-2,5.4,1.53,0.238,0.058,1.57
2024,7,2026-10-09T19:55:12+00:00,DET,2,2,4.83,5-1,10.3,0.34,0.174,-0.117,1.57
2024,7,2026-10-09T19:55:12+00:00,BUF,3,4,4.8,5-2,9.0,-1.0,0.179,-0.035,1.57
2024,7,2026-10-09T19:55:12+00:00,SF,4,3,4.03,3-4,3.1,-0.74,0.068,-0.041,1.57
2024,7,2026-10-09T19:55:12+00:00,KC,5,5,3.98,6-0,7.2,1.46,0.051,-0.078,1.57
2024,7,2026-10-09T19:55:12+00:00,GB,6,6,2.81,5-2,6.1,-0.69,0.057,-0.11,1.57
2024,7,2026-10-09T19:55:12+00:00,PIT,7,10,2.76,5-2,8.6,-0.7,0.022,-0.114,1.57
2024,7,2026-10-09T19:55:12+00:00,MIN,8,7,2.18,5-1,10.2,0.86,0.005,-0.163,1.57
2024,7,2026-10-09T19:55:12+00:00,DAL,9,11,1.76,3-3,-7.0,1.3,-0.084,0.156,1.57
2024,7,2026-10-09T19:55:12+00:00,TB,10,8,1.6,4-3,3.9,1.38,0.074,0.052,1.57
2024,7,2026-10-09T19:55:12+00:00,CHI,11,12,1.45,4-2,7.8,-2.62,-0.029,-0.143,1.57
2024,7,2026-10-09T19:55:12+00:00,DEN,12,16,1.1,4-3,5.6,-0.04,-0.089,-0.19,1.57
2024,7,2026-10-09T19:55:12+00:00,CIN,13,13,1.06,3-4,1.7,-1.53,0.073,0.061,1.57
2024,7,2026-10-09T19:55:12+00:00,PHI,14,18,0.62,4-2,3.2,-0.54,0.077,-0.018,1.57
2024,7,2026-10-09T19:55:12+00:00,NO,15,9,0.21,2-5,-0.4,-0.26,-0.049,-0.016,1.57
2024,7,2026-10-09T19:55:12+00:00,HOU,16,15,-0.08,5-2,0.9,0.4,-0.027,-0.081,1.57
2024,7,2026-10-09T19:55:12+00:00,LAC,17,14,-0.17,3-3,3.8,-0.93,-0.037,-0.135,1.57
2024,7,2026-10-09T19:55:12+00:00,SEA,18,21,-0.19,4-3,2.3,-0.41,0.008,0.004,1.57
2024,7,2026-10-09T19:55:12+00:00,LA,19,17,-0.44,2-4,-6.7,1.41,-0.074,0.069,1.57
2024,7,2026-10-09T19:55:12+00:00,WAS,20,26,-0.71,5-2,9.4,-1.28,0.238,0.005,1.57
2024,7,2026-10-09T19:55:12+00:00,IND,21,20,-1.03,4-3,0.9,-0.03,-0.025,-0.018,1.57
2024,7,2026-10-09T19:55:12+00:00,MIA,22,22,-1.75,2-4,-9.8,-1.18,-0.241,-0.054,1.57
2024,7,2026-10-09T19:55:12+00:00,LV,23,25,-1.81,2-5,-8.4,-0.25,-0.218,-0.02,1.57
2024,7,2026-10-09T19:55:12+00:00,CLE,24,23,-1.93,1-6,-7.6,-0.72,-0.175,-0.028,1.57
2024,7,2026-10-09T19:55:12+00:00,ATL,25,19,-2.11,4-3,-0.9,0.03,0.019,0.052,1.57
2024,7,2026-10-09T19:55:12+00:00,JAX,26,29,-2.16,2-5,-7.0,-0.54,0.011,0.182,1.57
2024,7,2026-10-09T19:55:12+00:00,NYJ,27,24,-2.64,2-5,-2.4,0.91,-0.03,-0.073,1.57
2024,7,2026-10-09T19:55:12+00:00,ARI,28,30,-2.84,3-4,-4.0,2.16,0.017,0.102,1.57
2024,7,2026-10-09T19:55:12+00:00,TEN,29,27,-3.25,1-5,-6.3,0.61,-0.182,-0.069,1.57
2024,7,2026-10-09T19:55:12+00:00,NYG,30,28,-3.79,2-5,-7.1,0.4,-0.116,0.032,1.57
2024,7,2026-10-09T19:55:12+00:00,NE,31,31,-5.22,1-6,-10.9,-0.25,-0.163,0.074,1.57
2024,7,2026-10-09T19:55:12+00:00,CAR,32,32,-8.77,1-6,-19.0,-0.3,-0.229,0.166,1.57
2024,8,2026-10-09T19:55:12+00:00,DET,1,2,6.11,6-1,14.3,-0.51,0.153,-0.142,1.72
2024,8,2026-10-09T19:55:12+00:00,BUF,2,3,5.53,6-2,10.5,-1.27,0.196,-0.057,1.72
2024,8,2026-10-09T19:55:12+00:00,BAL,3,1,4.92,5-3,4.1,1.06,0.221,0.067,1.72
2024,8,2026-10-09T19:55:12+00:00,KC,4,5,4.03,7-0,7.1,0.79,0.068,-0.075,1.72
2024,8,2026-10-09T19:55:12+00:00,SF,5,4,4.0,4-4,3.5,-0.43,0.091,-0.038,1.72
2024,8,2026-10-09T19:55:12+00:00,GB,6,6,2.73,6-2,5.8,-0.88,0.064,-0.089,1.72
2024,8,2026-10-09T19:55:12+00:00,PIT,7,7,2.62,6-2,8.5,-0.9,0.029,-0.095,1.72
2024,8,2026-10-09T19:55:12+00:00,PHI,8,14,1.81,5-2,5.6,-0.52,0.114,-0.015,1.72
2024,8,2026-10-09T19:55:12+00:00,DAL,9,9,1.72,3-4,-6.9,1.72,-0.074,0.17,1.72
2024,8,2026-10-09T19:55:12+00:00,MIN,10,8,1.63,5-2,7.3,0.93,0.02,-0.113,1.72
2024,8,2026-10-09T19:55:12+00:00,CHI,11,11,1.26,4-3,6.3,-2.47,-0.043,-0.111,1.72
2024,8,2026-10-09T19:55:12+00:00,DEN,12,12,1.25,5-3,6.6,-1.3,-0.073,-0.185,1.72
2024,8,2026-10-09T19:55:12+00:00,TB,13,10,1.03,4-4,2.8,1.21,0.075,0.078,1.72
2024,8,2026-10-09T19:55:12+00:00,LAC,14,17,0.79,4-3,5.9,-0.81,-0.032,-0.144,1.72
2024,8,2026-10-09T19:55:12+00:00,LA,15,19,0.17,3-4,-4.3,1.64,-0.037,0.075,1.72
2024,8,2026-10-09T19:55:12+00:00,CIN,16,13,-0.13,3-5,-1.0,-1.05,0.063,0.095,1.72
2024,8,2026-10-09T19:55:12+00:00,HOU,17,16,-0.15,6-2,1.1,0.21,-0.032,-0.082,1.72
2024,8,2026-10-09T19:55:12+00:00,WAS,18,20,-0.51,6-2,8.6,-1.13,0.217,-0.012,1.72
2024,8,2026-10-09T19:55:12+00:00,NO,19,15,-0.59,2-6,-2.6,0.03,-0.068,-0.014,1.72
2024,8,2026-10-09T19:55:12+00:00,SEA,20,18,-1.0,4-4,-0.6,0.6,-0.02,0.043,1.72
2024,8,2026-10-09T19:55:12+00:00,IND,21,21,-1.19,4-4,0.4,-0.31,-0.034,-0.024,1.72
2024,8,2026-10-09T19:55:12+00:00,CLE,22,24,-1.4,2-6,-6.0,0.03,-0.137,-0.013,1.72
2024,8,2026-10-09T19:55:12+00:00,ATL,23,25,-1.66,5-3,-0.1,0.03,0.049,0.057,1.72
2024,8,2026-10-09T19:55:12+00:00,LV,24,23,-1.81,2-6,-8.2,0.46,-0.198,0.005,1.72
2024,8,2026-10-09T19:55:12+00:00,MIA,25,22,-1.94,2-5,-8.6,-1.55,-0.179,-0.006,1.72
2024,8,2026-10-09T19:55:12+00:00,JAX,26,26,-2.16,2-6,-6.5,-0.01,0.017,0.173,1.72
2024,8,2026-10-09T19:55:12+00:00,ARI,27,28,-2.41,4-4,-3.4,2.11,0.05,0.113,1.72
2024,8,2026-10-09T19:55:12+00:00,NYJ,28,27,-2.71,2-6,-2.5,0.07,-0.014,-0.059,1.72
2024,8,2026-10-09T19:55:12+00:00,NYG,29,30,-3.62,2-6,-7.2,0.59,-0.096,0.039,1.72
2024,8,2026-10-09T19:55:12+00:00,TEN,30,29,-4.72,1-6,-10.9,1.4,-0.198,-0.056,1.72
2024,8,2026-10-09T19:55:12+00:00,NE,31,31,-4.89,2-6,-9.1,-0.85,-0.138,0.077,1.72
2024,8,2026-10-09T19:55:12+00:00,CAR,32,32,-8.72,1-7,-18.4,-0.17,-0.219,0.15,1.72
2024,9,2026-10-09T19:55:12+00:00,DET,1,1,6.33,7-1,13.8,-0.04,0.149,-0.126,1.98
2024,9,2026-10-09T19:55:12+00:00,BAL,2,3,6.09,6-3,7.1,0.79,0.242,0.042,1.98
2024,9,2026-10-09T19:55:12+00:00,BUF,3,2,5.16,7-2,9.7,-1.0,0.192,-0.017,1.98
2024,9,2026-10-09T19:55:12+00:00,KC,4,4,3.99,8-0,7.0,1.07,0.077,-0.042,1.98
2024,9,2026-10-09T19:55:12+00:00,SF,5,5,3.97,4-4,3.5,-0.24,0.091,-0.038,1.98
2024,9,2026-10-09T19:55:12+00:00,PIT,6,7,2.55,6-2,8.5,-1.04,0.029,-0.095,1.98
2024,9,2026-10-09T19:55:12+00:00,GB,7,6,2.2,6-3,4.0,0.03,0.055,-0.065,1.98
2024,9,2026-10-09T19:55:12+00:00,PHI,8,8,1.72,6-2,5.5,-0.8,0.102,-0.036,1.98
2024,9,2026-10-09T19:55:12+00:00,MIN,9,10,1.71,6-2,7.4,0.62,0.012,-0.14,1.98
2024,9,2026-10-09T19:55:12+00:00,LAC,10,14,1.57,5-3,7.2,-1.05,-0.024,-0.16,1.98
2024,9,2026-10-09T19:55:12+00:00,DAL,11,9,1.33,3-5,-6.8,1.36,-0.066,0.162,1.98
2024,9,2026-10-09T19:55:12+00:00,TB,12,13,0.98,4-5,1.8,1.6,0.088,0.085,1.98
2024,9,2026-10-09T19:55:12+00:00,CIN,13,16,0.6,4-5,1.0,-1.08,0.066,0.053,1.98
2024,9,2026-10-09T19:55:12+00:00,LA,14,15,0.49,4-4,-3.0,1.17,-0.036,0.034,1.98
2024,9,2026-10-09T19:55:12+00:00,CHI,15,11,0.09,4-4,3.0,-2.24,-0.066,-0.106,1.98
2024,9,2026-10-09T19:55:12+00:00,DEN,16,12,-0.08,5-4,2.4,-0.43,-0.083,-0.118,1.98
2024,9,2026-10-09T19:55:12+00:00,WAS,17,18,-0.27,7-2,8.2,-1.24,0.228,0.001,1.98
2024,9,2026-10-09T19:55:12+00:00,HOU,18,17,-0.67,6-3,0.1,-0.31,-0.037,-0.068,1.98
2024,9,2026-10-09T19:55:12+00:00,NO,19,19,-0.92,2-7,-2.4,-0.89,-0.046,-0.014,1.98
2024,9,2026-10-09T19:55:12+00:00,ARI,20,27,-1.18,5-4,-0.8,2.01,0.037,0.075,1.98
2024,9,2026-10-09T19:55:12+00:00,ATL,21,23,-1.24,6-3,0.6,0.13,0.056,0.05,1.98
2024,9,2026-10-09T19:55:12+00:00,SEA,22,20,-1.29,4-5,-1.2,0.52,-0.045,0.035,1.98
2024,9,2026-10-09T19:55:12+00:00,IND,23,21,-1.41,4-5,-0.6,-0.33,-0.066,-0.026,1.98
2024,9,2026-10-09T19:55:12+00:00,MIA,24,25,-1.49,2-6,-7.9,-0.63,-0.119,0.015,1.98
2024,9,2026-10-09T19:55:12+00:00,CLE,25,22,-2.14,2-7,-7.2,0.29,-0.152,-0.008,1.98
2024,9,2026-10-09T19:55:12+00:00,JAX,26,26,-2.16,2-7,-6.3,-0.14,-0.005,0.156,1.98
2024,9,2026-10-09T19:55:12+00:00,NYJ,27,28,-2.25,3-6,-1.3,-0.16,-0.007,-0.061,1.98
2024,9,2026-10-09T19:55:12+00:00,LV,28,24,-2.49,2-7,-9.2,0.55,-0.208,0.014,1.98
2024,9,2026-10-09T19:55:12+00:00,NYG,29,29,-3.74,2-7,-7.0,0.44,-0.074,0.069,1.98
2024,9,2026-10-09T19:55:12+00:00,TEN,30,30,-4.55,2-6,-9.1,0.48,-0.172,-0.06,1.98
2024,9,2026-10-09T19:55:12+00:00,NE,31,31,-4.77,2-7,-8.4,-1.12,-0.132,0.07,1.98
2024,9,2026-10-09T19:55:12+00:00,CAR,32,32,-8.16,2-7,-16.2,-0.41,-0.195,0.148,1.98
2024,10,2026-10-09T19:55:12+00:00,DET,1,1,5.87,8-1,12.6,-0.23,0.12,-0.137,1.65
2024,10,2026-10-09T19:55:12+00:00,BAL,2,2,5.59,7-3,6.5,0.68,0.25,0.048,1.65
2024,10,2026-10-09T19:55:12+00:00,BUF,3,3,5.35,8-2,9.7,-0.91,0.175,-0.04,1.65
2024,10,2026-10-09T19:55:12+00:00,SF,4,5,3.94,5-4,3.4,-0.22,0.108,-0.04,1.65
2024,10,2026-10-09T19:55:12+00:00,KC,5,4,3.72,9-0,6.4,0.96,0.069,-0.029,1.65
2024,10,2026-10-09T19:55:12+00:00,PHI,6,8,3.18,7-2,8.0,-0.73,0.085,-0.111,1.65
2024,10,2026-10-09T19:55:12+00:00,PIT,7,6,2.39,7-2,7.7,-1.26,0.024,-0.099,1.65
2024,10,2026-10-09T19:55:12+00:00,GB,8,7,2.13,6-3,4.0,0.19,0.055,-0.065,1.65
2024,10,2026-10-09T19:55:12+00:00,MIN,9,9,1.68,7-2,7.1,0.04,0.011,-0.162,1.65
2024,10,2026-10-09T19:55:12+00:00,LAC,10,10,1.67,6-3,7.6,-1.25,0.001,-0.129,1.65
2024,10,2026-10-09T19:55:12+00:00,CIN,11,13,0.98,4-6,0.8,-0.18,0.07,0.08,1.65
2024,10,2026-10-09T19:55:12+00:00,TB,12,12,0.89,4-6,1.3,1.87,0.074,0.1,1.65
2024,10,2026-10-09T19:55:12+00:00,DEN,13,16,0.08,5-5,2.0,-0.09,-0.067,-0.106,1.65
2024,10,2026-10-09T19:55:12+00:00,ARI,14,20,-0.03,6-4,1.8,1.35,0.07,0.052,1.65
2024,10,2026-10-09T19:55:12+00:00,LA,15,14,-0.14,4-5,-3.6,0.91,-0.059,0.017,1.65
2024,10,2026-10-09T19:55:12+00:00,DAL,16,11,-0.3,3-6,-9.1,1.43,-0.137,0.139,1.65
2024,10,2026-10-09T19:55:12+00:00,WAS,17,17,-0.34,7-3,7.3,-0.88,0.191,-0.001,1.65
2024,10,2026-10-09T19:55:12+00:00,HOU,18,18,-0.59,6-4,-0.2,0.19,-0.056,-0.073,1.65
2024,10,2026-10-09T19:55:12+00:00,MIA,19,24,-0.73,3-6,-6.1,-0.27,-0.119,-0.013,1.65
2024,10,2026-10-09T19:55:12+00:00,NO,20,19,-0.82,3-7,-1.9,-0.85,-0.041,-0.005,1.65
2024,10,2026-10-09T19:55:12+00:00,CHI,21,15,-1.08,4-5,0.9,-2.28,-0.104,-0.094,1.65
2024,10,2026-10-09T19:55:12+00:00,SEA,22,22,-1.18,4-5,-1.2,0.63,-0.045,0.035,1.65
2024,10,2026-10-09T19:55:12+00:00,ATL,23,21,-1.28,6-4,0.2,0.04,0.058,0.045,1.65
2024,10,2026-10-09T19:55:12+00:00,IND,24,23,-1.63,4-6,-1.5,0.19,-0.085,-0.022,1.65
2024,10,2026-10-09T19:55:12+00:00,CLE,25,25,-2.08,2-7,-7.2,0.25,-0.152,-0.008,1.65
2024,10,2026-10-09T19:55:12+00:00,JAX,26,26,-2.16,2-8,-6.2,0.27,-0.038,0.14,1.65
2024,10,2026-10-09T19:55:12+00:00,LV,27,28,-2.44,2-7,-9.2,0.51,-0.208,0.014,1.65
2024,10,2026-10-09T19:55:12+00:00,NYJ,28,27,-3.15,3-7,-3.7,0.13,-0.022,-0.017,1.65
2024,10,2026-10-09T19:55:12+00:00,NE,29,31,-3.5,3-7,-6.0,-1.16,-0.119,0.023,1.65
2024,10,2026-10-09T19:55:12+00:00,NYG,30,29,-3.93,2-8,-6.6,-0.36,-0.079,0.061,1.65
2024,10,2026-10-09T19:55:12+00:00,TEN,31,30,-4.5,2-7,-9.2,0.55,-0.14,-0.031,1.65
2024,10,2026-10-09T19:55:12+00:00,CAR,32,32,-7.59,3-7,-14.3,-0.8,-0.177,0.12,1.65
2024,11,2026-10-09T19:55:12+00:00,DET,1,1,7.73,9-1,15.9,-0.48,0.165,-0.161,2.03
2024,11,2026-10-09T19:55:12+00:00,BUF,2,3,5.55,9-2,9.6,-0.4,0.169,-0.026,2.03
2024,11,2026-10-09T19:55:12+00:00,BAL,3,2,5.12,7-4,5.7,0.59,0.218,0.02,2.03
2024,11,2026-10-09T19:55:12+00:00,KC,4,5,3.33,9-1,4.9,1.32,0.074,-0.016,2.03
2024,11,2026-10-09T19:55:12+00:00,SF,5,4,3.19,5-5,2.8,-0.32,0.107,-0.036,2.03
2024,11,2026-10-09T19:55:12+00:00,PHI,6,6,2.98,8-2,8.0,-1.24,0.097,-0.111,2.03
2024,11,2026-10-09T19:55:12+00:00,PIT,7,7,2.38,8-2,7.1,-0.75,-0.004,-0.1,2.03
2024,11,2026-10-09T19:55:12+00:00,GB,8,8,2.2,7-3,3.7,0.29,0.076,-0.038,2.03
2024,11,2026-10-09T19:55:12+00:00,MIN,9,9,2.08,8-2,7.4,-0.27,0.004,-0.16,2.03
2024,11,2026-10-09T19:55:12+00:00,LAC,10,10,1.93,7-3,7.5,-1.0,0.006,-0.106,2.03
2024,11,2026-10-09T19:55:12+00:00,DEN,11,13,1.63,6-5,4.7,-0.27,-0.027,-0.121,2.03
2024,11,2026-10-09T19:55:12+00:00,HOU,12,18,0.8,7-4,2.0,0.14,-0.033,-0.094,2.03
2024,11,2026-10-09T19:55:12+00:00,TB,13,12,0.75,4-6,1.3,1.81,0.074,0.1,2.03
2024,11,2026-10-09T19:55:12+00:00,CIN,14,11,0.56,4-7,0.1,-0.27,0.073,0.077,2.03
2024,11,2026-10-09T19:55:12+00:00,LA,15,15,0.16,5-5,-2.6,0.7,-0.013,0.026,2.03
2024,11,2026-10-09T19:55:12+00:00,NO,16,20,0.01,4-7,0.2,-1.29,-0.009,-0.002,2.03
2024,11,2026-10-09T19:55:12+00:00,ARI,17,14,0.0,6-4,1.8,1.61,0.07,0.052,2.03
2024,11,2026-10-09T19:55:12+00:00,MIA,18,19,-0.1,4-6,-4.0,-0.57,-0.076,-0.004,2.03
2024,11,2026-10-09T19:55:12+00:00,WAS,19,17,-0.59,7-4,5.9,-0.68,0.163,0.017,2.03
2024,11,2026-10-09T19:55:12+00:00,SEA,20,22,-0.64,5-5,-0.8,1.12,-0.04,0.042,2.03
2024,11,2026-10-09T19:55:12+00:00,CHI,21,21,-1.01,4-6,0.7,-1.82,-0.073,-0.058,2.03
2024,11,2026-10-09T19:55:12+00:00,IND,22,24,-1.43,5-6,-1.3,0.12,-0.075,-0.029,2.03
2024,11,2026-10-09T19:55:12+00:00,DAL,23,16,-1.69,3-7,-10.6,1.25,-0.154,0.144,2.03
2024,11,2026-10-09T19:55:12+00:00,ATL,24,23,-2.67,6-5,-2.7,0.2,0.028,0.075,2.03
2024,11,2026-10-09T19:55:12+00:00,LV,25,27,-2.9,2-8,-9.8,0.46,-0.179,0.044,2.03
2024,11,2026-10-09T19:55:12+00:00,NYJ,26,28,-3.0,3-8,-3.5,0.23,-0.029,-0.014,2.03
2024,11,2026-10-09T19:55:12+00:00,CLE,27,25,-3.12,2-8,-8.6,-0.24,-0.133,0.024,2.03
2024,11,2026-10-09T19:55:12+00:00,NE,28,29,-3.58,3-8,-6.0,-1.04,-0.099,0.057,2.03
2024,11,2026-10-09T19:55:12+00:00,JAX,29,26,-3.91,2-9,-9.8,1.1,-0.069,0.179,2.03
2024,11,2026-10-09T19:55:12+00:00,NYG,30,30,-3.92,2-8,-6.6,-0.6,-0.079,0.061,2.03
2024,11,2026-10-09T19:55:12+00:00,TEN,31,31,-4.53,2-8,-9.3,1.04,-0.14,-0.033,2.03
2024,11,2026-10-09T19:55:12+00:00,CAR,32,32,-7.31,3-7,-14.3,-0.7,-0.177,0.12,2.03
2024,12,2026-10-09T19:55:12+00:00,DET,1,1,8.22,10-1,16.1,-0.39,0.164,-0.159,1.91
2024,12,2026-10-09T19:55:12+00:00,BUF,2,2,5.4,9-2,9.6,-0.35,0.169,-0.026,1.91
2024,12,2026-10-09T19:55:12+00:00,BAL,3,3,5.24,8-4,5.8,0.69,0.227,0.019,1.91
2024,12,2026-10-09T19:55:12+00:00,PHI,4,6,3.73,9-2,8.8,-0.95,0.119,-0.103,1.91
2024,12,2026-10-09T19:55:12+00:00,GB,5,8,3.59,8-3,5.9,0.39,0.08,-0.073,1.91
2024,12,2026-10-09T19:55:12+00:00,KC,6,4,2.93,10-1,4.7,0.54,0.093,0.003,1.91
2024,12,2026-10-09T19:55:12+00:00,MIN,7,9,2.15,9-2,7.0,-0.48,0.01,-0.14,1.91
2024,12,2026-10-09T19:55:12+00:00,DEN,8,11,1.96,7-5,5.2,-0.46,-0.022,-0.129,1.91
2024,12,2026-10-09T19:55:12+00:00,TB,9,13,1.85,5-6,3.3,1.19,0.091,0.068,1.91
2024,12,2026-10-09T19:55:12+00:00,PIT,10,7,1.79,8-3,6.0,-1.06,-0.007,-0.09,1.91
2024,12,2026-10-09T19:55:12+00:00,SF,11,5,1.65,5-6,0.0,-0.0,0.059,-0.021,1.91
2024,12,2026-10-09T19:55:12+00:00,LAC,12,10,1.6,7-4,6.2,-0.39,0.006,-0.067,1.91
2024,12,2026-10-09T19:55:12+00:00,MIA,13,18,0.53,5-6,-1.9,-1.09,-0.069,-0.022,1.91
2024,12,2026-10-09T19:55:12+00:00,CIN,14,14,0.47,4-7,0.1,-0.38,0.073,0.077,1.91
2024,12,2026-10-09T19:55:12+00:00,HOU,15,12,0.24,7-5,1.4,-0.11,-0.049,-0.094,1.91
2024,12,2026-10-09T19:55:12+00:00,NO,16,16,0.19,4-7,0.2,-0.9,-0.009,-0.002,1.91
2024,12,2026-10-09T19:55:12+00:00,SEA,17,20,-0.39,6-5,0.2,0.6,-0.042,0.021,1.91
2024,12,2026-10-09T19:55:12+00:00,ARI,18,17,-0.55,6-5,0.7,1.32,0.047,0.041,1.91
2024,12,2026-10-09T19:55:12+00:00,LA,19,15,-0.76,5-6,-3.9,0.94,-0.013,0.054,1.91
2024,12,2026-10-09T19:55:12+00:00,CHI,20,21,-1.02,4-7,0.4,-1.53,-0.061,-0.046,1.91
2024,12,2026-10-09T19:55:12+00:00,DAL,21,23,-1.12,4-7,-8.9,0.91,-0.145,0.128,1.91
2024,12,2026-10-09T19:55:12+00:00,WAS,22,19,-1.18,7-5,4.8,-0.72,0.147,0.011,1.91
2024,12,2026-10-09T19:55:12+00:00,IND,23,22,-1.93,5-7,-2.7,0.89,-0.081,-0.014,1.91
2024,12,2026-10-09T19:55:12+00:00,ATL,24,24,-2.39,6-5,-2.7,0.57,0.028,0.075,1.91
2024,12,2026-10-09T19:55:12+00:00,CLE,25,27,-2.63,3-8,-7.4,-0.1,-0.121,0.019,1.91
2024,12,2026-10-09T19:55:12+00:00,NYJ,26,26,-3.06,3-8,-3.5,-0.14,-0.029,-0.014,1.91
2024,12,2026-10-09T19:55:12+00:00,LV,27,25,-3.26,2-9,-9.8,0.58,-0.182,0.044,1.91
2024,12,2026-10-09T19:55:12+00:00,JAX,28,29,-3.68,2-9,-9.8,1.27,-0.069,0.179,1.91
2024,12,2026-10-09T19:55:12+00:00,TEN,29,31,-3.73,3-8,-8.0,1.04,-0.136,-0.051,1.91
2024,12,2026-10-09T19:55:12+00:00,NE,30,28,-4.25,3-9,-7.1,-1.02,-0.107,0.053,1.91
2024,12,2026-10-09T19:55:12+00:00,NYG,31,30,-4.84,2-9,-8.1,-0.3,-0.094,0.079,1.91
2024,12,2026-10-09T19:55:12+00:00,CAR,32,32,-6.74,3-8,-13.3,-0.49,-0.144,0.135,1.91
2024,13,2026-10-09T19:55:12+00:00,DET,1,1,7.55,11-1,15.0,-0.41,0.156,-0.146,1.91
2024,13,2026-10-09T19:55:12+00:00,BUF,2,2,6.2,10-2,10.9,-0.45,0.183,-0.044,1.91
2024,13,2026-10-09T19:55:12+00:00,BAL,3,3,4.66,8-5,5.0,1.05,0.209,0.021,1.91
2024,13,2026-10-09T19:55:12+00:00,PHI,4,4,4.14,10-2,8.5,-0.41,0.113,-0.094,1.91
2024,13,2026-10-09T19:55:12+00:00,GB,5,5,3.86,9-3,6.5,0.28,0.091,-0.06,1.91
2024,13,2026-10-09T19:55:12+00:00,KC,6,6,2.53,11-1,4.5,0.15,0.082,0.01,1.91
2024,13,2026-10-09T19:55:12+00:00,PIT,7,10,2.1,9-3,6.0,-0.87,0.017,-0.083,1.91
2024,13,2026-10-09T19:55:12+00:00,DEN,8,8,2.02,8-5,5.5,-0.66,-0.015,-0.123,1.91
2024,13,2026-10-09T19:55:12+00:00,MIN,9,7,1.85,10-2,6.5,-0.56,0.004,-0.125,1.91
2024,13,2026-10-09T19:55:12+00:00,LAC,10,12,1.57,8-4,6.0,-0.68,-0.018,-0.081,1.91
2024,13,2026-10-09T19:55:12+00:00,TB,11,9,1.52,6-6,3.2,0.43,0.081,0.063,1.91
2024,13,2026-10-09T19:55:12+00:00,SF,12,11,0.61,5-7,-2.1,0.56,0.034,0.009,1.91
2024,13,2026-10-09T19:55:12+00:00,HOU,13,15,0.23,8-5,1.5,-0.39,-0.04,-0.081,1.91
2024,13,2026-10-09T19:55:12+00:00,MIA,14,13,0.19,5-7,-2.8,-0.48,-0.056,-0.002,1.91
2024,13,2026-10-09T19:55:12+00:00,CIN,15,14,0.1,4-8,-0.4,-0.1,0.066,0.094,1.91
2024,13,2026-10-09T19:55:12+00:00,WAS,16,22,-0.11,8-5,6.2,-0.93,0.158,0.003,1.91
2024,13,2026-10-09T19:55:12+00:00,SEA,17,17,-0.19,7-5,0.6,0.18,-0.04,-0.003,1.91
2024,13,2026-10-09T19:55:12+00:00,LA,18,19,-0.22,6-6,-3.0,0.82,-0.002,0.045,1.91
2024,13,2026-10-09T19:55:12+00:00,ARI,19,18,-0.31,6-6,0.6,1.47,0.046,0.032,1.91
2024,13,2026-10-09T19:55:12+00:00,NO,20,16,-0.34,4-8,-0.4,-0.81,-0.013,0.009,1.91
2024,13,2026-10-09T19:55:12+00:00,CHI,21,20,-0.52,4-8,0.1,-0.65,-0.057,-0.036,1.91
2024,13,2026-10-09T19:55:12+00:00,DAL,22,21,-0.95,5-7,-7.6,0.37,-0.145,0.099,1.91
2024,13,2026-10-09T19:55:12+00:00,IND,23,23,-1.87,6-7,-2.4,0.47,-0.068,0.001,1.91
2024,13,2026-10-09T19:55:12+00:00,ATL,24,24,-2.46,6-6,-2.8,0.6,0.005,0.045,1.91
2024,13,2026-10-09T19:55:12+00:00,CLE,25,25,-2.67,3-9,-7.5,0.17,-0.116,0.023,1.91
2024,13,2026-10-09T19:55:12+00:00,LV,26,27,-2.87,2-10,-9.2,0.7,-0.16,0.036,1.91
2024,13,2026-10-09T19:55:12+00:00,NYJ,27,26,-3.17,3-9,-3.6,-0.19,-0.049,-0.014,1.91
2024,13,2026-10-09T19:55:12+00:00,JAX,28,28,-3.66,2-10,-9.2,1.25,-0.056,0.17,1.91
2024,13,2026-10-09T19:55:12+00:00,NE,29,30,-4.18,3-10,-6.6,-1.24,-0.084,0.056,1.91
2024,13,2026-10-09T19:55:12+00:00,TEN,30,29,-4.59,3-9,-9.2,0.97,-0.133,-0.022,1.91
2024,13,2026-10-09T19:55:12+00:00,NYG,31,31,-4.62,2-10,-8.0,-0.14,-0.106,0.061,1.91
2024,13,2026-10-09T19:55:12+00:00,CAR,32,32,-6.36,3-9,-12.4,-0.3,-0.132,0.121,1.91
2024,14,2026-10-09T19:55:12+00:00,DET,1,1,7.14,12-1,14.1,-0.05,0.149,-0.125,2.02
2024,14,2026-10-09T19:55:12+00:00,BUF,2,2,5.73,10-3,9.9,-0.29,0.204,-0.019,2.02
2024,14,2026-10-09T19:55:12+00:00,BAL,3,3,4.54,8-5,5.0,1.0,0.209,0.021,2.02
2024,14,2026-10-09T19:55:12+00:00,GB,4,5,3.85,9-4,5.8,0.8,0.094,-0.05,2.02
2024,14,2026-10-09T19:55:12+00:00,PHI,5,4,3.71,11-2,8.3,-0.81,0.115,-0.086,2.02
2024,14,2026-10-09T19:55:12+00:00,MIN,6,9,2.5,11-2,7.6,-0.77,0.039,-0.108,2.02
2024,14,2026-10-09T19:55:12+00:00,KC,7,6,2.39,12-1,4.3,0.28,0.077,0.015,2.02
2024,14,2026-10-09T19:55:12+00:00,PIT,8,7,2.37,10-3,6.5,-1.13,0.007,-0.089,2.02
2024,14,2026-10-09T19:55:12+00:00,TB,9,11,1.96,7-6,4.2,0.09,0.084,0.047,2.02
2024,14,2026-10-09T19:55:12+00:00,DEN,10,8,1.9,8-5,5.5,-0.65,-0.015,-0.123,2.02
2024,14,2026-10-09T19:55:12+00:00,SF,11,12,1.82,6-7,0.0,0.52,0.063,-0.003,2.02
2024,14,2026-10-09T19:55:12+00:00,LAC,12,10,1.48,8-5,5.4,-0.54,-0.01,-0.073,2.02
2024,14,2026-10-09T19:55:12+00:00,SEA,13,17,0.6,8-5,1.5,0.16,-0.025,-0.008,2.02
2024,14,2026-10-09T19:55:12+00:00,CIN,14,15,0.53,5-8,0.2,-0.23,0.073,0.085,2.02
2024,14,2026-10-09T19:55:12+00:00,HOU,15,13,0.2,8-5,1.5,-0.45,-0.04,-0.081,2.02
2024,14,2026-10-09T19:55:12+00:00,MIA,16,14,0.18,6-7,-2.2,-0.7,-0.034,0.016,2.02
2024,14,2026-10-09T19:55:12+00:00,LA,17,18,0.16,7-6,-2.6,1.18,0.021,0.076,2.02
2024,14,2026-10-09T19:55:12+00:00,WAS,18,16,-0.18,8-5,6.2,-1.03,0.158,0.003,2.02
2024,14,2026-10-09T19:55:12+00:00,NO,19,20,-0.31,5-8,-0.2,-1.17,-0.018,-0.002,2.02
2024,14,2026-10-09T19:55:12+00:00,ARI,20,19,-0.96,6-7,-0.4,1.47,0.038,0.042,2.02
2024,14,2026-10-09T19:55:12+00:00,DAL,21,22,-1.36,5-8,-7.5,0.37,-0.135,0.103,2.02
2024,14,2026-10-09T19:55:12+00:00,CHI,22,21,-1.67,4-9,-1.8,-0.4,-0.064,-0.002,2.02
2024,14,2026-10-09T19:55:12+00:00,IND,23,23,-1.82,6-7,-2.4,0.41,-0.068,0.001,2.02
2024,14,2026-10-09T19:55:12+00:00,CLE,24,25,-2.92,3-10,-7.9,0.31,-0.119,0.013,2.02
2024,14,2026-10-09T19:55:12+00:00,NYJ,25,27,-3.08,3-10,-3.8,-0.02,-0.028,0.005,2.02
2024,14,2026-10-09T19:55:12+00:00,ATL,26,24,-3.15,6-7,-4.2,0.85,0.013,0.077,2.02
2024,14,2026-10-09T19:55:12+00:00,LV,27,26,-3.22,2-11,-9.6,0.85,-0.159,0.043,2.02
2024,14,2026-10-09T19:55:12+00:00,JAX,28,28,-3.31,3-10,-8.2,0.64,-0.049,0.145,2.02
2024,14,2026-10-09T19:55:12+00:00,NE,29,29,-4.03,3-10,-6.6,-1.08,-0.084,0.056,2.02
2024,14,2026-10-09T19:55:12+00:00,NYG,30,31,-4.5,2-11,-7.6,-0.04,-0.108,0.05,2.02
2024,14,2026-10-09T19:55:12+00:00,TEN,31,30,-4.7,3-10,-8.8,0.54,-0.135,-0.018,2.02
2024,14,2026-10-09T19:55:12+00:00,CAR,32,32,-5.86,3-10,-11.9,-0.1,-0.12,0.123,2.02
2024,15,2026-10-09T19:55:12+00:00,DET,1,1,6.51,12-2,12.6,0.53,0.157,-0.082,1.62
2024,15,2026-10-09T19:55:12+00:00,BUF,2,2,6.0,11-3,9.6,0.15,0.223,0.001,1.62
2024,15,2026-10-09T19:55:12+00:00,BAL,3,3,5.12,9-5,6.1,0.7,0.226,0.004,1.62
2024,15,2026-10-09T19:55:12+00:00,GB,4,4,4.47,10-4,6.6,0.6,0.093,-0.071,1.62
2024,15,2026-10-09T19:55:12+00:00,PHI,5,5,4.24,12-2,8.7,-0.43,0.121,-0.099,1.62
2024,15,2026-10-09T19:55:12+00:00,TB,6,9,3.19,8-6,5.5,0.18,0.094,0.017,1.62
2024,15,2026-10-09T19:55:12+00:00,MIN,7,6,3.04,12-2,8.4,-0.93,0.038,-0.115,1.62
2024,15,2026-10-09T19:55:12+00:00,KC,8,7,2.82,13-1,5.0,-0.01,0.066,-0.023,1.62
2024,15,2026-10-09T19:55:12+00:00,DEN,9,10,2.46,9-5,6.4,-0.85,-0.036,-0.147,1.62
2024,15,2026-10-09T19:55:12+00:00,PIT,10,8,1.67,10-4,5.1,-0.77,-0.013,-0.068,1.62
2024,15,2026-10-09T19:55:12+00:00,SF,11,11,1.36,6-8,-0.4,0.7,0.038,-0.01,1.62
2024,15,2026-10-09T19:55:12+00:00,CIN,12,14,0.79,6-8,0.9,-0.63,0.082,0.071,1.62
2024,15,2026-10-09T19:55:12+00:00,LA,13,17,0.63,8-6,-2.0,1.11,0.012,0.05,1.62
2024,15,2026-10-09T19:55:12+00:00,HOU,14,15,0.48,9-5,2.0,-0.53,-0.06,-0.09,1.62
2024,15,2026-10-09T19:55:12+00:00,LAC,15,12,0.25,8-6,3.4,-0.2,-0.036,-0.052,1.62
2024,15,2026-10-09T19:55:12+00:00,WAS,16,18,0.01,9-5,5.8,-0.96,0.152,-0.004,1.62
2024,15,2026-10-09T19:55:12+00:00,MIA,17,16,-0.1,6-8,-2.6,-0.67,-0.047,-0.008,1.62
2024,15,2026-10-09T19:55:12+00:00,SEA,18,13,-0.21,8-6,0.1,0.5,-0.048,-0.003,1.62
2024,15,2026-10-09T19:55:12+00:00,NO,19,19,-0.36,5-9,-0.2,-0.93,-0.023,0.003,1.62
2024,15,2026-10-09T19:55:12+00:00,ARI,20,20,-0.58,7-7,0.6,0.89,0.048,0.042,1.62
2024,15,2026-10-09T19:55:12+00:00,DAL,21,21,-0.6,6-8,-5.9,-0.17,-0.111,0.072,1.62
2024,15,2026-10-09T19:55:12+00:00,CHI,22,22,-2.29,4-10,-3.0,-0.21,-0.075,0.0,1.62
2024,15,2026-10-09T19:55:12+00:00,IND,23,23,-2.5,6-8,-3.5,0.5,-0.095,-0.021,1.62
2024,15,2026-10-09T19:55:12+00:00,ATL,24,26,-2.59,7-7,-3.5,0.69,-0.003,0.053,1.62
2024,15,2026-10-09T19:55:12+00:00,NYJ,25,25,-2.63,4-10,-3.0,-0.42,0.003,0.013,1.62
2024,15,2026-10-09T19:55:12+00:00,CLE,26,24,-3.45,3-11,-8.4,0.43,-0.148,0.006,1.62
2024,15,2026-10-09T19:55:12+00:00,LV,27,27,-3.48,2-12,-9.4,0.7,-0.167,0.025,1.62
2024,15,2026-10-09T19:55:12+00:00,JAX,28,28,-3.68,3-11,-8.1,0.35,-0.037,0.163,1.62
2024,15,2026-10-09T19:55:12+00:00,NE,29,29,-4.42,3-11,-7.1,-1.17,-0.075,0.065,1.62
2024,15,2026-10-09T19:55:12+00:00,NYG,30,30,-4.94,2-12,-8.6,0.47,-0.116,0.078,1.62
2024,15,2026-10-09T19:55:12+00:00,TEN,31,31,-4.99,3-11,-8.9,0.42,-0.134,-0.003,1.62
2024,15,2026-10-09T19:55:12+00:00,CAR,32,32,-6.25,3-11,-12.2,-0.06,-0.135,0.129,1.62
2024,16,2026-10-09T19:55:12+00:00,DET,1,1,6.9,13-2,12.9,0.43,0.168,-0.075,2.15
2024,16,2026-10-09T19:55:12+00:00,GB,2,4,5.77,11-4,8.4,0.44,0.104,-0.09,2.15
2024,16,2026-10-09T19:55:12+00:00,BAL,3,3,5.51,10-5,6.9,0.6,0.223,-0.009,2.15
2024,16,2026-10-09T19:55:12+00:00,BUF,4,2,5.42,12-3,9.2,-0.03,0.211,-0.001,2.15
2024,16,2026-10-09T19:55:12+00:00,PHI,5,5,3.8,12-3,7.9,-0.35,0.115,-0.097,2.15
2024,16,2026-10-09T19:55:12+00:00,MIN,6,7,3.08,13-2,8.0,-0.88,0.042,-0.105,2.15
2024,16,2026-10-09T19:55:12+00:00,TB,7,6,2.97,8-7,5.0,0.18,0.093,0.017,2.15
2024,16,2026-10-09T19:55:12+00:00,KC,8,8,2.95,14-1,5.2,0.04,0.071,-0.015,2.15
2024,16,2026-10-09T19:55:12+00:00,DEN,9,9,2.05,9-6,5.5,-0.73,-0.021,-0.123,2.15
2024,16,2026-10-09T19:55:12+00:00,CIN,10,12,1.41,7-8,2.0,-0.84,0.084,0.047,2.15
2024,16,2026-10-09T19:55:12+00:00,PIT,11,10,1.04,10-5,3.6,-0.36,-0.024,-0.052,2.15
2024,16,2026-10-09T19:55:12+00:00,LA,12,13,0.96,9-6,-1.2,0.75,0.019,0.045,2.15
2024,16,2026-10-09T19:55:12+00:00,SF,13,11,0.7,6-9,-1.2,0.74,0.039,0.002,2.15
2024,16,2026-10-09T19:55:12+00:00,LAC,14,15,0.62,9-6,3.6,-0.07,-0.019,-0.036,2.15
2024,16,2026-10-09T19:55:12+00:00,MIA,15,17,0.55,7-8,-1.6,-0.48,-0.033,-0.003,2.15
2024,16,2026-10-09T19:55:12+00:00,HOU,16,14,0.34,9-6,1.3,-0.12,-0.05,-0.074,2.15
2024,16,2026-10-09T19:55:12+00:00,WAS,17,16,0.09,10-5,5.6,-0.95,0.138,-0.002,2.15
2024,16,2026-10-09T19:55:12+00:00,SEA,18,18,-0.36,8-7,-0.1,0.65,-0.042,0.004,2.15
2024,16,2026-10-09T19:55:12+00:00,DAL,19,21,-0.45,7-8,-5.3,-0.16,-0.102,0.073,2.15
2024,16,2026-10-09T19:55:12+00:00,ARI,20,20,-1.07,7-8,0.1,0.55,0.056,0.056,2.15
2024,16,2026-10-09T19:55:12+00:00,ATL,21,24,-1.36,8-7,-1.5,0.01,0.002,0.02,2.15
2024,16,2026-10-09T19:55:12+00:00,NO,22,19,-1.78,5-10,-2.5,-0.36,-0.045,0.021,2.15
2024,16,2026-10-09T19:55:12+00:00,IND,23,23,-2.17,7-8,-2.7,0.17,-0.074,-0.015,2.15
2024,16,2026-10-09T19:55:12+00:00,CHI,24,22,-2.63,4-11,-3.9,0.44,-0.069,0.022,2.15
2024,16,2026-10-09T19:55:12+00:00,NYJ,25,25,-2.98,4-11,-3.5,-0.37,0.0,0.019,2.15
2024,16,2026-10-09T19:55:12+00:00,LV,26,27,-3.12,3-12,-8.4,0.55,-0.161,0.009,2.15
2024,16,2026-10-09T19:55:12+00:00,JAX,27,28,-3.69,3-12,-7.9,0.17,-0.049,0.147,2.15
2024,16,2026-10-09T19:55:12+00:00,NE,28,29,-3.77,3-12,-6.8,-0.73,-0.072,0.063,2.15
2024,16,2026-10-09T19:55:12+00:00,CLE,29,26,-4.07,3-12,-9.0,0.32,-0.157,0.014,2.15
2024,16,2026-10-09T19:55:12+00:00,TEN,30,31,-4.92,3-12,-8.9,0.45,-0.12,0.012,2.15
2024,16,2026-10-09T19:55:12+00:00,CAR,31,32,-5.66,4-11,-11.0,-0.29,-0.109,0.131,2.15
2024,16,2026-10-09T19:55:12+00:00,NYG,32,30,-6.12,2-13,-9.8,0.26,-0.137,0.078,2.15
2024,17,2026-10-09T19:55:12+00:00,BAL,1,3,6.84,11-5,8.2,0.8,0.228,-0.034,2.02
2024,17,2026-10-09T19:55:12+00:00,DET,2,1,6.68,14-2,12.5,0.24,0.181,-0.049,2.02
2024,17,2026-10-09T19:55:12+00:00,BUF,3,4,6.0,13-3,10.2,-0.37,0.208,-0.014,2.02
2024,17,2026-10-09T19:55:12+00:00,GB,4,2,5.4,11-5,7.8,0.47,0.096,-0.078,2.02
2024,17,2026-10-09T19:55:12+00:00,PHI,5,5,5.11,13-3,9.6,-0.49,0.124,-0.11,2.02
2024,17,2026-10-09T19:55:12+00:00,TB,6,7,4.19,9-7,6.8,0.03,0.116,0.009,2.02
2024,17,2026-10-09T19:55:12+00:00,KC,7,8,4.04,15-1,6.1,0.38,0.086,-0.021,2.02
2024,17,2026-10-09T19:55:12+00:00,MIN,8,6,3.03,14-2,7.6,-0.7,0.045,-0.1,2.02
2024,17,2026-10-09T19:55:12+00:00,LAC,9,14,2.36,10-6,5.4,-0.24,0.0,-0.068,2.02
2024,17,2026-10-09T19:55:12+00:00,DEN,10,9,1.94,9-7,4.8,-0.28,-0.009,-0.106,2.02
2024,17,2026-10-09T19:55:12+00:00,CIN,11,10,1.65,8-8,2.2,-0.48,0.088,0.055,2.02
2024,17,2026-10-09T19:55:12+00:00,MIA,12,15,1.13,8-8,-0.4,-1.02,-0.037,-0.026,2.02
2024,17,2026-10-09T19:55:12+00:00,LA,13,12,0.89,10-6,-0.9,0.6,0.015,0.041,2.02
2024,17,2026-10-09T19:55:12+00:00,SF,14,13,0.62,6-10,-1.5,1.05,0.058,0.026,2.02
2024,17,2026-10-09T19:55:12+00:00,WAS,15,17,0.25,11-5,5.6,-0.84,0.143,0.002,2.02
2024,17,2026-10-09T19:55:12+00:00,PIT,16,11,0.15,10-6,2.2,0.16,-0.029,-0.029,2.02
2024,17,2026-10-09T19:55:12+00:00,SEA,17,18,-0.25,9-7,0.1,0.34,-0.05,-0.009,2.02
2024,17,2026-10-09T19:55:12+00:00,ARI,18,20,-1.13,7-9,-0.1,0.51,0.052,0.05,2.02
2024,17,2026-10-09T19:55:12+00:00,HOU,19,16,-1.15,9-7,-0.6,0.07,-0.072,-0.05,2.02
2024,17,2026-10-09T19:55:12+00:00,ATL,20,21,-1.34,8-8,-1.8,0.27,0.006,0.033,2.02
2024,17,2026-10-09T19:55:12+00:00,DAL,21,19,-1.8,7-9,-7.1,0.24,-0.115,0.085,2.02
2024,17,2026-10-09T19:55:12+00:00,LV,22,26,-1.86,4-12,-6.9,0.65,-0.144,-0.009,2.02
2024,17,2026-10-09T19:55:12+00:00,NO,23,22,-2.63,5-11,-3.2,-0.33,-0.06,0.026,2.02
2024,17,2026-10-09T19:55:12+00:00,CHI,24,24,-2.85,4-12,-3.9,0.03,-0.078,0.01,2.02
2024,17,2026-10-09T19:55:12+00:00,IND,25,23,-3.04,7-9,-3.3,-0.56,-0.067,0.01,2.02
2024,17,2026-10-09T19:55:12+00:00,JAX,26,27,-3.51,4-12,-7.0,-0.42,-0.036,0.14,2.02
2024,17,2026-10-09T19:55:12+00:00,NYJ,27,25,-3.85,4-12,-4.9,-0.32,-0.013,0.028,2.02
2024,17,2026-10-09T19:55:12+00:00,CLE,28,29,-4.64,3-13,-9.5,0.64,-0.17,0.007,2.02
2024,17,2026-10-09T19:55:12+00:00,TEN,29,30,-5.09,3-13,-8.8,0.02,-0.11,0.021,2.02
2024,17,2026-10-09T19:55:12+00:00,NYG,30,32,-5.21,3-13,-8.4,-0.04,-0.105,0.076,2.02
2024,17,2026-10-09T19:55:12+00:00,NE,31,28,-5.33,3-13,-8.4,-0.68,-0.102,0.077,2.02
2024,17,2026-10-09T19:55:12+00:00,CAR,32,31,-6.6,4-12,-12.4,0.27,-0.109,0.151,2.02
2024,18,2026-10-09T19:55:12+00:00,BAL,1,1,7.25,12-5,9.2,0.36,0.224,-0.059,2.31
2024,18,2026-10-09T19:55:12+00:00,DET,2,2,7.23,15-2,13.1,0.24,0.172,-0.066,2.31
2024,18,2026-10-09T19:55:12+00:00,BUF,3,3,5.0,13-4,9.2,-0.56,0.192,-0.011,2.31
2024,18,2026-10-09T19:55:12+00:00,PHI,4,5,4.67,14-3,9.4,-0.79,0.115,-0.111,2.31
2024,18,2026-10-09T19:55:12+00:00,GB,5,4,4.54,11-6,7.2,0.28,0.084,-0.084,2.31
2024,18,2026-10-09T19:55:12+00:00,TB,6,6,4.02,10-7,6.9,-0.11,0.122,0.009,2.31
2024,18,2026-10-09T19:55:12+00:00,DEN,7,10,3.87,10-7,6.7,-0.18,0.016,-0.126,2.31
2024,18,2026-10-09T19:55:12+00:00,LAC,8,9,2.97,11-6,5.9,-0.3,0.017,-0.07,2.31
2024,18,2026-10-09T19:55:12+00:00,MIN,9,8,2.13,14-3,5.9,-0.15,0.023,-0.094,2.31
2024,18,2026-10-09T19:55:12+00:00,KC,10,7,1.96,15-2,3.5,0.58,0.055,0.004,2.31
2024,18,2026-10-09T19:55:12+00:00,CIN,11,11,1.77,9-8,2.2,-0.38,0.081,0.042,2.31
2024,18,2026-10-09T19:55:12+00:00,WAS,12,15,0.43,12-5,5.5,-0.81,0.14,-0.0,2.31
2024,18,2026-10-09T19:55:12+00:00,LA,13,13,0.41,10-7,-1.1,0.52,0.016,0.053,2.31
2024,18,2026-10-09T19:55:12+00:00,MIA,14,12,0.3,8-9,-1.1,-1.16,-0.042,-0.021,2.31
2024,18,2026-10-09T19:55:12+00:00,SEA,15,17,0.2,10-7,0.4,0.4,-0.033,-0.008,2.31
2024,18,2026-10-09T19:55:12+00:00,ARI,16,18,0.14,8-9,1.2,0.44,0.063,0.048,2.31
2024,18,2026-10-09T19:55:12+00:00,PIT,17,16,-0.04,10-7,1.9,0.28,-0.038,-0.029,2.31
2024,18,2026-10-09T19:55:12+00:00,SF,18,14,-0.64,6-11,-2.8,0.9,0.055,0.039,2.31
2024,18,2026-10-09T19:55:12+00:00,HOU,19,19,-0.78,10-7,0.0,-0.34,-0.064,-0.058,2.31
2024,18,2026-10-09T19:55:12+00:00,ATL,20,20,-1.93,8-9,-2.0,-0.09,0.023,0.055,2.31
2024,18,2026-10-09T19:55:12+00:00,DAL,21,21,-1.96,7-10,-6.9,0.24,-0.111,0.085,2.31
2024,18,2026-10-09T19:55:12+00:00,CHI,22,24,-2.13,5-12,-3.5,0.36,-0.083,0.003,2.31
2024,18,2026-10-09T19:55:12+00:00,LV,23,22,-2.5,4-13,-7.4,0.74,-0.142,0.009,2.31
2024,18,2026-10-09T19:55:12+00:00,NO,24,23,-2.58,5-12,-3.5,-0.16,-0.056,0.037,2.31
2024,18,2026-10-09T19:55:12+00:00,IND,25,25,-2.79,8-9,-2.9,-0.59,-0.062,0.011,2.31
2024,18,2026-10-09T19:55:12+00:00,NYJ,26,27,-2.98,5-12,-3.9,-0.24,-0.009,0.019,2.31
2024,18,2026-10-09T19:55:12+00:00,JAX,27,26,-3.43,4-13,-6.8,-0.63,-0.032,0.133,2.31
2024,18,2026-10-09T19:55:12+00:00,NE,28,31,-4.28,4-13,-7.5,-0.29,-0.094,0.068,2.31
2024,18,2026-10-09T19:55:12+00:00,NYG,29,30,-4.81,3-14,-8.4,0.21,-0.106,0.069,2.31
2024,18,2026-10-09T19:55:12+00:00,CLE,30,28,-5.12,3-14,-10.4,0.99,-0.187,0.016,2.31
2024,18,2026-10-09T19:55:12+00:00,TEN,31,29,-5.24,3-14,-8.8,0.06,-0.114,0.023,2.31
2024,18,2026-10-09T19:55:12+00:00,CAR,32,32,-5.69,5-12,-11.4,0.2,-0.078,0.16,2.31
2025,1,2026-10-09T19:55:12+00:00,BAL,1,1,6.97,0-1,-1.0,4.79,0.386,0.235,2.48
2025,1,2026-10-09T19:55:12+00:00,DET,2,2,6.38,0-1,-14.0,5.06,-0.062,0.2,2.48
2025,1,2026-10-09T19:55:12+00:00,GB,3,5,5.06,1-0,14.0,6.38,0.2,-0.062,2.48
2025,1,2026-10-09T19:55:12+00:00,BUF,4,3,4.79,1-0,1.0,6.97,0.235,0.386,2.48
2025,1,2026-10-09T19:55:12+00:00,PHI,5,4,4.28,1-0,4.0,-1.72,0.16,0.035,2.48
2025,1,2026-10-09T19:55:12+00:00,TB,6,6,3.84,1-0,3.0,-1.88,0.114,0.055,2.48
2025,1,2026-10-09T19:55:12+00:00,DEN,7,7,3.61,1-0,8.0,-4.75,-0.148,-0.41,2.48
2025,1,2026-10-09T19:55:12+00:00,LAC,8,8,3.11,1-0,6.0,1.65,0.32,0.215,2.48
2025,1,2026-10-09T19:55:12+00:00,MIN,9,9,2.16,1-0,3.0,-2.12,-0.177,-0.071,2.48
2025,1,2026-10-09T19:55:12+00:00,KC,10,10,1.65,0-1,-6.0,3.11,0.215,0.32,2.48
2025,1,2026-10-09T19:55:12+00:00,CIN,11,11,1.58,1-0,1.0,-4.86,-0.109,-0.051,2.48
2025,1,2026-10-09T19:55:12+00:00,WAS,12,12,0.78,1-0,15.0,-5.04,0.186,-0.241,2.48
2025,1,2026-10-09T19:55:12+00:00,ARI,13,16,0.43,1-0,7.0,-2.85,0.044,-0.042,2.48
2025,1,2026-10-09T19:55:12+00:00,LA,14,13,0.42,1-0,5.0,-0.74,-0.038,-0.132,2.48
2025,1,2026-10-09T19:55:12+00:00,PIT,15,17,0.04,1-0,2.0,-3.05,0.17,0.212,2.48
2025,1,2026-10-09T19:55:12+00:00,SEA,16,15,-0.17,0-1,-4.0,-0.33,-0.265,0.112,2.48
2025,1,2026-10-09T19:55:12+00:00,SF,17,18,-0.33,1-0,4.0,-0.17,0.112,-0.265,2.48
2025,1,2026-10-09T19:55:12+00:00,HOU,18,19,-0.74,0-1,-5.0,0.42,-0.132,-0.038,2.48
2025,1,2026-10-09T19:55:12+00:00,MIA,19,14,-0.96,0-1,-25.0,-1.31,-0.257,0.265,2.48
2025,1,2026-10-09T19:55:12+00:00,IND,20,25,-1.31,1-0,25.0,-0.96,0.265,-0.257,2.48
2025,1,2026-10-09T19:55:12+00:00,DAL,21,21,-1.72,0-1,-4.0,4.28,0.035,0.16,2.48
2025,1,2026-10-09T19:55:12+00:00,ATL,22,20,-1.88,0-1,-3.0,3.84,0.055,0.114,2.48
2025,1,2026-10-09T19:55:12+00:00,LV,23,23,-2.07,1-0,7.0,-4.56,0.115,-0.066,2.48
2025,1,2026-10-09T19:55:12+00:00,CHI,24,22,-2.12,0-1,-3.0,2.16,-0.071,-0.177,2.48
2025,1,2026-10-09T19:55:12+00:00,JAX,25,27,-2.58,1-0,16.0,-6.11,0.152,-0.256,2.48
2025,1,2026-10-09T19:55:12+00:00,NO,26,24,-2.85,0-1,-7.0,0.43,-0.042,0.044,2.48
2025,1,2026-10-09T19:55:12+00:00,NYJ,27,26,-3.05,0-1,-2.0,0.04,0.212,0.17,2.48
2025,1,2026-10-09T19:55:12+00:00,NE,28,28,-4.56,0-1,-7.0,-2.07,-0.066,0.115,2.48
2025,1,2026-10-09T19:55:12+00:00,TEN,29,31,-4.75,0-1,-8.0,3.61,-0.41,-0.148,2.48
2025,1,2026-10-09T19:55:12+00:00,CLE,30,30,-4.86,0-1,-1.0,1.58,-0.051,-0.109,2.48
2025,1,2026-10-09T19:55:12+00:00,NYG,31,29,-5.04,0-1,-15.0,0.78,-0.241,0.186,2.48
2025,1,2026-10-09T19:55:12+00:00,CAR,32,32,-6.11,0-1,-16.0,-2.58,-0.256,0.152,2.48
2025,2,2026-10-09T19:55:12+00:00,BAL,1,1,7.21,1-1,11.5,0.05,0.255,-0.014,2.13
2025,2,2026-10-09T19:55:12+00:00,DET,2,2,7.11,1-1,8.5,0.94,0.174,0.017,2.13
2025,2,2026-10-09T19:55:12+00:00,BUF,3,4,5.5,2-0,10.5,1.76,0.216,0.045,2.13
2025,2,2026-10-09T19:55:12+00:00,GB,4,3,5.02,2-0,11.5,3.9,0.18,-0.112,2.13
2025,2,2026-10-09T19:55:12+00:00,PHI,5,5,4.34,2-0,3.5,-0.15,0.078,-0.05,2.13
2025,2,2026-10-09T19:55:12+00:00,TB,6,6,3.81,2-0,2.0,-0.69,0.124,-0.005,2.13
2025,2,2026-10-09T19:55:12+00:00,LAC,7,8,3.39,2-0,8.5,-0.49,0.15,-0.088,2.13
2025,2,2026-10-09T19:55:12+00:00,DEN,8,7,3.29,1-1,3.5,-3.17,0.022,-0.13,2.13
2025,2,2026-10-09T19:55:12+00:00,KC,9,10,1.42,0-2,-4.5,3.87,0.04,0.158,2.13
2025,2,2026-10-09T19:55:12+00:00,CIN,10,11,1.23,2-0,2.5,-3.92,-0.058,0.021,2.13
2025,2,2026-10-09T19:55:12+00:00,LA,11,14,1.07,2-0,9.5,-2.95,0.153,-0.128,2.13
2025,2,2026-10-09T19:55:12+00:00,MIN,12,9,0.93,1-1,-6.5,-1.91,-0.314,-0.05,2.13
2025,2,2026-10-09T19:55:12+00:00,SEA,13,16,0.7,1-1,5.0,-0.45,-0.096,-0.032,2.13
2025,2,2026-10-09T19:55:12+00:00,WAS,14,12,0.68,1-1,3.0,0.16,0.012,-0.04,2.13
2025,2,2026-10-09T19:55:12+00:00,ARI,15,13,0.33,2-0,6.0,-4.3,0.086,-0.03,2.13
2025,2,2026-10-09T19:55:12+00:00,SF,16,17,0.01,2-0,4.5,-1.1,0.08,-0.172,2.13
2025,2,2026-10-09T19:55:12+00:00,ATL,17,22,-0.68,1-1,6.5,2.37,0.013,-0.168,2.13
2025,2,2026-10-09T19:55:12+00:00,HOU,18,18,-0.7,0-2,-3.0,2.44,-0.099,0.048,2.13
2025,2,2026-10-09T19:55:12+00:00,PIT,19,15,-0.91,1-1,-6.0,-1.5,-0.003,0.143,2.13
2025,2,2026-10-09T19:55:12+00:00,IND,20,20,-1.13,2-0,13.0,0.87,0.207,-0.033,2.13
2025,2,2026-10-09T19:55:12+00:00,MIA,21,19,-1.54,0-2,-15.5,-2.45,-0.043,0.304,2.13
2025,2,2026-10-09T19:55:12+00:00,DAL,22,21,-1.73,1-1,-0.5,-0.18,0.084,0.191,2.13
2025,2,2026-10-09T19:55:12+00:00,LV,23,23,-2.41,1-1,-2.0,-0.19,-0.139,-0.043,2.13
2025,2,2026-10-09T19:55:12+00:00,JAX,24,25,-2.45,1-1,6.0,-2.23,0.123,-0.132,2.13
2025,2,2026-10-09T19:55:12+00:00,NO,25,26,-2.9,0-2,-6.0,0.17,-0.06,0.046,2.13
2025,2,2026-10-09T19:55:12+00:00,CHI,26,24,-3.14,0-2,-17.0,4.02,-0.119,0.116,2.13
2025,2,2026-10-09T19:55:12+00:00,NYJ,27,27,-3.69,0-2,-11.0,2.3,-0.042,0.184,2.13
2025,2,2026-10-09T19:55:12+00:00,NE,28,28,-3.78,1-1,-0.5,-1.97,0.139,0.142,2.13
2025,2,2026-10-09T19:55:12+00:00,NYG,29,31,-4.71,0-2,-9.0,-0.52,-0.01,0.16,2.13
2025,2,2026-10-09T19:55:12+00:00,TEN,30,29,-5.21,0-2,-11.0,2.18,-0.267,0.098,2.13
2025,2,2026-10-09T19:55:12+00:00,CLE,31,30,-5.39,0-2,-12.5,4.22,-0.157,0.008,2.13
2025,2,2026-10-09T19:55:12+00:00,CAR,32,32,-5.69,0-2,-10.5,-1.06,-0.137,0.14,2.13
2025,3,2026-10-09T19:55:12+00:00,DET,1,2,7.69,2-1,8.3,3.01,0.246,0.034,2.6
2025,3,2026-10-09T19:55:12+00:00,BAL,2,1,6.35,1-2,5.0,2.72,0.193,0.121,2.6
2025,3,2026-10-09T19:55:12+00:00,BUF,3,3,5.42,3-0,10.3,0.6,0.237,0.048,2.6
2025,3,2026-10-09T19:55:12+00:00,GB,4,4,4.55,2-1,6.7,1.24,0.094,-0.125,2.6
2025,3,2026-10-09T19:55:12+00:00,PHI,5,5,4.14,3-0,4.7,0.06,0.058,-0.045,2.6
2025,3,2026-10-09T19:55:12+00:00,TB,6,6,3.15,3-0,2.0,-2.12,0.089,-0.065,2.6
2025,3,2026-10-09T19:55:12+00:00,LAC,7,7,3.14,3-0,6.7,0.6,0.087,-0.074,2.6
2025,3,2026-10-09T19:55:12+00:00,DEN,8,8,3.11,1-2,1.3,-0.99,-0.001,-0.1,2.6
2025,3,2026-10-09T19:55:12+00:00,MIN,9,12,2.84,2-1,8.3,-1.58,-0.169,-0.296,2.6
2025,3,2026-10-09T19:55:12+00:00,SEA,10,13,2.11,2-1,13.7,-1.58,-0.017,-0.061,2.6
2025,3,2026-10-09T19:55:12+00:00,KC,11,9,1.75,1-2,1.3,0.71,0.077,0.022,2.6
2025,3,2026-10-09T19:55:12+00:00,LA,12,11,1.01,2-1,4.0,-0.96,0.09,-0.08,2.6
2025,3,2026-10-09T19:55:12+00:00,WAS,13,14,1.0,2-1,7.7,-1.23,0.101,-0.012,2.6
2025,3,2026-10-09T19:55:12+00:00,ARI,14,15,0.65,2-1,3.7,-2.69,0.053,-0.038,2.6
2025,3,2026-10-09T19:55:12+00:00,SF,15,16,0.13,3-0,3.3,-0.49,0.035,-0.118,2.6
2025,3,2026-10-09T19:55:12+00:00,IND,16,20,-0.11,3-0,15.7,-1.44,0.269,-0.079,2.6
2025,3,2026-10-09T19:55:12+00:00,PIT,17,19,-0.62,2-1,-1.7,-1.67,-0.02,0.043,2.6
2025,3,2026-10-09T19:55:12+00:00,CIN,18,10,-0.66,2-1,-11.0,-1.38,-0.301,0.054,2.6
2025,3,2026-10-09T19:55:12+00:00,HOU,19,18,-1.02,0-3,-4.3,0.71,-0.135,-0.022,2.6
2025,3,2026-10-09T19:55:12+00:00,MIA,20,21,-1.43,0-3,-13.7,0.44,-0.011,0.295,2.6
2025,3,2026-10-09T19:55:12+00:00,CHI,21,26,-1.87,1-2,-5.7,2.65,0.021,0.064,2.6
2025,3,2026-10-09T19:55:12+00:00,JAX,22,24,-2.03,2-1,6.3,-1.88,0.027,-0.157,2.6
2025,3,2026-10-09T19:55:12+00:00,ATL,23,17,-2.21,1-2,-5.7,0.67,-0.104,-0.115,2.6
2025,3,2026-10-09T19:55:12+00:00,DAL,24,22,-2.58,1-2,-6.0,-0.96,0.043,0.228,2.6
2025,3,2026-10-09T19:55:12+00:00,LV,25,23,-3.07,1-2,-7.0,0.05,-0.077,0.065,2.6
2025,3,2026-10-09T19:55:12+00:00,NYJ,26,27,-3.12,0-3,-8.0,2.65,-0.089,0.129,2.6
2025,3,2026-10-09T19:55:12+00:00,CAR,27,32,-3.97,1-2,3.0,-1.19,-0.095,-0.02,2.6
2025,3,2026-10-09T19:55:12+00:00,NE,28,28,-4.0,1-2,-2.7,-1.71,0.04,0.077,2.6
2025,3,2026-10-09T19:55:12+00:00,NO,29,25,-4.24,0-3,-14.3,0.97,-0.08,0.078,2.6
2025,3,2026-10-09T19:55:12+00:00,CLE,30,31,-4.96,1-2,-7.3,3.41,-0.155,-0.021,2.6
2025,3,2026-10-09T19:55:12+00:00,NYG,31,29,-5.17,0-3,-10.3,0.06,-0.09,0.157,2.6
2025,3,2026-10-09T19:55:12+00:00,TEN,32,30,-6.0,0-3,-14.3,1.34,-0.235,0.196,2.6
2025,4,2026-10-09T19:55:12+00:00,DET,1,1,7.79,3-1,12.2,0.54,0.153,-0.065,3.07
2025,4,2026-10-09T19:55:12+00:00,BUF,2,3,5.33,4-0,10.8,-0.8,0.227,0.013,3.07
2025,4,2026-10-09T19:55:12+00:00,BAL,3,2,5.15,1-3,-0.5,2.6,0.129,0.149,3.07
2025,4,2026-10-09T19:55:12+00:00,PHI,4,5,4.42,4-0,5.0,1.05,0.025,-0.07,3.07
2025,4,2026-10-09T19:55:12+00:00,GB,5,4,4.13,2-1-1,5.0,0.16,0.156,-0.005,3.07
2025,4,2026-10-09T19:55:12+00:00,DEN,6,8,3.93,2-2,7.2,-1.4,0.055,-0.139,3.07
2025,4,2026-10-09T19:55:12+00:00,LAC,7,7,2.79,3-1,4.2,-0.24,0.024,-0.092,3.07
2025,4,2026-10-09T19:55:12+00:00,KC,8,11,2.71,2-2,5.2,1.94,0.115,0.001,3.07
2025,4,2026-10-09T19:55:12+00:00,TB,9,6,2.64,3-1,0.0,-0.13,0.03,-0.067,3.07
2025,4,2026-10-09T19:55:12+00:00,MIN,10,9,2.37,2-2,5.5,-1.38,-0.115,-0.172,3.07
2025,4,2026-10-09T19:55:12+00:00,SEA,11,10,2.24,3-1,11.0,-1.14,0.001,-0.066,3.07
2025,4,2026-10-09T19:55:12+00:00,LA,12,12,1.16,3-1,4.8,-0.59,0.088,-0.083,3.07
2025,4,2026-10-09T19:55:12+00:00,WAS,13,13,0.56,2-2,4.0,-1.35,0.109,0.058,3.07
2025,4,2026-10-09T19:55:12+00:00,ARI,14,14,0.3,2-2,2.0,-1.87,0.02,-0.015,3.07
2025,4,2026-10-09T19:55:12+00:00,HOU,15,19,-0.01,1-3,3.2,-1.09,-0.064,-0.102,3.07
2025,4,2026-10-09T19:55:12+00:00,IND,16,16,-0.14,3-1,10.0,-0.68,0.179,-0.039,3.07
2025,4,2026-10-09T19:55:12+00:00,PIT,17,17,-0.28,3-1,-0.5,-0.22,0.035,0.043,3.07
2025,4,2026-10-09T19:55:12+00:00,SF,18,15,-0.4,3-1,1.2,-0.78,0.009,-0.069,3.07
2025,4,2026-10-09T19:55:12+00:00,MIA,19,20,-1.17,1-3,-8.8,-0.08,0.024,0.261,3.07
2025,4,2026-10-09T19:55:12+00:00,JAX,20,22,-1.5,3-1,6.0,-1.79,0.04,-0.135,3.07
2025,4,2026-10-09T19:55:12+00:00,CIN,21,18,-1.6,2-2,-14.5,-0.15,-0.29,0.097,3.07
2025,4,2026-10-09T19:55:12+00:00,CHI,22,21,-1.72,2-2,-4.0,1.2,-0.014,-0.001,3.07
2025,4,2026-10-09T19:55:12+00:00,ATL,23,23,-1.92,2-2,-2.5,0.11,-0.011,-0.053,3.07
2025,4,2026-10-09T19:55:12+00:00,DAL,24,24,-2.31,1-2-1,-4.5,0.56,0.122,0.256,3.07
2025,4,2026-10-09T19:55:12+00:00,NE,25,28,-2.5,2-2,5.2,-2.41,0.128,0.052,3.07
2025,4,2026-10-09T19:55:12+00:00,NYJ,26,26,-3.0,0-4,-7.5,1.63,-0.027,0.129,3.07
2025,4,2026-10-09T19:55:12+00:00,LV,27,25,-3.03,1-3,-5.5,-0.22,-0.107,0.018,3.07
2025,4,2026-10-09T19:55:12+00:00,NO,28,29,-4.18,0-4,-13.8,1.87,-0.083,0.107,3.07
2025,4,2026-10-09T19:55:12+00:00,NYG,29,31,-4.59,1-3,-7.0,0.94,-0.104,0.076,3.07
2025,4,2026-10-09T19:55:12+00:00,CAR,30,27,-5.15,1-3,-5.0,-1.4,-0.077,0.083,3.07
2025,4,2026-10-09T19:55:12+00:00,CLE,31,30,-5.42,1-3,-11.5,3.87,-0.207,-0.048,3.07
2025,4,2026-10-09T19:55:12+00:00,TEN,32,32,-6.64,0-4,-17.2,1.24,-0.262,0.185,3.07
2025,5,2026-10-09T19:55:12+00:00,DET,1,1,7.86,4-1,12.4,-0.42,0.168,-0.076,2.62
2025,5,2026-10-09T19:55:12+00:00,BUF,2,2,4.42,4-1,8.0,-1.57,0.189,0.022,2.62
2025,5,2026-10-09T19:55:12+00:00,GB,3,5,4.17,2-1-1,5.0,0.72,0.156,-0.005,2.62
2025,5,2026-10-09T19:55:12+00:00,DEN,4,6,4.04,3-2,6.6,-0.12,0.059,-0.11,2.62
2025,5,2026-10-09T19:55:12+00:00,PHI,5,4,3.99,4-1,3.2,1.72,0.02,-0.042,2.62
2025,5,2026-10-09T19:55:12+00:00,TB,6,9,2.88,4-1,0.6,0.51,0.103,0.027,2.62
2025,5,2026-10-09T19:55:12+00:00,BAL,7,3,2.75,1-4,-7.2,2.27,0.036,0.197,2.62
2025,5,2026-10-09T19:55:12+00:00,HOU,8,15,2.31,2-3,9.4,0.02,0.027,-0.149,2.62
2025,5,2026-10-09T19:55:12+00:00,MIN,9,10,2.15,3-2,5.2,-2.26,-0.085,-0.14,2.62
2025,5,2026-10-09T19:55:12+00:00,KC,10,8,2.11,2-3,3.6,0.46,0.13,0.006,2.62
2025,5,2026-10-09T19:55:12+00:00,SEA,11,11,1.82,3-2,8.2,-0.31,0.082,0.026,2.62
2025,5,2026-10-09T19:55:12+00:00,WAS,12,13,1.67,3-2,6.6,-1.11,0.138,0.018,2.62
2025,5,2026-10-09T19:55:12+00:00,IND,13,16,1.52,4-1,14.8,-1.27,0.198,-0.074,2.62
2025,5,2026-10-09T19:55:12+00:00,LAC,14,7,1.35,3-2,0.0,-0.3,-0.009,-0.023,2.62
2025,5,2026-10-09T19:55:12+00:00,LA,15,12,0.87,3-2,3.2,0.46,0.085,-0.041,2.62
2025,5,2026-10-09T19:55:12+00:00,SF,16,18,-0.06,4-1,1.6,-0.42,0.032,-0.04,2.62
2025,5,2026-10-09T19:55:12+00:00,ARI,17,14,-0.21,2-3,1.4,-2.42,0.001,-0.02,2.62
2025,5,2026-10-09T19:55:12+00:00,PIT,18,17,-0.52,3-1,-0.5,-0.41,0.035,0.043,2.62
2025,5,2026-10-09T19:55:12+00:00,JAX,19,20,-0.94,4-1,5.4,-0.47,0.038,-0.07,2.62
2025,5,2026-10-09T19:55:12+00:00,DAL,20,24,-1.29,2-2-1,-0.6,-0.43,0.169,0.207,2.62
2025,5,2026-10-09T19:55:12+00:00,MIA,21,19,-1.35,1-4,-7.6,-0.88,0.038,0.241,2.62
2025,5,2026-10-09T19:55:12+00:00,CHI,22,22,-1.65,2-2,-4.0,1.06,-0.014,-0.001,2.62
2025,5,2026-10-09T19:55:12+00:00,ATL,23,23,-1.76,2-2,-2.5,0.5,-0.011,-0.053,2.62
2025,5,2026-10-09T19:55:12+00:00,NE,24,25,-1.82,3-2,4.8,-1.33,0.115,0.049,2.62
2025,5,2026-10-09T19:55:12+00:00,CIN,25,21,-2.0,2-3,-14.2,1.55,-0.256,0.123,2.62
2025,5,2026-10-09T19:55:12+00:00,NO,26,28,-3.65,1-4,-8.6,0.22,-0.057,0.028,2.62
2025,5,2026-10-09T19:55:12+00:00,NYJ,27,26,-3.8,0-5,-9.0,0.83,-0.02,0.175,2.62
2025,5,2026-10-09T19:55:12+00:00,LV,28,27,-4.47,1-4,-11.2,0.22,-0.128,0.07,2.62
2025,5,2026-10-09T19:55:12+00:00,CAR,29,30,-4.72,2-3,-3.4,-1.21,-0.03,0.086,2.62
2025,5,2026-10-09T19:55:12+00:00,NYG,30,29,-4.85,1-4,-8.0,0.04,-0.141,0.07,2.62
2025,5,2026-10-09T19:55:12+00:00,CLE,31,31,-5.38,1-4,-10.0,2.99,-0.168,-0.031,2.62
2025,5,2026-10-09T19:55:12+00:00,TEN,32,32,-5.46,1-4,-13.6,1.71,-0.217,0.133,2.62
2025,6,2026-10-09T19:55:12+00:00,DET,1,1,6.72,4-2,8.2,-0.12,0.158,-0.019,2.8
2025,6,2026-10-09T19:55:12+00:00,GB,2,3,3.93,3-1-1,5.8,-0.23,0.166,0.015,2.8
2025,6,2026-10-09T19:55:12+00:00,DEN,3,4,3.62,4-2,5.8,-0.89,0.035,-0.162,2.8
2025,6,2026-10-09T19:55:12+00:00,BUF,4,2,3.6,4-2,5.0,-1.55,0.138,0.03,2.8
2025,6,2026-10-09T19:55:12+00:00,TB,5,6,3.13,5-1,2.3,0.43,0.135,0.009,2.8
2025,6,2026-10-09T19:55:12+00:00,KC,6,10,2.8,3-3,5.2,1.29,0.153,0.024,2.8
2025,6,2026-10-09T19:55:12+00:00,PHI,7,5,2.78,4-2,-0.2,1.04,0.001,0.007,2.8
2025,6,2026-10-09T19:55:12+00:00,SEA,8,11,2.25,4-2,8.2,-0.43,0.077,0.018,2.8
2025,6,2026-10-09T19:55:12+00:00,HOU,9,8,2.13,2-3,9.4,-0.11,0.027,-0.149,2.8
2025,6,2026-10-09T19:55:12+00:00,MIN,10,9,2.11,3-2,5.2,-2.03,-0.085,-0.14,2.8
2025,6,2026-10-09T19:55:12+00:00,LA,11,15,1.7,4-2,5.0,0.35,0.066,-0.09,2.8
2025,6,2026-10-09T19:55:12+00:00,BAL,12,7,1.6,1-5,-8.3,1.88,-0.025,0.159,2.8
2025,6,2026-10-09T19:55:12+00:00,LAC,13,14,1.53,4-2,0.3,-0.18,0.01,-0.004,2.8
2025,6,2026-10-09T19:55:12+00:00,IND,14,13,1.48,5-1,13.0,-0.96,0.19,-0.046,2.8
2025,6,2026-10-09T19:55:12+00:00,WAS,15,12,1.36,3-3,5.3,-0.7,0.104,0.043,2.8
2025,6,2026-10-09T19:55:12+00:00,ARI,16,17,-0.11,2-4,0.5,-1.71,0.016,0.008,2.8
2025,6,2026-10-09T19:55:12+00:00,PIT,17,18,-0.17,4-1,2.4,-1.24,0.054,-0.002,2.8
2025,6,2026-10-09T19:55:12+00:00,SF,18,16,-0.28,4-2,-0.5,0.31,0.013,0.015,2.8
2025,6,2026-10-09T19:55:12+00:00,ATL,19,23,-0.89,3-2,0.0,1.18,0.004,-0.067,2.8
2025,6,2026-10-09T19:55:12+00:00,CHI,20,22,-1.29,3-2,-3.0,0.96,0.022,-0.013,2.8
2025,6,2026-10-09T19:55:12+00:00,JAX,21,19,-1.35,4-2,3.2,0.09,0.028,-0.05,2.8
2025,6,2026-10-09T19:55:12+00:00,MIA,22,21,-1.38,1-5,-6.7,-0.42,0.047,0.218,2.8
2025,6,2026-10-09T19:55:12+00:00,NE,23,24,-1.41,4-2,5.0,-1.66,0.122,0.034,2.8
2025,6,2026-10-09T19:55:12+00:00,DAL,24,20,-1.44,2-3-1,-1.0,-0.98,0.171,0.199,2.8
2025,6,2026-10-09T19:55:12+00:00,CIN,25,25,-2.08,2-4,-13.3,1.56,-0.198,0.137,2.8
2025,6,2026-10-09T19:55:12+00:00,NYJ,26,27,-3.43,0-6,-7.8,1.23,-0.086,0.132,2.8
2025,6,2026-10-09T19:55:12+00:00,NYG,27,30,-3.57,2-4,-3.8,0.54,-0.075,0.043,2.8
2025,6,2026-10-09T19:55:12+00:00,NO,28,26,-3.77,1-5,-8.2,0.08,-0.054,0.049,2.8
2025,6,2026-10-09T19:55:12+00:00,LV,29,28,-3.93,2-4,-7.7,-0.66,-0.137,0.007,2.8
2025,6,2026-10-09T19:55:12+00:00,CAR,30,29,-4.29,3-3,-2.3,-1.1,0.002,0.101,2.8
2025,6,2026-10-09T19:55:12+00:00,TEN,31,32,-5.65,1-5,-13.0,0.82,-0.232,0.081,2.8
2025,6,2026-10-09T19:55:12+00:00,CLE,32,31,-5.69,1-5,-10.7,2.02,-0.171,-0.004,2.8
2025,7,2026-10-09T19:55:12+00:00,DET,1,1,7.11,5-2,9.1,0.74,0.119,-0.076,2.99
2025,7,2026-10-09T19:55:12+00:00,GB,2,2,4.06,4-1-1,5.5,0.16,0.158,0.004,2.99
2025,7,2026-10-09T19:55:12+00:00,KC,3,6,3.7,4-3,8.9,0.29,0.163,-0.075,2.99
2025,7,2026-10-09T19:55:12+00:00,BUF,4,4,3.44,4-2,5.0,-1.81,0.138,0.03,2.99
2025,7,2026-10-09T19:55:12+00:00,PHI,5,7,3.31,5-2,0.7,1.55,0.041,-0.007,2.99
2025,7,2026-10-09T19:55:12+00:00,DEN,6,3,3.01,5-2,5.1,-1.35,0.042,-0.121,2.99
2025,7,2026-10-09T19:55:12+00:00,LA,7,11,2.97,5-2,8.3,-0.02,0.073,-0.1,2.99
2025,7,2026-10-09T19:55:12+00:00,TB,8,5,2.61,5-2,-0.1,1.33,0.056,-0.01,2.99
2025,7,2026-10-09T19:55:12+00:00,SEA,9,8,2.42,5-2,8.1,-0.33,0.031,-0.029,2.99
2025,7,2026-10-09T19:55:12+00:00,IND,10,14,2.1,6-1,13.1,-1.13,0.225,-0.027,2.99
2025,7,2026-10-09T19:55:12+00:00,BAL,11,12,1.74,1-5,-8.3,2.46,-0.025,0.159,2.99
2025,7,2026-10-09T19:55:12+00:00,MIN,12,10,1.7,3-3,3.3,-0.83,-0.086,-0.07,2.99
2025,7,2026-10-09T19:55:12+00:00,HOU,13,9,1.69,2-4,6.5,0.11,-0.029,-0.165,2.99
2025,7,2026-10-09T19:55:12+00:00,LAC,14,13,0.45,4-3,-1.7,-0.23,0.021,0.059,2.99
2025,7,2026-10-09T19:55:12+00:00,WAS,15,15,0.23,3-4,1.4,-0.85,0.058,0.051,2.99
2025,7,2026-10-09T19:55:12+00:00,SF,16,18,0.1,5-2,1.0,-0.0,0.016,-0.003,2.99
2025,7,2026-10-09T19:55:12+00:00,PIT,17,17,-0.03,4-2,1.7,-1.1,0.106,0.053,2.99
2025,7,2026-10-09T19:55:12+00:00,ARI,18,16,-0.16,2-5,-0.1,-0.77,0.006,0.024,2.99
2025,7,2026-10-09T19:55:12+00:00,DAL,19,24,-0.2,3-3-1,2.3,-0.56,0.161,0.139,2.99
2025,7,2026-10-09T19:55:12+00:00,NE,20,23,-0.64,5-2,6.9,-2.63,0.143,-0.011,2.99
2025,7,2026-10-09T19:55:12+00:00,CHI,21,20,-0.92,4-2,-0.5,-0.03,0.034,-0.061,2.99
2025,7,2026-10-09T19:55:12+00:00,ATL,22,19,-1.34,3-3,-1.7,0.74,-0.015,-0.05,2.99
2025,7,2026-10-09T19:55:12+00:00,CIN,23,25,-1.89,3-4,-11.1,1.3,-0.123,0.169,2.99
2025,7,2026-10-09T19:55:12+00:00,JAX,24,21,-2.59,4-3,-1.3,0.76,0.001,-0.025,2.99
2025,7,2026-10-09T19:55:12+00:00,MIA,25,22,-2.68,1-6,-9.3,-0.92,-0.039,0.176,2.99
2025,7,2026-10-09T19:55:12+00:00,NYG,26,27,-2.92,2-5,-3.4,0.94,-0.047,0.048,2.99
2025,7,2026-10-09T19:55:12+00:00,CAR,27,30,-3.66,4-3,-1.0,-1.66,-0.007,0.05,2.99
2025,7,2026-10-09T19:55:12+00:00,NO,28,28,-3.93,1-6,-8.7,0.19,-0.089,0.056,2.99
2025,7,2026-10-09T19:55:12+00:00,NYJ,29,26,-4.01,0-7,-7.7,0.36,-0.111,0.104,2.99
2025,7,2026-10-09T19:55:12+00:00,CLE,30,32,-4.16,2-5,-5.6,1.43,-0.158,-0.083,2.99
2025,7,2026-10-09T19:55:12+00:00,LV,31,29,-5.06,2-5,-11.0,-0.22,-0.213,0.038,2.99
2025,7,2026-10-09T19:55:12+00:00,TEN,32,31,-6.48,1-6,-13.7,0.56,-0.24,0.107,2.99
2025,8,2026-10-09T19:55:12+00:00,DET,1,1,6.84,5-2,9.1,0.81,0.119,-0.076,3.06
2025,8,2026-10-09T19:55:12+00:00,BUF,2,4,5.0,5-2,8.7,-2.07,0.167,-0.024,3.06
2025,8,2026-10-09T19:55:12+00:00,KC,3,3,4.47,5-3,10.4,0.39,0.174,-0.088,3.06
2025,8,2026-10-09T19:55:12+00:00,GB,4,2,4.19,5-1-1,6.1,-0.38,0.183,-0.019,3.06
2025,8,2026-10-09T19:55:12+00:00,DEN,5,6,3.78,6-2,7.0,-1.06,0.082,-0.099,3.06
2025,8,2026-10-09T19:55:12+00:00,PHI,6,5,3.47,6-2,2.9,0.83,0.093,0.006,3.06
2025,8,2026-10-09T19:55:12+00:00,TB,7,8,3.21,6-2,2.4,0.42,0.03,-0.068,3.06
2025,8,2026-10-09T19:55:12+00:00,LA,8,7,2.94,5-2,8.3,0.17,0.073,-0.1,3.06
2025,8,2026-10-09T19:55:12+00:00,IND,9,10,2.89,7-1,14.5,-1.34,0.245,-0.035,3.06
2025,8,2026-10-09T19:55:12+00:00,SEA,10,9,2.28,5-2,8.1,-0.43,0.031,-0.029,3.06
2025,8,2026-10-09T19:55:12+00:00,BAL,11,11,2.2,2-5,-5.1,2.16,0.009,0.14,3.06
2025,8,2026-10-09T19:55:12+00:00,HOU,12,13,2.1,3-4,7.1,0.16,0.009,-0.147,3.06
2025,8,2026-10-09T19:55:12+00:00,LAC,13,14,1.91,5-3,1.9,0.19,0.044,-0.001,3.06
2025,8,2026-10-09T19:55:12+00:00,NE,14,20,0.26,6-2,8.4,-2.78,0.134,-0.053,3.06
2025,8,2026-10-09T19:55:12+00:00,MIN,15,12,0.09,3-4,-1.0,-0.95,-0.134,-0.031,3.06
2025,8,2026-10-09T19:55:12+00:00,ARI,16,18,-0.25,2-5,-0.1,-1.05,0.006,0.024,3.06
2025,8,2026-10-09T19:55:12+00:00,SF,17,16,-0.27,5-3,-0.5,0.01,0.009,0.027,3.06
2025,8,2026-10-09T19:55:12+00:00,PIT,18,17,-0.57,4-3,0.0,-0.48,0.068,0.092,3.06
2025,8,2026-10-09T19:55:12+00:00,WAS,19,15,-0.75,3-5,-1.4,-0.4,0.028,0.076,3.06
2025,8,2026-10-09T19:55:12+00:00,MIA,20,25,-0.91,2-6,-5.1,-0.73,-0.017,0.111,3.06
2025,8,2026-10-09T19:55:12+00:00,DAL,21,19,-1.11,3-4-1,-0.5,-0.32,0.148,0.168,3.06
2025,8,2026-10-09T19:55:12+00:00,CHI,22,21,-1.61,4-3,-2.4,-0.31,0.033,-0.021,3.06
2025,8,2026-10-09T19:55:12+00:00,CIN,23,23,-2.22,3-5,-9.9,0.49,-0.074,0.191,3.06
2025,8,2026-10-09T19:55:12+00:00,JAX,24,24,-2.49,4-3,-1.3,0.62,0.001,-0.025,3.06
2025,8,2026-10-09T19:55:12+00:00,ATL,25,22,-3.0,3-4,-4.9,0.2,-0.062,-0.022,3.06
2025,8,2026-10-09T19:55:12+00:00,NYJ,26,29,-3.34,1-7,-6.6,0.28,-0.054,0.124,3.06
2025,8,2026-10-09T19:55:12+00:00,NYG,27,26,-3.36,2-6,-5.2,1.31,-0.03,0.099,3.06
2025,8,2026-10-09T19:55:12+00:00,CLE,28,30,-4.61,2-6,-7.2,1.24,-0.182,-0.064,3.06
2025,8,2026-10-09T19:55:12+00:00,LV,29,31,-4.73,2-5,-11.0,0.06,-0.213,0.038,3.06
2025,8,2026-10-09T19:55:12+00:00,NO,30,28,-4.73,1-7,-10.1,0.66,-0.137,0.03,3.06
2025,8,2026-10-09T19:55:12+00:00,CAR,31,27,-4.97,4-4,-4.8,-0.73,-0.049,0.087,3.06
2025,8,2026-10-09T19:55:12+00:00,TEN,32,32,-6.72,1-7,-15.0,1.23,-0.221,0.142,3.06
2025,9,2026-10-09T19:55:12+00:00,DET,1,1,5.98,5-3,7.6,0.78,0.103,-0.069,2.54
2025,9,2026-10-09T19:55:12+00:00,BUF,2,2,5.06,6-2,8.5,-1.22,0.175,-0.016,2.54
2025,9,2026-10-09T19:55:12+00:00,KC,3,3,4.12,5-4,8.4,0.73,0.159,-0.053,2.54
2025,9,2026-10-09T19:55:12+00:00,DEN,4,5,3.8,7-2,6.6,-0.96,0.063,-0.105,2.54
2025,9,2026-10-09T19:55:12+00:00,LA,5,8,3.75,6-2,10.2,-0.35,0.098,-0.128,2.54
2025,9,2026-10-09T19:55:12+00:00,SEA,6,10,3.61,6-2,10.1,-0.47,0.083,-0.027,2.54
2025,9,2026-10-09T19:55:12+00:00,BAL,7,11,3.36,3-5,-1.8,1.63,0.034,0.097,2.54
2025,9,2026-10-09T19:55:12+00:00,PHI,8,6,3.29,6-2,2.9,0.74,0.093,0.006,2.54
2025,9,2026-10-09T19:55:12+00:00,GB,9,4,3.24,5-2-1,5.0,-1.08,0.165,-0.005,2.54
2025,9,2026-10-09T19:55:12+00:00,TB,10,7,3.09,6-2,2.4,0.5,0.03,-0.068,2.54
2025,9,2026-10-09T19:55:12+00:00,IND,11,9,2.44,7-2,12.1,-1.14,0.204,-0.044,2.54
2025,9,2026-10-09T19:55:12+00:00,HOU,12,12,1.94,3-5,5.9,1.13,-0.011,-0.14,2.54
2025,9,2026-10-09T19:55:12+00:00,LAC,13,13,1.83,6-3,2.4,-0.92,0.048,-0.021,2.54
2025,9,2026-10-09T19:55:12+00:00,MIN,14,15,0.76,4-4,-0.5,0.0,-0.12,-0.028,2.54
2025,9,2026-10-09T19:55:12+00:00,ARI,15,16,0.54,3-5,1.1,-1.03,0.019,0.007,2.54
2025,9,2026-10-09T19:55:12+00:00,SF,16,17,0.31,6-3,0.7,-0.12,0.044,0.043,2.54
2025,9,2026-10-09T19:55:12+00:00,NE,17,14,0.01,7-2,7.6,-2.78,0.121,-0.04,2.54
2025,9,2026-10-09T19:55:12+00:00,PIT,18,18,-0.11,5-3,0.9,-0.03,0.046,0.065,2.54
2025,9,2026-10-09T19:55:12+00:00,CHI,19,22,-1.28,5-3,-1.5,-0.78,0.085,0.01,2.54
2025,9,2026-10-09T19:55:12+00:00,DAL,20,21,-1.83,3-5-1,-1.6,-0.42,0.119,0.162,2.54
2025,9,2026-10-09T19:55:12+00:00,MIA,21,20,-1.99,2-7,-7.0,-0.21,-0.037,0.122,2.54
2025,9,2026-10-09T19:55:12+00:00,WAS,22,19,-2.08,3-6,-3.9,-0.18,0.023,0.117,2.54
2025,9,2026-10-09T19:55:12+00:00,JAX,23,24,-2.22,5-3,-1.0,0.3,0.02,-0.005,2.54
2025,9,2026-10-09T19:55:12+00:00,CIN,24,23,-2.49,3-6,-9.3,0.26,-0.04,0.22,2.54
2025,9,2026-10-09T19:55:12+00:00,ATL,25,25,-2.66,3-5,-4.4,0.13,-0.045,-0.018,2.54
2025,9,2026-10-09T19:55:12+00:00,NYJ,26,26,-3.26,1-7,-6.6,0.18,-0.054,0.124,2.54
2025,9,2026-10-09T19:55:12+00:00,NYG,27,27,-3.91,2-7,-5.8,0.84,-0.008,0.125,2.54
2025,9,2026-10-09T19:55:12+00:00,CAR,28,31,-4.12,5-4,-3.9,-0.35,-0.033,0.082,2.54
2025,9,2026-10-09T19:55:12+00:00,CLE,29,28,-4.55,2-6,-7.2,1.1,-0.182,-0.064,2.54
2025,9,2026-10-09T19:55:12+00:00,LV,30,29,-4.74,2-6,-9.8,-0.48,-0.169,0.053,2.54
2025,9,2026-10-09T19:55:12+00:00,NO,31,30,-5.22,1-8,-11.7,1.24,-0.157,0.056,2.54
2025,9,2026-10-09T19:55:12+00:00,TEN,32,32,-6.67,1-8,-14.1,1.33,-0.216,0.135,2.54
2025,10,2026-10-09T19:55:12+00:00,DET,1,1,6.57,6-3,9.2,0.26,0.146,-0.042,2.39
2025,10,2026-10-09T19:55:12+00:00,LA,2,5,4.49,7-2,10.9,-0.25,0.132,-0.099,2.39
2025,10,2026-10-09T19:55:12+00:00,SEA,3,6,4.25,7-2,11.4,-0.75,0.082,-0.048,2.39
2025,10,2026-10-09T19:55:12+00:00,KC,4,3,3.97,5-4,8.4,0.79,0.159,-0.053,2.39
2025,10,2026-10-09T19:55:12+00:00,BUF,5,2,3.88,6-3,5.7,-0.92,0.148,0.02,2.39
2025,10,2026-10-09T19:55:12+00:00,BAL,6,7,3.75,4-5,-0.7,1.62,0.03,0.068,2.39
2025,10,2026-10-09T19:55:12+00:00,PHI,7,8,3.41,7-2,2.9,0.89,0.074,-0.014,2.39
2025,10,2026-10-09T19:55:12+00:00,DEN,8,4,3.36,8-2,6.2,-1.15,0.031,-0.133,2.39
2025,10,2026-10-09T19:55:12+00:00,GB,9,9,2.79,5-3-1,4.1,-0.84,0.127,-0.013,2.39
2025,10,2026-10-09T19:55:12+00:00,TB,10,10,2.49,6-3,1.6,0.68,0.032,-0.04,2.39
2025,10,2026-10-09T19:55:12+00:00,IND,11,11,2.48,8-2,11.5,-1.13,0.199,-0.046,2.39
2025,10,2026-10-09T19:55:12+00:00,LAC,12,13,2.34,7-3,3.7,-0.84,0.035,-0.057,2.39
2025,10,2026-10-09T19:55:12+00:00,HOU,13,12,1.94,4-5,6.0,0.81,-0.002,-0.151,2.39
2025,10,2026-10-09T19:55:12+00:00,NE,14,17,0.55,8-2,7.3,-2.2,0.126,-0.031,2.39
2025,10,2026-10-09T19:55:12+00:00,MIN,15,14,0.37,4-5,-1.3,0.5,-0.124,-0.025,2.39
2025,10,2026-10-09T19:55:12+00:00,ARI,16,15,-0.39,3-6,-1.4,-0.47,-0.006,0.014,2.39
2025,10,2026-10-09T19:55:12+00:00,SF,17,16,-0.46,6-4,-1.0,0.43,0.053,0.079,2.39
2025,10,2026-10-09T19:55:12+00:00,PIT,18,18,-0.64,5-4,-0.9,0.31,-0.001,0.049,2.39
2025,10,2026-10-09T19:55:12+00:00,MIA,19,21,-0.83,3-7,-4.6,0.19,-0.002,0.103,2.39
2025,10,2026-10-09T19:55:12+00:00,CHI,20,19,-1.28,6-3,-0.9,-0.98,0.079,0.01,2.39
2025,10,2026-10-09T19:55:12+00:00,DAL,21,20,-1.95,3-5-1,-1.6,-0.72,0.119,0.162,2.39
2025,10,2026-10-09T19:55:12+00:00,JAX,22,23,-2.1,5-4,-1.7,0.53,-0.008,0.004,2.39
2025,10,2026-10-09T19:55:12+00:00,CIN,23,24,-2.45,3-6,-9.3,0.17,-0.04,0.22,2.39
2025,10,2026-10-09T19:55:12+00:00,ATL,24,25,-2.73,3-6,-4.6,0.1,-0.048,0.001,2.39
2025,10,2026-10-09T19:55:12+00:00,WAS,25,22,-2.83,3-7,-5.7,0.61,0.038,0.155,2.39
2025,10,2026-10-09T19:55:12+00:00,NYJ,26,26,-3.01,2-7,-5.1,-0.6,-0.081,0.101,2.39
2025,10,2026-10-09T19:55:12+00:00,NYG,27,27,-3.77,2-8,-5.6,0.56,-0.006,0.115,2.39
2025,10,2026-10-09T19:55:12+00:00,LV,28,30,-4.12,2-7,-9.0,0.01,-0.193,0.019,2.39
2025,10,2026-10-09T19:55:12+00:00,NO,29,31,-4.42,2-8,-9.5,0.5,-0.125,0.009,2.39
2025,10,2026-10-09T19:55:12+00:00,CLE,30,29,-4.51,2-7,-7.2,0.79,-0.171,-0.089,2.39
2025,10,2026-10-09T19:55:12+00:00,CAR,31,28,-4.76,5-5,-4.5,-0.82,-0.072,0.09,2.39
2025,10,2026-10-09T19:55:12+00:00,TEN,32,32,-6.4,1-8,-14.1,1.46,-0.216,0.135,2.39
2025,11,2026-10-09T19:55:12+00:00,DET,1,1,5.93,6-4,7.6,0.44,0.091,-0.061,2.51
2025,11,2026-10-09T19:55:12+00:00,LA,2,2,4.49,8-2,10.0,0.64,0.102,-0.109,2.51
2025,11,2026-10-09T19:55:12+00:00,BUF,3,5,4.22,7-3,6.3,-0.59,0.157,0.024,2.51
2025,11,2026-10-09T19:55:12+00:00,SEA,4,3,4.16,7-3,10.1,-0.1,0.054,-0.06,2.51
2025,11,2026-10-09T19:55:12+00:00,PHI,5,7,3.76,8-2,3.3,1.37,0.044,-0.053,2.51
2025,11,2026-10-09T19:55:12+00:00,KC,6,4,3.7,5-5,7.3,0.95,0.147,-0.044,2.51
2025,11,2026-10-09T19:55:12+00:00,BAL,7,6,3.68,5-5,0.1,0.95,0.018,0.021,2.51
2025,11,2026-10-09T19:55:12+00:00,DEN,8,8,3.14,9-2,5.9,-0.9,0.032,-0.117,2.51
2025,11,2026-10-09T19:55:12+00:00,GB,9,9,2.89,6-3-1,4.4,-1.1,0.15,0.003,2.51
2025,11,2026-10-09T19:55:12+00:00,IND,10,11,2.36,8-2,11.5,-1.4,0.199,-0.046,2.51
2025,11,2026-10-09T19:55:12+00:00,TB,11,10,2.02,6-4,0.2,1.11,0.034,-0.012,2.51
2025,11,2026-10-09T19:55:12+00:00,HOU,12,13,1.95,5-5,5.7,0.5,-0.008,-0.148,2.51
2025,11,2026-10-09T19:55:12+00:00,NE,13,14,0.89,9-2,7.8,-2.23,0.13,-0.036,2.51
2025,11,2026-10-09T19:55:12+00:00,SF,14,17,0.64,7-4,0.8,0.27,0.065,0.078,2.51
2025,11,2026-10-09T19:55:12+00:00,LAC,15,12,0.63,7-4,0.7,-0.87,-0.015,-0.044,2.51
2025,11,2026-10-09T19:55:12+00:00,PIT,16,18,0.14,6-4,1.4,-0.34,0.019,0.02,2.51
2025,11,2026-10-09T19:55:12+00:00,MIN,17,15,-0.08,4-6,-1.4,0.15,-0.131,-0.027,2.51
2025,11,2026-10-09T19:55:12+00:00,JAX,18,22,-0.4,6-4,1.4,0.51,0.001,-0.048,2.51
2025,11,2026-10-09T19:55:12+00:00,MIA,19,19,-0.76,4-7,-3.9,-0.15,-0.004,0.1,2.51
2025,11,2026-10-09T19:55:12+00:00,DAL,20,21,-0.96,4-5-1,0.3,-1.15,0.12,0.124,2.51
2025,11,2026-10-09T19:55:12+00:00,CHI,21,20,-0.99,7-3,-0.6,-1.05,0.066,-0.011,2.51
2025,11,2026-10-09T19:55:12+00:00,ARI,22,16,-1.4,3-7,-3.2,-0.07,0.001,0.032,2.51
2025,11,2026-10-09T19:55:12+00:00,WAS,23,25,-2.82,3-8,-5.5,0.27,0.041,0.139,2.51
2025,11,2026-10-09T19:55:12+00:00,ATL,24,24,-2.99,3-7,-4.4,-0.19,-0.03,0.014,2.51
2025,11,2026-10-09T19:55:12+00:00,NYJ,25,26,-3.23,2-8,-5.9,-0.32,-0.081,0.108,2.51
2025,11,2026-10-09T19:55:12+00:00,CIN,26,23,-3.27,3-7,-10.6,0.31,-0.06,0.218,2.51
2025,11,2026-10-09T19:55:12+00:00,NYG,27,27,-3.72,2-9,-5.7,0.86,0.008,0.136,2.51
2025,11,2026-10-09T19:55:12+00:00,CAR,28,31,-4.19,6-5,-3.8,-0.82,-0.054,0.093,2.51
2025,11,2026-10-09T19:55:12+00:00,NO,29,29,-4.26,2-8,-9.5,0.61,-0.125,0.009,2.51
2025,11,2026-10-09T19:55:12+00:00,CLE,30,30,-4.46,2-8,-7.2,0.99,-0.195,-0.089,2.51
2025,11,2026-10-09T19:55:12+00:00,LV,31,28,-4.93,2-8,-9.8,-0.06,-0.196,0.031,2.51
2025,11,2026-10-09T19:55:12+00:00,TEN,32,32,-6.15,1-9,-13.0,1.14,-0.206,0.115,2.51
2025,12,2026-10-09T19:55:12+00:00,LA,1,2,5.49,9-2,11.5,0.66,0.101,-0.138,2.54
2025,12,2026-10-09T19:55:12+00:00,DET,2,1,5.42,7-4,7.5,0.02,0.096,-0.045,2.54
2025,12,2026-10-09T19:55:12+00:00,SEA,3,4,4.0,8-3,9.7,-0.68,0.075,-0.055,2.54
2025,12,2026-10-09T19:55:12+00:00,BUF,4,3,3.85,7-4,5.4,-0.43,0.128,0.016,2.54
2025,12,2026-10-09T19:55:12+00:00,BAL,5,7,3.85,6-5,1.3,0.72,0.012,0.003,2.54
2025,12,2026-10-09T19:55:12+00:00,KC,6,6,3.46,6-5,6.9,0.97,0.135,-0.041,2.54
2025,12,2026-10-09T19:55:12+00:00,GB,7,9,3.39,7-3-1,5.5,-1.01,0.138,-0.036,2.54
2025,12,2026-10-09T19:55:12+00:00,PHI,8,5,3.39,8-3,2.7,1.15,0.045,-0.05,2.54
2025,12,2026-10-09T19:55:12+00:00,DEN,9,8,2.99,9-2,5.9,-0.93,0.032,-0.117,2.54
2025,12,2026-10-09T19:55:12+00:00,IND,10,10,2.39,8-3,10.2,-0.82,0.18,-0.04,2.54
2025,12,2026-10-09T19:55:12+00:00,HOU,11,12,2.13,6-5,5.5,0.89,-0.013,-0.149,2.54
2025,12,2026-10-09T19:55:12+00:00,NE,12,13,1.07,10-2,7.7,-2.41,0.12,-0.049,2.54
2025,12,2026-10-09T19:55:12+00:00,SF,13,14,0.88,8-4,1.7,-0.01,0.06,0.055,2.54
2025,12,2026-10-09T19:55:12+00:00,TB,14,11,0.71,6-5,-2.3,1.44,-0.008,-0.002,2.54
2025,12,2026-10-09T19:55:12+00:00,LAC,15,15,0.58,7-4,0.7,-0.91,-0.015,-0.044,2.54
2025,12,2026-10-09T19:55:12+00:00,PIT,16,16,0.11,6-5,1.0,-0.33,0.017,0.02,2.54
2025,12,2026-10-09T19:55:12+00:00,JAX,17,18,-0.14,7-4,1.5,0.35,-0.016,-0.057,2.54
2025,12,2026-10-09T19:55:12+00:00,MIA,18,19,-0.65,4-7,-3.9,-0.03,-0.004,0.1,2.54
2025,12,2026-10-09T19:55:12+00:00,MIN,19,17,-0.65,4-7,-2.8,0.53,-0.158,-0.023,2.54
2025,12,2026-10-09T19:55:12+00:00,DAL,20,20,-0.7,5-5-1,0.5,-0.78,0.108,0.118,2.54
2025,12,2026-10-09T19:55:12+00:00,CHI,21,21,-0.94,8-3,-0.3,-1.15,0.061,-0.009,2.54
2025,12,2026-10-09T19:55:12+00:00,ARI,22,22,-1.54,3-8,-3.2,-0.03,-0.013,0.012,2.54
2025,12,2026-10-09T19:55:12+00:00,ATL,23,24,-2.18,4-7,-2.7,-0.78,-0.038,-0.013,2.54
2025,12,2026-10-09T19:55:12+00:00,WAS,24,23,-2.72,3-8,-5.5,0.31,0.041,0.139,2.54
2025,12,2026-10-09T19:55:12+00:00,NYJ,25,25,-3.29,2-9,-6.5,0.01,-0.089,0.093,2.54
2025,12,2026-10-09T19:55:12+00:00,CIN,26,26,-3.37,3-8,-10.2,0.42,-0.072,0.198,2.54
2025,12,2026-10-09T19:55:12+00:00,NYG,27,27,-3.38,2-10,-5.8,1.18,0.017,0.137,2.54
2025,12,2026-10-09T19:55:12+00:00,CLE,28,30,-3.46,3-8,-5.3,0.37,-0.197,-0.116,2.54
2025,12,2026-10-09T19:55:12+00:00,CAR,29,28,-4.24,6-6,-4.4,-0.54,-0.066,0.085,2.54
2025,12,2026-10-09T19:55:12+00:00,NO,30,29,-4.96,2-9,-9.9,0.34,-0.139,-0.002,2.54
2025,12,2026-10-09T19:55:12+00:00,LV,31,31,-5.61,2-9,-10.2,-0.3,-0.213,0.008,2.54
2025,12,2026-10-09T19:55:12+00:00,TEN,32,32,-5.85,1-10,-12.4,1.45,-0.188,0.131,2.54
2025,13,2026-10-09T19:55:12+00:00,LA,1,1,4.92,9-3,10.3,0.35,0.104,-0.107,2.24
2025,13,2026-10-09T19:55:12+00:00,SEA,2,3,4.9,9-3,11.1,-0.63,0.054,-0.109,2.24
2025,13,2026-10-09T19:55:12+00:00,BUF,3,4,4.71,8-4,6.5,-0.44,0.126,-0.021,2.24
2025,13,2026-10-09T19:55:12+00:00,DET,4,2,4.55,7-5,6.3,0.08,0.092,-0.017,2.24
2025,13,2026-10-09T19:55:12+00:00,GB,5,7,3.78,8-3-1,5.7,-0.74,0.151,-0.03,2.24
2025,13,2026-10-09T19:55:12+00:00,KC,6,6,3.03,6-6,6.1,0.61,0.145,-0.018,2.24
2025,13,2026-10-09T19:55:12+00:00,DEN,7,9,2.75,10-2,5.5,-1.15,0.044,-0.101,2.24
2025,13,2026-10-09T19:55:12+00:00,HOU,8,11,2.43,7-5,5.4,1.04,-0.011,-0.146,2.24
2025,13,2026-10-09T19:55:12+00:00,PHI,9,8,2.31,8-4,1.8,0.74,0.039,-0.042,2.24
2025,13,2026-10-09T19:55:12+00:00,BAL,10,5,2.13,6-6,-0.3,0.26,-0.017,0.003,2.24
2025,13,2026-10-09T19:55:12+00:00,IND,11,10,1.85,8-4,9.0,-0.8,0.155,-0.036,2.24
2025,13,2026-10-09T19:55:12+00:00,SF,12,13,1.74,9-4,2.9,-0.15,0.056,0.035,2.24
2025,13,2026-10-09T19:55:12+00:00,NE,13,12,1.73,11-2,8.5,-2.45,0.123,-0.054,2.24
2025,13,2026-10-09T19:55:12+00:00,JAX,14,17,0.93,8-4,3.2,0.12,-0.014,-0.087,2.24
2025,13,2026-10-09T19:55:12+00:00,LAC,15,15,0.9,8-4,2.1,-1.61,-0.002,-0.068,2.24
2025,13,2026-10-09T19:55:12+00:00,TB,16,14,0.68,7-5,-1.8,1.37,-0.002,-0.004,2.24
2025,13,2026-10-09T19:55:12+00:00,CHI,17,21,-0.26,9-3,0.5,-1.2,0.06,-0.012,2.24
2025,13,2026-10-09T19:55:12+00:00,DAL,18,20,-0.47,6-5-1,0.8,-0.51,0.118,0.129,2.24
2025,13,2026-10-09T19:55:12+00:00,MIA,19,18,-0.71,5-7,-3.2,-0.33,-0.015,0.078,2.24
2025,13,2026-10-09T19:55:12+00:00,PIT,20,16,-0.73,6-6,-0.7,0.38,-0.02,0.027,2.24
2025,13,2026-10-09T19:55:12+00:00,ARI,21,22,-1.15,3-9,-3.2,0.46,-0.014,0.016,2.24
2025,13,2026-10-09T19:55:12+00:00,MIN,22,19,-1.7,4-8,-4.8,0.74,-0.204,-0.035,2.24
2025,13,2026-10-09T19:55:12+00:00,CIN,23,26,-1.93,4-8,-7.8,0.41,-0.066,0.154,2.24
2025,13,2026-10-09T19:55:12+00:00,ATL,24,23,-2.08,4-8,-2.8,-0.72,-0.02,-0.011,2.24
2025,13,2026-10-09T19:55:12+00:00,WAS,25,24,-2.51,3-9,-5.1,0.55,0.043,0.142,2.24
2025,13,2026-10-09T19:55:12+00:00,NYJ,26,25,-3.07,3-9,-5.8,-0.14,-0.081,0.1,2.24
2025,13,2026-10-09T19:55:12+00:00,CAR,27,29,-3.42,7-6,-3.8,0.28,-0.043,0.09,2.24
2025,13,2026-10-09T19:55:12+00:00,NYG,28,27,-3.94,2-11,-6.8,1.18,0.007,0.14,2.24
2025,13,2026-10-09T19:55:12+00:00,CLE,29,28,-4.41,3-9,-6.3,0.17,-0.197,-0.105,2.24
2025,13,2026-10-09T19:55:12+00:00,NO,30,30,-4.56,2-10,-9.4,0.59,-0.141,-0.013,2.24
2025,13,2026-10-09T19:55:12+00:00,LV,31,31,-5.89,2-10,-10.8,-0.17,-0.223,0.019,2.24
2025,13,2026-10-09T19:55:12+00:00,TEN,32,32,-6.51,1-11,-13.2,1.47,-0.208,0.121,2.24
2025,14,2026-10-09T19:55:12+00:00,LA,1,1,6.13,10-3,11.7,0.29,0.13,-0.104,1.91
2025,14,2026-10-09T19:55:12+00:00,SEA,2,2,6.07,10-3,12.4,-0.69,0.062,-0.128,1.91
2025,14,2026-10-09T19:55:12+00:00,DET,3,4,4.78,8-5,6.9,-0.14,0.11,-0.017,1.91
2025,14,2026-10-09T19:55:12+00:00,BUF,4,3,4.37,9-4,6.4,-0.56,0.136,-0.01,1.91
2025,14,2026-10-09T19:55:12+00:00,GB,5,5,3.85,9-3-1,5.8,-0.75,0.158,-0.019,1.91
2025,14,2026-10-09T19:55:12+00:00,HOU,6,8,3.09,8-5,5.8,1.36,-0.016,-0.158,1.91
2025,14,2026-10-09T19:55:12+00:00,DEN,7,7,2.52,11-2,5.6,-1.76,0.053,-0.098,1.91
2025,14,2026-10-09T19:55:12+00:00,KC,8,6,2.15,6-7,4.8,0.59,0.111,-0.022,1.91
2025,14,2026-10-09T19:55:12+00:00,PHI,9,9,2.1,8-5,1.4,0.79,0.015,-0.06,1.91
2025,14,2026-10-09T19:55:12+00:00,JAX,10,14,1.82,9-4,4.3,0.41,-0.006,-0.095,1.91
2025,14,2026-10-09T19:55:12+00:00,SF,11,12,1.7,9-4,2.9,-0.03,0.056,0.035,1.91
2025,14,2026-10-09T19:55:12+00:00,BAL,12,10,1.67,6-7,-0.7,0.41,-0.015,0.023,1.91
2025,14,2026-10-09T19:55:12+00:00,NE,13,13,1.64,11-2,8.5,-2.46,0.123,-0.054,1.91
2025,14,2026-10-09T19:55:12+00:00,LAC,14,15,1.07,9-4,2.2,-1.2,-0.023,-0.083,1.91
2025,14,2026-10-09T19:55:12+00:00,IND,15,11,1.02,8-5,7.0,-0.46,0.129,-0.026,1.91
2025,14,2026-10-09T19:55:12+00:00,MIA,16,19,0.41,6-7,-1.2,-1.04,0.002,0.037,1.91
2025,14,2026-10-09T19:55:12+00:00,TB,17,16,0.04,7-6,-2.0,0.95,-0.016,-0.003,1.91
2025,14,2026-10-09T19:55:12+00:00,MIN,18,22,-0.11,5-8,-2.0,0.42,-0.164,-0.066,1.91
2025,14,2026-10-09T19:55:12+00:00,CHI,19,17,-0.2,9-4,-0.1,-0.64,0.063,0.008,1.91
2025,14,2026-10-09T19:55:12+00:00,PIT,20,20,-0.21,7-6,-0.2,0.56,0.003,0.026,1.91
2025,14,2026-10-09T19:55:12+00:00,DAL,21,18,-1.05,6-6-1,-0.4,-0.49,0.108,0.145,1.91
2025,14,2026-10-09T19:55:12+00:00,CIN,22,23,-1.67,4-9,-7.6,0.85,-0.052,0.161,1.91
2025,14,2026-10-09T19:55:12+00:00,ARI,23,21,-2.26,3-10,-5.1,1.09,-0.018,0.049,1.91
2025,14,2026-10-09T19:55:12+00:00,ATL,24,24,-3.31,4-9,-4.7,-0.29,-0.046,0.002,1.91
2025,14,2026-10-09T19:55:12+00:00,CAR,25,27,-3.43,7-6,-3.8,0.14,-0.043,0.09,1.91
2025,14,2026-10-09T19:55:12+00:00,NO,26,30,-3.86,3-10,-8.4,0.56,-0.129,-0.026,1.91
2025,14,2026-10-09T19:55:12+00:00,WAS,27,25,-3.95,3-10,-7.1,0.49,0.007,0.155,1.91
2025,14,2026-10-09T19:55:12+00:00,NYG,28,28,-3.95,2-11,-6.8,0.99,0.007,0.14,1.91
2025,14,2026-10-09T19:55:12+00:00,NYJ,29,26,-4.26,3-10,-7.2,-0.24,-0.11,0.108,1.91
2025,14,2026-10-09T19:55:12+00:00,CLE,30,29,-4.55,3-10,-6.0,-0.16,-0.186,-0.104,1.91
2025,14,2026-10-09T19:55:12+00:00,LV,31,31,-5.79,2-11,-10.5,-0.14,-0.21,0.029,1.91
2025,14,2026-10-09T19:55:12+00:00,TEN,32,32,-5.81,2-11,-12.0,1.14,-0.199,0.108,1.91
2025,15,2026-10-09T19:55:12+00:00,LA,1,1,6.13,11-3,11.4,0.81,0.135,-0.085,2.15
2025,15,2026-10-09T19:55:12+00:00,SEA,2,2,5.71,11-3,11.6,-0.36,0.054,-0.126,2.15
2025,15,2026-10-09T19:55:12+00:00,DET,3,3,4.48,8-6,5.9,0.33,0.114,-0.002,2.15
2025,15,2026-10-09T19:55:12+00:00,BUF,4,4,4.3,10-4,6.2,-0.57,0.145,0.008,2.15
2025,15,2026-10-09T19:55:12+00:00,HOU,5,6,3.75,9-5,6.8,1.24,0.003,-0.146,2.15
2025,15,2026-10-09T19:55:12+00:00,GB,6,5,3.43,9-4-1,4.8,-0.49,0.148,-0.006,2.15
2025,15,2026-10-09T19:55:12+00:00,PHI,7,9,3.18,9-5,3.5,0.22,0.032,-0.085,2.15
2025,15,2026-10-09T19:55:12+00:00,JAX,8,10,2.8,10-4,6.0,-0.08,0.018,-0.1,2.15
2025,15,2026-10-09T19:55:12+00:00,DEN,9,7,2.73,12-2,5.8,-1.52,0.061,-0.089,2.15
2025,15,2026-10-09T19:55:12+00:00,BAL,10,12,2.71,7-7,1.1,0.01,0.001,-0.0,2.15
2025,15,2026-10-09T19:55:12+00:00,KC,11,8,1.82,6-8,4.3,0.88,0.096,-0.024,2.15
2025,15,2026-10-09T19:55:12+00:00,SF,12,11,1.77,10-4,3.6,-0.51,0.069,0.049,2.15
2025,15,2026-10-09T19:55:12+00:00,LAC,13,14,1.38,10-4,2.2,-0.89,-0.024,-0.085,2.15
2025,15,2026-10-09T19:55:12+00:00,IND,14,15,1.35,8-6,6.4,0.02,0.113,-0.027,2.15
2025,15,2026-10-09T19:55:12+00:00,NE,15,13,1.22,11-3,7.6,-2.29,0.132,-0.031,2.15
2025,15,2026-10-09T19:55:12+00:00,CHI,16,19,1.02,10-4,1.9,-0.9,0.063,-0.026,2.15
2025,15,2026-10-09T19:55:12+00:00,MIN,17,18,0.5,6-8,-1.3,0.52,-0.136,-0.053,2.15
2025,15,2026-10-09T19:55:12+00:00,PIT,18,20,0.36,8-6,0.7,0.35,0.018,0.021,2.15
2025,15,2026-10-09T19:55:12+00:00,MIA,19,16,-0.3,6-8,-2.0,-0.99,-0.001,0.05,2.15
2025,15,2026-10-09T19:55:12+00:00,TB,20,17,-0.32,7-7,-1.9,0.65,-0.011,0.013,2.15
2025,15,2026-10-09T19:55:12+00:00,DAL,21,21,-1.48,6-7-1,-0.9,-0.39,0.108,0.151,2.15
2025,15,2026-10-09T19:55:12+00:00,CIN,22,22,-2.75,4-10,-8.8,1.12,-0.07,0.165,2.15
2025,15,2026-10-09T19:55:12+00:00,ARI,23,23,-2.87,3-11,-6.1,1.26,-0.016,0.063,2.15
2025,15,2026-10-09T19:55:12+00:00,ATL,24,24,-2.92,5-9,-4.3,-0.37,-0.027,0.006,2.15
2025,15,2026-10-09T19:55:12+00:00,WAS,25,27,-3.27,4-10,-6.0,0.09,0.007,0.146,2.15
2025,15,2026-10-09T19:55:12+00:00,CAR,26,25,-3.43,7-7,-3.8,-0.25,-0.032,0.091,2.15
2025,15,2026-10-09T19:55:12+00:00,NO,27,26,-3.71,4-10,-7.6,0.17,-0.112,-0.016,2.15
2025,15,2026-10-09T19:55:12+00:00,NYG,28,28,-4.23,2-12,-6.9,0.89,0.008,0.13,2.15
2025,15,2026-10-09T19:55:12+00:00,NYJ,29,29,-5.29,3-11,-8.6,-0.21,-0.113,0.124,2.15
2025,15,2026-10-09T19:55:12+00:00,CLE,30,30,-5.58,3-11,-7.6,-0.19,-0.206,-0.093,2.15
2025,15,2026-10-09T19:55:12+00:00,TEN,31,32,-5.78,2-12,-12.1,1.2,-0.168,0.118,2.15
2025,15,2026-10-09T19:55:12+00:00,LV,32,31,-6.69,2-12,-11.9,0.25,-0.224,0.045,2.15
2025,16,2026-10-09T19:55:12+00:00,LA,1,1,6.03,11-4,10.5,1.31,0.142,-0.077,1.78
2025,16,2026-10-09T19:55:12+00:00,SEA,2,2,5.53,12-3,10.9,0.22,0.053,-0.102,1.78
2025,16,2026-10-09T19:55:12+00:00,BUF,3,4,3.86,11-4,6.0,-0.95,0.139,0.001,1.78
2025,16,2026-10-09T19:55:12+00:00,DET,4,3,3.71,8-7,5.2,0.28,0.113,0.013,1.78
2025,16,2026-10-09T19:55:12+00:00,JAX,5,8,3.52,11-4,6.5,0.08,0.023,-0.095,1.78
2025,16,2026-10-09T19:55:12+00:00,PHI,6,7,3.37,10-5,4.0,-0.27,0.049,-0.088,1.78
2025,16,2026-10-09T19:55:12+00:00,HOU,7,5,3.04,10-5,6.5,0.79,-0.008,-0.139,1.78
2025,16,2026-10-09T19:55:12+00:00,SF,8,12,2.96,11-4,4.8,-0.27,0.092,0.044,1.78
2025,16,2026-10-09T19:55:12+00:00,GB,9,6,2.95,9-5-1,4.1,-0.4,0.142,0.001,1.78
2025,16,2026-10-09T19:55:12+00:00,BAL,10,10,2.36,7-8,0.7,0.07,0.008,0.015,1.78
2025,16,2026-10-09T19:55:12+00:00,LAC,11,13,2.16,11-4,3.2,-1.14,0.007,-0.077,1.78
2025,16,2026-10-09T19:55:12+00:00,DEN,12,9,1.77,12-3,4.5,-1.21,0.054,-0.077,1.78
2025,16,2026-10-09T19:55:12+00:00,NE,13,15,1.67,12-3,7.3,-1.74,0.138,-0.022,1.78
2025,16,2026-10-09T19:55:12+00:00,CHI,14,16,1.37,11-4,2.2,-0.52,0.065,-0.02,1.78
2025,16,2026-10-09T19:55:12+00:00,PIT,15,18,0.92,9-6,1.0,0.58,0.031,0.026,1.78
2025,16,2026-10-09T19:55:12+00:00,KC,16,11,0.52,6-9,2.9,0.37,0.068,-0.019,1.78
2025,16,2026-10-09T19:55:12+00:00,MIN,17,17,0.45,7-8,-1.0,0.33,-0.131,-0.075,1.78
2025,16,2026-10-09T19:55:12+00:00,IND,18,14,0.13,8-7,4.5,0.29,0.103,0.001,1.78
2025,16,2026-10-09T19:55:12+00:00,TB,19,20,-0.38,7-8,-2.0,0.52,-0.003,0.019,1.78
2025,16,2026-10-09T19:55:12+00:00,CIN,20,22,-1.18,5-10,-6.6,0.85,-0.041,0.15,1.78
2025,16,2026-10-09T19:55:12+00:00,MIA,21,19,-1.81,6-9,-3.5,-1.02,-0.004,0.072,1.78
2025,16,2026-10-09T19:55:12+00:00,DAL,22,21,-2.36,6-8-1,-2.0,-0.44,0.103,0.17,1.78
2025,16,2026-10-09T19:55:12+00:00,ATL,23,24,-2.41,6-9,-3.5,-0.64,-0.022,0.005,1.78
2025,16,2026-10-09T19:55:12+00:00,NO,24,27,-2.54,5-10,-5.5,-0.21,-0.105,-0.039,1.78
2025,16,2026-10-09T19:55:12+00:00,CAR,25,26,-3.02,8-7,-3.3,-0.19,-0.023,0.092,1.78
2025,16,2026-10-09T19:55:12+00:00,ARI,26,23,-3.2,3-12,-6.2,1.17,-0.015,0.062,1.78
2025,16,2026-10-09T19:55:12+00:00,WAS,27,25,-3.64,4-11,-6.3,0.07,-0.002,0.155,1.78
2025,16,2026-10-09T19:55:12+00:00,NYG,28,28,-4.14,2-13,-6.6,0.81,-0.018,0.118,1.78
2025,16,2026-10-09T19:55:12+00:00,TEN,29,31,-4.38,3-12,-10.1,1.08,-0.154,0.089,1.78
2025,16,2026-10-09T19:55:12+00:00,CLE,30,30,-5.06,3-12,-7.3,0.2,-0.199,-0.083,1.78
2025,16,2026-10-09T19:55:12+00:00,LV,31,32,-5.99,2-13,-11.3,0.4,-0.212,0.031,1.78
2025,16,2026-10-09T19:55:12+00:00,NYJ,32,29,-6.22,3-12,-9.6,-0.43,-0.129,0.115,1.78
2025,17,2026-10-09T19:55:12+00:00,SEA,1,2,5.76,13-3,11.3,-0.22,0.046,-0.127,1.46
2025,17,2026-10-09T19:55:12+00:00,LA,2,1,5.24,11-5,9.7,1.02,0.127,-0.065,1.46
2025,17,2026-10-09T19:55:12+00:00,BUF,3,3,3.73,11-5,5.6,-0.37,0.123,-0.007,1.46
2025,17,2026-10-09T19:55:12+00:00,BAL,4,10,3.49,8-8,1.8,0.34,0.03,0.021,1.46
2025,17,2026-10-09T19:55:12+00:00,JAX,5,5,3.44,12-4,6.5,-0.19,0.022,-0.102,1.46
2025,17,2026-10-09T19:55:12+00:00,PHI,6,6,3.41,11-5,3.8,-0.04,0.038,-0.09,1.46
2025,17,2026-10-09T19:55:12+00:00,NE,7,13,3.11,13-3,8.9,-1.95,0.16,-0.033,1.46
2025,17,2026-10-09T19:55:12+00:00,HOU,8,7,3.06,11-5,6.3,0.66,-0.017,-0.143,1.46
2025,17,2026-10-09T19:55:12+00:00,DET,9,4,2.84,8-8,4.1,0.43,0.077,-0.005,1.46
2025,17,2026-10-09T19:55:12+00:00,SF,10,8,2.81,12-4,4.8,-0.26,0.104,0.064,1.46
2025,17,2026-10-09T19:55:12+00:00,DEN,11,12,1.99,13-3,4.6,-1.3,0.057,-0.085,1.46
2025,17,2026-10-09T19:55:12+00:00,GB,12,9,1.88,9-6-1,2.8,-0.1,0.14,0.024,1.46
2025,17,2026-10-09T19:55:12+00:00,LAC,13,11,1.8,11-5,2.8,-0.95,-0.007,-0.081,1.46
2025,17,2026-10-09T19:55:12+00:00,CHI,14,14,1.27,11-5,1.8,-0.17,0.084,-0.001,1.46
2025,17,2026-10-09T19:55:12+00:00,MIN,15,17,1.21,8-8,-0.1,0.65,-0.14,-0.099,1.46
2025,17,2026-10-09T19:55:12+00:00,PIT,16,15,0.43,9-7,0.5,0.47,0.016,0.01,1.46
2025,17,2026-10-09T19:55:12+00:00,KC,17,16,0.08,6-10,2.2,0.45,0.052,-0.012,1.46
2025,17,2026-10-09T19:55:12+00:00,CIN,18,20,-0.02,6-10,-4.8,0.63,-0.017,0.138,1.46
2025,17,2026-10-09T19:55:12+00:00,IND,19,18,-0.19,8-8,3.9,0.26,0.084,0.002,1.46
2025,17,2026-10-09T19:55:12+00:00,TB,20,19,-0.55,7-9,-2.1,0.34,-0.0,0.025,1.46
2025,17,2026-10-09T19:55:12+00:00,MIA,21,21,-1.57,7-9,-3.1,-0.9,0.003,0.069,1.46
2025,17,2026-10-09T19:55:12+00:00,ATL,22,23,-1.91,7-9,-3.1,-0.33,-0.013,-0.002,1.46
2025,17,2026-10-09T19:55:12+00:00,DAL,23,22,-1.96,7-8-1,-1.4,-0.89,0.11,0.172,1.46
2025,17,2026-10-09T19:55:12+00:00,NO,24,24,-2.1,6-10,-4.7,-0.52,-0.083,-0.048,1.46
2025,17,2026-10-09T19:55:12+00:00,NYG,25,28,-2.68,3-13,-4.7,0.32,-0.002,0.097,1.46
2025,17,2026-10-09T19:55:12+00:00,CAR,26,25,-3.49,8-8,-4.2,0.16,-0.053,0.083,1.46
2025,17,2026-10-09T19:55:12+00:00,WAS,27,27,-3.79,4-12,-6.4,0.03,0.01,0.159,1.46
2025,17,2026-10-09T19:55:12+00:00,ARI,28,26,-4.16,3-13,-7.2,0.99,-0.017,0.08,1.46
2025,17,2026-10-09T19:55:12+00:00,CLE,29,30,-4.26,4-12,-6.4,0.26,-0.201,-0.091,1.46
2025,17,2026-10-09T19:55:12+00:00,TEN,30,29,-4.65,3-13,-10.0,0.78,-0.156,0.099,1.46
2025,17,2026-10-09T19:55:12+00:00,LV,31,31,-7.01,2-14,-12.1,0.28,-0.212,0.044,1.46
2025,17,2026-10-09T19:55:12+00:00,NYJ,32,32,-7.2,3-13,-11.0,0.12,-0.134,0.139,1.46
2025,18,2026-10-09T19:55:12+00:00,SEA,1,1,6.09,14-3,11.2,-0.02,0.047,-0.141,1.93
2025,18,2026-10-09T19:55:12+00:00,LA,2,2,5.4,12-5,10.1,0.61,0.133,-0.059,1.93
2025,18,2026-10-09T19:55:12+00:00,JAX,3,5,4.55,13-4,8.1,-0.65,0.033,-0.117,1.93
2025,18,2026-10-09T19:55:12+00:00,BUF,4,3,4.36,12-5,6.8,-0.9,0.136,-0.021,1.93
2025,18,2026-10-09T19:55:12+00:00,NE,5,7,4.15,14-3,10.0,-2.01,0.172,-0.052,1.93
2025,18,2026-10-09T19:55:12+00:00,BAL,6,4,3.19,8-9,1.5,0.35,0.037,0.023,1.93
2025,18,2026-10-09T19:55:12+00:00,HOU,7,8,3.07,12-5,6.4,0.6,-0.017,-0.139,1.93
2025,18,2026-10-09T19:55:12+00:00,DET,8,9,2.92,9-8,4.0,0.43,0.081,-0.006,1.93
2025,18,2026-10-09T19:55:12+00:00,DEN,9,11,2.65,14-3,5.3,-1.26,0.043,-0.104,1.93
2025,18,2026-10-09T19:55:12+00:00,PHI,10,6,2.6,11-6,3.2,-0.1,0.03,-0.086,1.93
2025,18,2026-10-09T19:55:12+00:00,SF,11,10,2.25,12-5,3.9,0.21,0.077,0.064,1.93
2025,18,2026-10-09T19:55:12+00:00,MIN,12,15,1.78,9-8,0.6,0.62,-0.134,-0.113,1.93
2025,18,2026-10-09T19:55:12+00:00,GB,13,12,1.23,9-7-1,1.8,0.08,0.113,0.02,1.93
2025,18,2026-10-09T19:55:12+00:00,CHI,14,14,1.06,11-6,1.5,0.02,0.078,0.007,1.93
2025,18,2026-10-09T19:55:12+00:00,LAC,15,13,1.0,11-6,1.6,-0.68,-0.031,-0.088,1.93
2025,18,2026-10-09T19:55:12+00:00,PIT,16,16,0.54,10-7,0.6,0.58,0.019,0.018,1.93
2025,18,2026-10-09T19:55:12+00:00,IND,17,19,-0.3,8-9,3.2,0.36,0.074,0.0,1.93
2025,18,2026-10-09T19:55:12+00:00,KC,18,17,-0.31,6-11,2.0,0.11,0.021,-0.04,1.93
2025,18,2026-10-09T19:55:12+00:00,CIN,19,18,-0.46,6-11,-4.6,0.46,-0.023,0.122,1.93
2025,18,2026-10-09T19:55:12+00:00,TB,20,20,-0.67,8-9,-1.8,0.11,-0.0,0.022,1.93
2025,18,2026-10-09T19:55:12+00:00,NYG,21,25,-1.7,4-13,-3.4,0.13,0.006,0.084,1.93
2025,18,2026-10-09T19:55:12+00:00,ATL,22,22,-1.8,8-9,-2.8,-0.35,-0.027,-0.009,1.93
2025,18,2026-10-09T19:55:12+00:00,NO,23,24,-2.06,6-11,-4.5,-0.61,-0.085,-0.06,1.93
2025,18,2026-10-09T19:55:12+00:00,MIA,24,21,-2.67,7-10,-4.5,-0.52,-0.018,0.086,1.93
2025,18,2026-10-09T19:55:12+00:00,DAL,25,23,-2.71,7-9-1,-2.4,-0.91,0.096,0.17,1.93
2025,18,2026-10-09T19:55:12+00:00,WAS,26,27,-2.91,5-12,-5.6,0.11,0.008,0.143,1.93
2025,18,2026-10-09T19:55:12+00:00,CAR,27,26,-3.27,8-9,-4.1,0.09,-0.052,0.078,1.93
2025,18,2026-10-09T19:55:12+00:00,CLE,28,29,-3.8,5-12,-5.9,0.11,-0.196,-0.092,1.93
2025,18,2026-10-09T19:55:12+00:00,ARI,29,28,-4.38,3-14,-7.8,1.14,-0.014,0.089,1.93
2025,18,2026-10-09T19:55:12+00:00,TEN,30,30,-5.76,3-14,-11.4,1.13,-0.167,0.106,1.93
2025,18,2026-10-09T19:55:12+00:00,LV,31,31,-6.41,3-14,-11.2,0.29,-0.228,0.014,1.93
2025,18,2026-10-09T19:55:12+00:00,NYJ,32,32,-7.64,3-14,-11.9,0.46,-0.141,0.151,1.93
2026,1,2026-10-09T19:55:12+00:00,SEA,1,1,5.82,1-0,3.0,4.12,0.066,-0.11,1.87
2026,1,2026-10-09T19:55:12+00:00,JAX,2,3,5.0,1-0,24.0,-4.25,0.338,-0.184,1.87
2026,1,2026-10-09T19:55:12+00:00,BUF,3,4,4.54,1-0,5.0,2.66,0.229,0.069,1.87
2026,1,2026-10-09T19:55:12+00:00,NE,4,5,4.12,0-1,-3.0,5.82,-0.11,0.066,1.87
2026,1,2026-10-09T19:55:12+00:00,LA,5,2,4.11,0-1,-20.0,3.32,-0.265,0.179,1.87
2026,1,2026-10-09T19:55:12+00:00,BAL,6,6,3.96,1-0,18.0,-1.15,0.321,-0.241,1.87
2026,1,2026-10-09T19:55:12+00:00,SF,7,11,3.32,1-0,20.0,4.11,0.179,-0.265,1.87
2026,1,2026-10-09T19:55:12+00:00,HOU,8,7,2.66,0-1,-5.0,4.54,0.069,0.229,1.87
2026,1,2026-10-09T19:55:12+00:00,DET,9,8,2.62,1-0,1.0,-1.8,0.0,-0.031,1.87
2026,1,2026-10-09T19:55:12+00:00,MIN,10,12,2.46,1-0,17.0,0.56,-0.02,-0.175,1.87
2026,1,2026-10-09T19:55:12+00:00,PHI,11,10,2.29,1-0,2.0,-2.58,0.071,0.06,1.87
2026,1,2026-10-09T19:55:12+00:00,CHI,12,14,2.08,1-0,22.0,-4.23,0.409,0.182,1.87
2026,1,2026-10-09T19:55:12+00:00,DEN,13,9,1.47,0-1,-21.0,0.71,-0.344,0.164,1.87
2026,1,2026-10-09T19:55:12+00:00,KC,14,18,0.71,1-0,21.0,1.47,0.164,-0.344,1.87
2026,1,2026-10-09T19:55:12+00:00,PIT,15,16,0.7,1-0,7.0,-1.92,-0.303,-0.321,1.87
2026,1,2026-10-09T19:55:12+00:00,GB,16,13,0.56,0-1,-17.0,2.46,-0.175,-0.02,1.87
2026,1,2026-10-09T19:55:12+00:00,LAC,17,15,-0.06,0-1,-12.0,-3.38,-0.244,0.144,1.87
2026,1,2026-10-09T19:55:12+00:00,CIN,18,19,-0.16,1-0,6.0,-0.96,-0.002,-0.185,1.87
2026,1,2026-10-09T19:55:12+00:00,TB,19,20,-0.96,0-1,-6.0,-0.16,-0.185,-0.002,1.87
2026,1,2026-10-09T19:55:12+00:00,IND,20,17,-1.15,0-1,-18.0,3.96,-0.241,0.321,1.87
2026,1,2026-10-09T19:55:12+00:00,NYG,21,21,-1.3,1-0,8.0,-2.82,0.369,0.221,1.87
2026,1,2026-10-09T19:55:12+00:00,NO,22,23,-1.8,0-1,-1.0,2.62,-0.031,0.0,1.87
2026,1,2026-10-09T19:55:12+00:00,ATL,23,22,-1.92,0-1,-7.0,0.7,-0.321,-0.303,1.87
2026,1,2026-10-09T19:55:12+00:00,WAS,24,26,-2.58,0-1,-2.0,2.29,0.06,0.071,1.87
2026,1,2026-10-09T19:55:12+00:00,DAL,25,25,-2.82,0-1,-8.0,-1.3,0.221,0.369,1.87
2026,1,2026-10-09T19:55:12+00:00,MIA,26,24,-3.35,0-1,-14.0,-5.47,-0.236,-0.039,1.87
2026,1,2026-10-09T19:55:12+00:00,ARI,27,29,-3.38,1-0,12.0,-0.06,0.144,-0.244,1.87
2026,1,2026-10-09T19:55:12+00:00,CAR,28,27,-4.23,0-1,-22.0,2.08,0.182,0.409,1.87
2026,1,2026-10-09T19:55:12+00:00,CLE,29,28,-4.25,0-1,-24.0,5.0,-0.184,0.338,1.87
2026,1,2026-10-09T19:55:12+00:00,LV,30,31,-5.47,1-0,14.0,-3.35,-0.039,-0.236,1.87
2026,1,2026-10-09T19:55:12+00:00,TEN,31,30,-6.42,0-1,-13.0,-6.57,-0.119,0.168,1.87
2026,1,2026-10-09T19:55:12+00:00,NYJ,32,32,-6.57,1-0,13.0,-6.42,0.168,-0.119,1.87
2026,2,2026-10-09T19:55:12+00:00,SEA,1,1,6.59,2-0,13.5,0.26,0.1,-0.217,1.62
2026,2,2026-10-09T19:55:12+00:00,LA,2,5,4.8,1-1,1.0,1.05,0.013,-0.125,1.62
2026,2,2026-10-09T19:55:12+00:00,BUF,3,3,4.7,2-0,7.5,1.92,0.332,0.151,1.62
2026,2,2026-10-09T19:55:12+00:00,NE,4,4,4.64,1-1,7.0,3.27,-0.09,-0.145,1.62
2026,2,2026-10-09T19:55:12+00:00,JAX,5,2,4.48,1-1,8.5,-0.91,0.145,-0.03,1.62
2026,2,2026-10-09T19:55:12+00:00,SF,6,7,4.04,2-0,21.0,0.46,0.32,-0.133,1.62
2026,2,2026-10-09T19:55:12+00:00,BAL,7,6,3.07,1-1,5.5,-1.14,0.219,-0.046,1.62
2026,2,2026-10-09T19:55:12+00:00,MIN,8,10,2.65,2-0,11.5,1.04,-0.049,-0.15,1.62
2026,2,2026-10-09T19:55:12+00:00,DET,9,9,2.2,1-1,-4.5,1.84,0.116,0.202,1.62
2026,2,2026-10-09T19:55:12+00:00,PHI,10,11,1.97,2-0,3.0,-4.72,0.055,0.067,1.62
2026,2,2026-10-09T19:55:12+00:00,DEN,11,13,1.85,1-1,-7.0,2.59,-0.11,0.058,1.62
2026,2,2026-10-09T19:55:12+00:00,CHI,12,12,1.72,1-1,8.0,0.21,0.142,0.052,1.62
2026,2,2026-10-09T19:55:12+00:00,HOU,13,8,1.63,0-2,-9.5,2.71,-0.089,0.069,1.62
2026,2,2026-10-09T19:55:12+00:00,CIN,14,18,0.72,2-0,10.0,0.22,-0.047,-0.216,1.62
2026,2,2026-10-09T19:55:12+00:00,KC,15,14,0.7,2-0,12.0,0.3,0.197,-0.095,1.62
2026,2,2026-10-09T19:55:12+00:00,GB,16,16,0.37,1-1,-7.0,-1.79,-0.199,-0.063,1.62
2026,2,2026-10-09T19:55:12+00:00,PIT,17,15,-0.06,1-1,-5.0,0.56,-0.329,-0.195,1.62
2026,2,2026-10-09T19:55:12+00:00,NO,18,22,-1.03,1-1,3.0,2.64,0.059,0.058,1.62
2026,2,2026-10-09T19:55:12+00:00,LAC,19,17,-1.07,0-2,-12.0,-4.26,-0.253,0.024,1.62
2026,2,2026-10-09T19:55:12+00:00,TB,20,19,-1.19,0-2,-5.0,-1.47,-0.166,0.004,1.62
2026,2,2026-10-09T19:55:12+00:00,IND,21,20,-1.25,0-2,-10.5,1.89,-0.043,0.275,1.62
2026,2,2026-10-09T19:55:12+00:00,NYG,22,21,-1.95,1-1,-7.0,1.36,-0.03,0.255,1.62
2026,2,2026-10-09T19:55:12+00:00,DAL,23,25,-2.09,1-1,4.5,-2.67,0.224,0.219,1.62
2026,2,2026-10-09T19:55:12+00:00,CAR,24,28,-2.23,1-1,4.5,-0.9,0.162,-0.032,1.62
2026,2,2026-10-09T19:55:12+00:00,WAS,25,24,-3.39,0-2,-9.5,-0.06,0.064,0.149,1.62
2026,2,2026-10-09T19:55:12+00:00,ATL,26,23,-3.53,0-2,-19.0,-1.14,-0.397,-0.08,1.62
2026,2,2026-10-09T19:55:12+00:00,CLE,27,29,-3.66,1-1,-10.0,1.64,-0.087,0.096,1.62
2026,2,2026-10-09T19:55:12+00:00,MIA,28,26,-3.88,0-2,-18.0,-0.18,-0.118,0.211,1.62
2026,2,2026-10-09T19:55:12+00:00,ARI,29,27,-4.11,1-1,-6.0,2.76,-0.091,-0.055,1.62
2026,2,2026-10-09T19:55:12+00:00,LV,30,30,-4.41,2-0,13.0,-2.48,-0.068,-0.248,1.62
2026,2,2026-10-09T19:55:12+00:00,TEN,31,31,-6.05,0-2,-8.5,-2.13,-0.022,0.104,1.62
2026,2,2026-10-09T19:55:12+00:00,NYJ,32,32,-6.23,1-1,5.0,-2.84,0.031,-0.17,1.62
2026,3,2026-10-09T19:55:12+00:00,JAX,1,5,5.89,2-1,15.3,0.64,0.175,-0.104,1.62
2026,3,2026-10-09T19:55:12+00:00,SEA,2,1,5.82,2-1,8.3,-1.24,0.051,-0.172,1.62
2026,3,2026-10-09T19:55:12+00:00,BUF,3,3,4.46,3-0,7.7,0.85,0.214,0.077,1.62
2026,3,2026-10-09T19:55:12+00:00,LA,4,2,4.34,1-2,-0.7,1.35,0.013,-0.086,1.62
2026,3,2026-10-09T19:55:12+00:00,SF,5,6,3.69,3-0,16.0,-1.32,0.376,-0.032,1.62
2026,3,2026-10-09T19:55:12+00:00,NE,6,4,2.99,1-2,-5.0,3.9,-0.144,-0.019,1.62
2026,3,2026-10-09T19:55:12+00:00,BAL,7,7,2.76,2-1,4.7,-1.46,0.19,0.004,1.62
2026,3,2026-10-09T19:55:12+00:00,MIN,8,8,2.71,3-0,10.0,0.01,-0.12,-0.182,1.62
2026,3,2026-10-09T19:55:12+00:00,CHI,9,12,2.48,2-1,12.0,0.49,0.126,-0.067,1.62
2026,3,2026-10-09T19:55:12+00:00,DEN,10,11,2.31,2-1,-3.3,3.89,-0.075,0.044,1.62
2026,3,2026-10-09T19:55:12+00:00,DET,11,9,1.92,2-1,-0.7,-1.07,0.141,0.166,1.62
2026,3,2026-10-09T19:55:12+00:00,HOU,12,13,1.54,0-3,-7.0,1.37,-0.09,0.008,1.62
2026,3,2026-10-09T19:55:12+00:00,KC,13,15,1.43,3-0,12.7,-0.99,0.177,-0.113,1.62
2026,3,2026-10-09T19:55:12+00:00,PHI,14,10,1.04,2-1,-4.7,-2.04,-0.065,0.076,1.62
2026,3,2026-10-09T19:55:12+00:00,CIN,15,14,0.53,2-1,5.7,0.01,0.062,-0.077,1.62
2026,3,2026-10-09T19:55:12+00:00,PIT,16,17,-0.03,2-1,-2.3,0.46,-0.153,-0.037,1.62
2026,3,2026-10-09T19:55:12+00:00,IND,17,21,-0.88,1-2,-6.3,1.91,-0.067,0.153,1.62
2026,3,2026-10-09T19:55:12+00:00,LAC,18,19,-0.9,0-3,-10.7,-0.97,-0.192,0.009,1.62
2026,3,2026-10-09T19:55:12+00:00,GB,19,16,-0.97,1-2,-11.7,-1.82,-0.128,0.069,1.62
2026,3,2026-10-09T19:55:12+00:00,TB,20,20,-1.47,0-3,-5.7,-0.05,-0.192,-0.085,1.62
2026,3,2026-10-09T19:55:12+00:00,NO,21,18,-1.64,1-2,-0.7,0.39,0.018,0.074,1.62
2026,3,2026-10-09T19:55:12+00:00,DAL,22,23,-1.86,1-2,2.0,-0.68,0.184,0.19,1.62
2026,3,2026-10-09T19:55:12+00:00,NYG,23,22,-1.96,2-1,-3.0,-1.09,-0.059,0.121,1.62
2026,3,2026-10-09T19:55:12+00:00,ATL,24,26,-2.15,1-2,-5.7,-1.09,-0.154,-0.049,1.62
2026,3,2026-10-09T19:55:12+00:00,CAR,25,24,-2.28,1-2,2.0,-1.02,0.066,-0.029,1.62
2026,3,2026-10-09T19:55:12+00:00,WAS,26,25,-2.83,1-2,-5.7,1.67,0.016,0.084,1.62
2026,3,2026-10-09T19:55:12+00:00,CLE,27,27,-3.38,2-1,-5.7,0.71,-0.066,0.022,1.62
2026,3,2026-10-09T19:55:12+00:00,LV,28,30,-3.5,3-0,11.3,-2.31,-0.01,-0.187,1.62
2026,3,2026-10-09T19:55:12+00:00,ARI,29,29,-3.88,1-2,-6.0,2.87,-0.004,0.126,1.62
2026,3,2026-10-09T19:55:12+00:00,MIA,30,28,-4.41,0-3,-16.7,0.54,-0.129,0.186,1.62
2026,3,2026-10-09T19:55:12+00:00,TEN,31,31,-5.77,0-3,-7.3,-2.32,-0.063,0.03,1.62
2026,3,2026-10-09T19:55:12+00:00,NYJ,32,32,-6.04,1-2,1.0,-1.61,0.052,-0.05,1.62
2026,4,2026-10-09T19:55:12+00:00,JAX,1,1,5.84,3-1,12.8,0.61,0.179,-0.067,1.49
2026,4,2026-10-09T19:55:12+00:00,SEA,2,2,5.59,3-1,8.0,-1.33,0.016,-0.15,1.49
2026,4,2026-10-09T19:55:12+00:00,LA,3,4,4.32,2-2,0.5,1.32,0.025,-0.136,1.49
2026,4,2026-10-09T19:55:12+00:00,SF,4,5,4.0,4-0,14.5,-0.51,0.312,-0.002,1.49
2026,4,2026-10-09T19:55:12+00:00,BUF,5,3,3.99,3-1,5.0,1.2,0.186,0.105,1.49
2026,4,2026-10-09T19:55:12+00:00,NE,6,6,3.2,2-2,-3.0,3.8,-0.06,0.011,1.49
2026,4,2026-10-09T19:55:12+00:00,BAL,7,7,2.47,3-1,5.0,-2.4,0.184,-0.031,1.49
2026,4,2026-10-09T19:55:12+00:00,MIN,8,8,2.44,4-0,8.8,-1.0,-0.102,-0.187,1.49
2026,4,2026-10-09T19:55:12+00:00,CHI,9,9,2.44,3-1,11.8,-1.09,0.109,-0.084,1.49
2026,4,2026-10-09T19:55:12+00:00,DEN,10,10,1.89,2-2,-5.0,3.89,-0.034,0.063,1.49
2026,4,2026-10-09T19:55:12+00:00,KC,11,13,1.39,4-0,10.2,-1.43,0.165,-0.073,1.49
2026,4,2026-10-09T19:55:12+00:00,DET,12,11,1.35,2-2,-2.0,-1.58,0.15,0.197,1.49
2026,4,2026-10-09T19:55:12+00:00,HOU,13,12,1.1,0-4,-6.2,0.72,-0.008,0.042,1.49
2026,4,2026-10-09T19:55:12+00:00,PHI,14,14,0.82,2-2,-4.5,-0.53,-0.12,0.072,1.49
2026,4,2026-10-09T19:55:12+00:00,CIN,15,15,0.38,2-2,3.0,1.28,0.058,-0.01,1.49
2026,4,2026-10-09T19:55:12+00:00,IND,16,17,-0.1,2-2,-0.5,0.36,-0.072,0.052,1.49
2026,4,2026-10-09T19:55:12+00:00,PIT,17,16,-0.23,2-2,-2.5,-0.09,-0.097,-0.003,1.49
2026,4,2026-10-09T19:55:12+00:00,GB,18,19,-0.75,2-2,-8.0,-1.5,-0.091,0.042,1.49
2026,4,2026-10-09T19:55:12+00:00,LAC,19,18,-0.87,0-4,-9.8,0.5,-0.165,-0.015,1.49
2026,4,2026-10-09T19:55:12+00:00,ATL,20,24,-0.92,2-2,1.0,-1.34,-0.01,-0.055,1.49
2026,4,2026-10-09T19:55:12+00:00,DAL,21,22,-1.41,2-2,2.5,-0.34,0.174,0.202,1.49
2026,4,2026-10-09T19:55:12+00:00,NYG,22,23,-1.43,3-1,0.8,-1.66,-0.065,0.028,1.49
2026,4,2026-10-09T19:55:12+00:00,TB,23,20,-1.6,0-4,-5.0,-0.24,-0.154,-0.059,1.49
2026,4,2026-10-09T19:55:12+00:00,CAR,24,25,-1.7,2-2,3.0,-0.04,0.122,0.023,1.49
2026,4,2026-10-09T19:55:12+00:00,NO,25,21,-2.69,1-3,-5.8,-0.13,-0.005,0.161,1.49
2026,4,2026-10-09T19:55:12+00:00,CLE,26,27,-3.04,3-1,-3.5,0.58,-0.024,0.034,1.49
2026,4,2026-10-09T19:55:12+00:00,LV,27,28,-3.41,3-1,7.8,-1.57,0.004,-0.108,1.49
2026,4,2026-10-09T19:55:12+00:00,WAS,28,26,-3.5,1-3,-8.5,1.23,-0.05,0.041,1.49
2026,4,2026-10-09T19:55:12+00:00,MIA,29,30,-4.1,0-4,-13.8,1.11,-0.148,0.128,1.49
2026,4,2026-10-09T19:55:12+00:00,ARI,30,29,-4.17,1-3,-7.5,1.82,-0.066,0.074,1.49
2026,4,2026-10-09T19:55:12+00:00,TEN,31,31,-5.39,0-4,-7.0,-1.02,-0.082,0.064,1.49
2026,4,2026-10-09T19:55:12+00:00,NYJ,32,32,-5.92,1-3,-2.0,-0.59,0.005,-0.023,1.49
2026,5,2026-10-09T23:30:38+00:00,JAX,1,1,5.9,3-1,12.8,0.64,0.179,-0.067,1.39
2026,5,2026-10-09T23:30:38+00:00,SEA,2,2,5.69,3-1,8.0,-1.24,0.016,-0.15,1.39
2026,5,2026-10-09T23:30:38+00:00,LA,3,3,4.32,2-2,0.5,1.31,0.025,-0.136,1.39
2026,5,2026-10-09T23:30:38+00:00,BUF,4,4,3.9,3-1,5.0,1.22,0.186,0.105,1.39
2026,5,2026-10-09T23:30:38+00:00,SF,5,5,3.85,4-0,14.5,-0.5,0.312,-0.002,1.39
2026,5,2026-10-09T23:30:38+00:00,NE,6,6,3.33,2-2,-3.0,3.81,-0.06,0.011,1.39
2026,5,2026-10-09T23:30:38+00:00,MIN,7,7,2.5,4-0,8.8,-0.9,-0.102,-0.187,1.39
2026,5,2026-10-09T23:30:38+00:00,CHI,8,8,2.48,3-1,11.8,-1.01,0.109,-0.084,1.39
2026,5,2026-10-09T23:30:38+00:00,BAL,9,9,2.25,3-1,5.0,-2.57,0.184,-0.031,1.39
2026,5,2026-10-09T23:30:38+00:00,DEN,10,10,1.94,2-2,-5.0,3.84,-0.034,0.063,1.39
2026,5,2026-10-09T23:30:38+00:00,KC,11,11,1.29,4-0,10.2,-1.43,0.165,-0.073,1.39
2026,5,2026-10-09T23:30:38+00:00,DET,12,12,1.26,2-2,-2.0,-1.56,0.15,0.197,1.39
2026,5,2026-10-09T23:30:38+00:00,HOU,13,13,1.12,0-4,-6.2,0.53,-0.008,0.042,1.39
2026,5,2026-10-09T23:30:38+00:00,PHI,14,14,0.84,2-2,-4.5,-0.48,-0.12,0.072,1.39
2026,5,2026-10-09T23:30:38+00:00,CIN,15,15,0.36,2-2,3.0,1.41,0.058,-0.01,1.39
2026,5,2026-10-09T23:30:38+00:00,IND,16,16,-0.03,2-2,-0.5,0.32,-0.072,0.052,1.39
2026,5,2026-10-09T23:30:38+00:00,PIT,17,17,-0.26,2-2,-2.5,-0.05,-0.097,-0.003,1.39
2026,5,2026-10-09T23:30:38+00:00,GB,18,19,-0.8,2-2,-8.0,-1.32,-0.091,0.042,1.39
2026,5,2026-10-09T23:30:38+00:00,ATL,19,20,-0.81,2-2,1.0,-1.34,-0.01,-0.055,1.39
2026,5,2026-10-09T23:30:38+00:00,LAC,20,18,-0.83,0-4,-9.8,0.5,-0.165,-0.015,1.39
2026,5,2026-10-09T23:30:38+00:00,TB,21,24,-1.11,1-4,-2.4,-0.62,-0.091,-0.057,1.39
2026,5,2026-10-09T23:30:38+00:00,NYG,22,21,-1.38,3-1,0.8,-1.81,-0.065,0.028,1.39
2026,5,2026-10-09T23:30:38+00:00,CAR,23,22,-1.5,2-2,3.0,-0.03,0.122,0.023,1.39
2026,5,2026-10-09T23:30:38+00:00,DAL,24,23,-2.11,2-3,0.4,-0.5,0.13,0.194,1.39
2026,5,2026-10-09T23:30:38+00:00,NO,25,25,-2.78,1-3,-5.8,-0.19,-0.005,0.161,1.39
2026,5,2026-10-09T23:30:38+00:00,CLE,26,26,-3.06,3-1,-3.5,0.76,-0.024,0.034,1.39
2026,5,2026-10-09T23:30:38+00:00,WAS,27,27,-3.38,1-3,-8.5,1.1,-0.05,0.041,1.39
2026,5,2026-10-09T23:30:38+00:00,LV,28,28,-3.48,3-1,7.8,-1.62,0.004,-0.108,1.39
2026,5,2026-10-09T23:30:38+00:00,ARI,29,29,-4.1,1-3,-7.5,1.83,-0.066,0.074,1.39
2026,5,2026-10-09T23:30:38+00:00,MIA,30,30,-4.15,0-4,-13.8,1.04,-0.148,0.128,1.39
2026,5,2026-10-09T23:30:38+00:00,TEN,31,31,-5.36,0-4,-7.0,-1.04,-0.082,0.064,1.39
2026,5,2026-10-09T23:30:38+00:00,NYJ,32,32,-5.87,1-3,-2.0,-0.61,0.005,-0.023,1.39
